{
"type": "FeatureCollection",
"name": "18008",
"crs": { "type": "name", "properties": { "name": "urn:ogc:def:crs:OGC:1.3:CRS84" } },
"features": [
{ "type": "Feature", "properties": { "area_km2": 258.527995777, "PROJECT_NO": 18008.0, "NAME": "Monitoring Strefy Brzegowej", "TYPE": "OTH", "NO": 25, "status": "COMPLETED", "geotechnic": null, "ORIG_FID": 15, "Shape_Leng": 349628.94528400002, "Shape_Area": 258527995.77700001 }, "geometry": { "type": "MultiPolygon", "coordinates": [ [ [ [ 17.681192235412354, 54.785741428751663, 0.0 ], [ 17.680088613179038, 54.785495090484176, 0.0 ], [ 17.679266730313969, 54.785324456850887, 0.0 ], [ 17.678054098018055, 54.785054024045536, 0.0 ], [ 17.676821302069808, 54.78479805276033, 0.0 ], [ 17.676399417289527, 54.784593898947222, 0.0 ], [ 17.675191053310733, 54.784447088896144, 0.0 ], [ 17.673398702672628, 54.784212379671587, 0.0 ], [ 17.671585814535597, 54.783992140499087, 0.0 ], [ 17.671551234956254, 54.783764086506594, 0.0 ], [ 17.669569510946182, 54.783664914359626, 0.0 ], [ 17.669147674785954, 54.783460736455837, 0.0 ], [ 17.667124314724621, 54.78313831774328, 0.0 ], [ 17.66670249646117, 54.782934131417846, 0.0 ], [ 17.66472120646338, 54.782834857559038, 0.0 ], [ 17.664299403578465, 54.782630662952187, 0.0 ], [ 17.661946253679098, 54.782344798785346, 0.0 ], [ 17.661081336789735, 54.782151569959822, 0.0 ], [ 17.659873104974842, 54.782004610706686, 0.0 ], [ 17.659451335396977, 54.781800398500572, 0.0 ], [ 17.656310241806821, 54.781772403522027, 0.0 ], [ 17.656275749944889, 54.781544345582283, 0.0 ], [ 17.65429417891562, 54.781444928320987, 0.0 ], [ 17.653872443518392, 54.781240697787958, 0.0 ], [ 17.650731401026732, 54.781212561337405, 0.0 ], [ 17.650696941037491, 54.780984501069518, 0.0 ], [ 17.648715412472928, 54.780884995600907, 0.0 ], [ 17.648293712845312, 54.780680745862362, 0.0 ], [ 17.646312584398483, 54.780581178506409, 0.0 ], [ 17.644303015073213, 54.780248741513937, 0.0 ], [ 17.642708033265546, 54.780125388071369, 0.0 ], [ 17.642673619283258, 54.779897325742503, 0.0 ], [ 17.641440833431734, 54.779641024135195, 0.0 ], [ 17.640228632349306, 54.779370219024749, 0.0 ], [ 17.639407048649318, 54.779199320478597, 0.0 ], [ 17.638598930805188, 54.779018772513282, 0.0 ], [ 17.636576044878364, 54.778695853914911, 0.0 ], [ 17.636154429756669, 54.778491561481353, 0.0 ], [ 17.634131591756805, 54.778168603267446, 0.0 ], [ 17.633709994538087, 54.777964302421132, 0.0 ], [ 17.632501992597927, 54.777817075351749, 0.0 ], [ 17.631693933711851, 54.777636482576341, 0.0 ], [ 17.629341318251409, 54.77734999863987, 0.0 ], [ 17.628476668443206, 54.777156540512934, 0.0 ], [ 17.627655180323117, 54.776985563750053, 0.0 ], [ 17.626847160091248, 54.776804938881526, 0.0 ], [ 17.624824484349723, 54.776481827198459, 0.0 ], [ 17.624216069530636, 54.776186651335514, 0.0 ], [ 17.616802786844357, 54.775392971677213, 0.0 ], [ 17.61560838860607, 54.775235937453047, 0.0 ], [ 17.614014077664464, 54.775112191044521, 0.0 ], [ 17.613206158496972, 54.774931476738978, 0.0 ], [ 17.612384783015795, 54.774760398049708, 0.0 ], [ 17.611576876726975, 54.774579672946409, 0.0 ], [ 17.608667982991118, 54.774225001143776, 0.0 ], [ 17.604405460688199, 54.773893943479138, 0.0 ], [ 17.602396582080789, 54.773560824900052, 0.0 ], [ 17.600415931354938, 54.773460524113631, 0.0 ], [ 17.59999455617471, 54.773256108129218, 0.0 ], [ 17.59840037564469, 54.773132160809965, 0.0 ], [ 17.597979014163883, 54.772927736992976, 0.0 ], [ 17.596167443729129, 54.772706369446588, 0.0 ], [ 17.593732371884148, 54.772385477191541, 0.0 ], [ 17.59295935558513, 54.772010264484237, 0.0 ], [ 17.587936659503718, 54.771513425350832, 0.0 ], [ 17.586742495060722, 54.771356112661913, 0.0 ], [ 17.58514843257943, 54.77123199541159, 0.0 ], [ 17.584727159859405, 54.771027526024106, 0.0 ], [ 17.58351955198518, 54.770879821392235, 0.0 ], [ 17.58265526706106, 54.770686042197354, 0.0 ], [ 17.58030342323276, 54.770398625788552, 0.0 ], [ 17.579882182241178, 54.770194140621193, 0.0 ], [ 17.578674619186945, 54.770046388001802, 0.0 ], [ 17.577866963724844, 54.769865442421604, 0.0 ], [ 17.576055646337817, 54.76964378036876, 0.0 ], [ 17.574264559364053, 54.769407634135447, 0.0 ], [ 17.572670615969098, 54.769283355358709, 0.0 ], [ 17.572139075857859, 54.769025157055388, 0.0 ], [ 17.565910164379041, 54.769013587902407, 0.0 ], [ 17.562809353456814, 54.768750248706198, 0.0 ], [ 17.560442625570428, 54.768672805746341, 0.0 ], [ 17.560021503716932, 54.768468253153181, 0.0 ], [ 17.554484791928338, 54.768457248507637, 0.0 ], [ 17.553328055430736, 54.768197709895112, 0.0 ], [ 17.552060274174746, 54.768053363972207, 0.0 ], [ 17.54993340216145, 54.768859715782575, 0.0 ], [ 17.549515513991551, 54.76888023227437, 0.0 ], [ 17.548690931891901, 54.768479242110715, 0.0 ], [ 17.547442178301548, 54.768107955726272, 0.0 ], [ 17.547021128691366, 54.767903357509084, 0.0 ], [ 17.544999563444598, 54.767578941705708, 0.0 ], [ 17.544578533311132, 54.767374335117545, 0.0 ], [ 17.542598348876886, 54.767273109995074, 0.0 ], [ 17.542032614124924, 54.766997910478636, 0.0 ], [ 17.539383014880144, 54.766790851837222, 0.0 ], [ 17.538189187577181, 54.766633071128446, 0.0 ], [ 17.536595475102754, 54.766508328589275, 0.0 ], [ 17.53578808415368, 54.766327107910321, 0.0 ], [ 17.5338079752275, 54.766225743296737, 0.0 ], [ 17.532614188763063, 54.766067907951168, 0.0 ], [ 17.531020516883235, 54.765943094183164, 0.0 ], [ 17.530213161143877, 54.765761837476212, 0.0 ], [ 17.528619510792886, 54.765636992290695, 0.0 ], [ 17.528198584330706, 54.765432329406458, 0.0 ], [ 17.526044356823558, 54.765086111615958, 0.0 ], [ 17.523003565435424, 54.764848158991562, 0.0 ], [ 17.522196269768589, 54.764666849258873, 0.0 ], [ 17.520216281299472, 54.764565267042798, 0.0 ], [ 17.519795410327806, 54.764360576205256, 0.0 ], [ 17.517429038675871, 54.764282313081225, 0.0 ], [ 17.517008183338923, 54.764077611748881, 0.0 ], [ 17.514641834531783, 54.763999295273621, 0.0 ], [ 17.514220997873149, 54.76379458528244, 0.0 ], [ 17.513013877600425, 54.763646192297337, 0.0 ], [ 17.512206653202455, 54.76346481647829, 0.0 ], [ 17.510396002401972, 54.763242194835257, 0.0 ], [ 17.507962217151874, 54.762919614236765, 0.0 ], [ 17.507341430062048, 54.762617174838056, 0.0 ], [ 17.505729556778011, 54.762280205746904, 0.0 ], [ 17.505308783388887, 54.762075464264697, 0.0 ], [ 17.502958021230803, 54.761786578702512, 0.0 ], [ 17.50209432641817, 54.761592236046042, 0.0 ], [ 17.501273707526291, 54.761420419250413, 0.0 ], [ 17.500466579579026, 54.761238967606509, 0.0 ], [ 17.498445736862795, 54.760913788980503, 0.0 ], [ 17.498025014727876, 54.760709023397844, 0.0 ], [ 17.496818049831592, 54.760560471899993, 0.0 ], [ 17.49481075761565, 54.760225605054089, 0.0 ], [ 17.493603819406214, 54.760077022618034, 0.0 ], [ 17.49316718893461, 54.759864382432447, 0.0 ], [ 17.490776042695749, 54.759570217292918, 0.0 ], [ 17.490355373621924, 54.759365424489658, 0.0 ], [ 17.489148479652513, 54.759216797975022, 0.0 ], [ 17.488341452647749, 54.75903526710426, 0.0 ], [ 17.486320441660268, 54.758709913464038, 0.0 ], [ 17.486286927492941, 54.758481801120276, 0.0 ], [ 17.483920599733253, 54.758402919766432, 0.0 ], [ 17.483499977680509, 54.758198104337069, 0.0 ], [ 17.4791369045459, 54.75772567829798, 0.0 ], [ 17.476333797922074, 54.757504959056511, 0.0 ], [ 17.475140504750293, 54.75734656987543, 0.0 ], [ 17.473547369040809, 54.757221015774512, 0.0 ], [ 17.471967734343476, 54.757085814686725, 0.0 ], [ 17.469601899469108, 54.757006638708333, 0.0 ], [ 17.469181365037116, 54.756801773222826, 0.0 ], [ 17.466042457006019, 54.756768963132124, 0.0 ], [ 17.466009058446506, 54.756540844052545, 0.0 ], [ 17.462870174693247, 54.756507952894886, 0.0 ], [ 17.459771049639315, 54.75624203548697, 0.0 ], [ 17.456179468300331, 54.756232166593229, 0.0 ], [ 17.45575901205498, 54.756027255042419, 0.0 ], [ 17.450647942997612, 54.755886577591198, 0.0 ], [ 17.450227517056494, 54.755681647032844, 0.0 ], [ 17.446702741010935, 54.755671472410022, 0.0 ], [ 17.445509622804288, 54.755512797212226, 0.0 ], [ 17.441944097873517, 54.755279219885097, 0.0 ], [ 17.44036465323763, 54.755143616390377, 0.0 ], [ 17.435352583138492, 54.755090294981549, 0.0 ], [ 17.433674355652357, 54.754866616992302, 0.0 ], [ 17.429714783207135, 54.754824209116215, 0.0 ], [ 17.426984156270542, 54.754589257167865, 0.0 ], [ 17.42072478021602, 54.75452167654084, 0.0 ], [ 17.420294056756369, 54.75431153784794, 0.0 ], [ 17.414560579750209, 54.754249296900952, 0.0 ], [ 17.413604058878793, 54.75403345726788, 0.0 ], [ 17.411254455591884, 54.753742831054275, 0.0 ], [ 17.410391386546092, 54.753547848203105, 0.0 ], [ 17.408412263690714, 54.753444481223255, 0.0 ], [ 17.407605724383703, 54.753262423330909, 0.0 ], [ 17.405240266748269, 54.753182021045326, 0.0 ], [ 17.404820101051246, 54.752976935591121, 0.0 ], [ 17.399709643290272, 54.752834161791789, 0.0 ], [ 17.399289509498768, 54.752629057372118, 0.0 ], [ 17.39457525288023, 54.752613699400463, 0.0 ], [ 17.39259995811944, 54.752349845061381, 0.0 ], [ 17.381682702466072, 54.752341593796046, 0.0 ], [ 17.38123379100708, 54.752122271960459, 0.0 ], [ 17.378482105559808, 54.752064293401098, 0.0 ], [ 17.378062088461402, 54.751859116187092, 0.0 ], [ 17.375696785396968, 54.75177815115871, 0.0 ], [ 17.374890430174357, 54.75159587953889, 0.0 ], [ 17.372525149983275, 54.751514853685954, 0.0 ], [ 17.372105169022383, 54.751309656960309, 0.0 ], [ 17.369739912090601, 54.751228578722412, 0.0 ], [ 17.369319948381275, 54.751023371557096, 0.0 ], [ 17.367727422050603, 54.750896459090832, 0.0 ], [ 17.367307472064773, 54.750691245036549, 0.0 ], [ 17.364555911238284, 54.750632957550025, 0.0 ], [ 17.364135980180226, 54.750427733528824, 0.0 ], [ 17.361770793593148, 54.750346502987988, 0.0 ], [ 17.36135088134332, 54.750141268550152, 0.0 ], [ 17.359225784669189, 54.749877395162386, 0.0 ], [ 17.356200683060347, 54.749773405456715, 0.0 ], [ 17.355780803697364, 54.749568151921849, 0.0 ], [ 17.353802033082225, 54.74946391477441, 0.0 ], [ 17.351796523376599, 54.7491267293193, 0.0 ], [ 17.350203752133375, 54.748999613874126, 0.0 ], [ 17.350171009881127, 54.748771458232881, 0.0 ], [ 17.348151670078941, 54.748443849807536, 0.0 ], [ 17.347345508249045, 54.74826139802385, 0.0 ], [ 17.346525838090471, 54.748088553833149, 0.0 ], [ 17.345719690818516, 54.747906091327984, 0.0 ], [ 17.344109794475877, 54.747567015033965, 0.0 ], [ 17.343667349687994, 54.747350274798229, 0.0 ], [ 17.34164851370528, 54.747022536141102, 0.0 ], [ 17.341018852848475, 54.746714580216718, 0.0 ], [ 17.339209949629417, 54.746489455675878, 0.0 ], [ 17.338790192619118, 54.746284144046335, 0.0 ], [ 17.337520741104221, 54.746126331291805, 0.0 ], [ 17.335965392130507, 54.745773799759391, 0.0 ], [ 17.335145822026046, 54.745600880150249, 0.0 ], [ 17.332153733843146, 54.744827481708938, 0.0 ], [ 17.330655417009268, 54.744511636980121, 0.0 ], [ 17.330235724144096, 54.744306296111532, 0.0 ], [ 17.327846750222935, 54.744008984976972, 0.0 ], [ 17.327411174004581, 54.743795755885493, 0.0 ], [ 17.325801597970226, 54.743456440275075, 0.0 ], [ 17.325359298270158, 54.743239634103446, 0.0 ], [ 17.323749763469444, 54.742900291517145, 0.0 ], [ 17.323307480885713, 54.742683477959318, 0.0 ], [ 17.321697984213792, 54.742344108355759, 0.0 ], [ 17.321255718746389, 54.742127287412288, 0.0 ], [ 17.320049995652848, 54.741977012778179, 0.0 ], [ 17.318841146650868, 54.741703056644504, 0.0 ], [ 17.317612029157203, 54.741443504338314, 0.0 ], [ 17.317192436187515, 54.741238118923199, 0.0 ], [ 17.315173749079605, 54.740909969888257, 0.0 ], [ 17.31514121272939, 54.740681804169412, 0.0 ], [ 17.312752930041011, 54.740490403922152, 0.0 ], [ 17.311517495311843, 54.740210011685079, 0.0 ], [ 17.306822019423119, 54.740047055922155, 0.0 ], [ 17.306016216651447, 54.739864334315307, 0.0 ], [ 17.302492949143112, 54.739850065320219, 0.0 ], [ 17.297178261743525, 54.739331727534115, 0.0 ], [ 17.296119431414091, 54.739091509894266, 0.0 ], [ 17.293755070167901, 54.739008981547471, 0.0 ], [ 17.293335624618333, 54.738803513625648, 0.0 ], [ 17.291357561370358, 54.738698278324307, 0.0 ], [ 17.290938129719319, 54.738492803082849, 0.0 ], [ 17.289346360877346, 54.738364882382704, 0.0 ], [ 17.288137832589072, 54.73809062490087, 0.0 ], [ 17.286909028376698, 54.737830766981347, 0.0 ], [ 17.286489628442531, 54.737625276544641, 0.0 ], [ 17.283843387360545, 54.737412756290837, 0.0 ], [ 17.283279853002902, 54.737136365853765, 0.0 ], [ 17.281301900391384, 54.737030969020061, 0.0 ], [ 17.280882537433175, 54.736825459420864, 0.0 ], [ 17.279677130792358, 54.736674791673529, 0.0 ], [ 17.277394523976813, 54.736367683125252, 0.0 ], [ 17.275694998411737, 54.736230916802022, 0.0 ], [ 17.2752756739857, 54.736025388065549, 0.0 ], [ 17.274070311449346, 54.735874665746202, 0.0 ], [ 17.273264744693879, 54.735691729812643, 0.0 ], [ 17.271456730146387, 54.735465613832041, 0.0 ], [ 17.269026623669291, 54.73513833641853, 0.0 ], [ 17.268414805544321, 54.734838263264763, 0.0 ], [ 17.266026489041039, 54.734539779564479, 0.0 ], [ 17.265994233723891, 54.734311598874164, 0.0 ], [ 17.264402335514568, 54.734183379282968, 0.0 ], [ 17.262398357180469, 54.733844741523548, 0.0 ], [ 17.260420626070282, 54.733739011789844, 0.0 ], [ 17.260001405585431, 54.733533430884485, 0.0 ], [ 17.258796178304706, 54.733382559403253, 0.0 ], [ 17.257946236159853, 54.73318933952779, 0.0 ], [ 17.252417775511432, 54.732626554304481, 0.0 ], [ 17.251998607555652, 54.732420945166261, 0.0 ], [ 17.250770211746591, 54.732160728122672, 0.0 ], [ 17.249562139204844, 54.731886092714582, 0.0 ], [ 17.248357000110708, 54.731735119820158, 0.0 ], [ 17.247937862092005, 54.731529497726207, 0.0 ], [ 17.245920622284373, 54.73120019476675, 0.0 ], [ 17.245478889364911, 54.7309831000264, 0.0 ], [ 17.243870532139269, 54.730642715683025, 0.0 ], [ 17.243451428337075, 54.730437078288602, 0.0 ], [ 17.242206715141212, 54.730062702945411, 0.0 ], [ 17.2417650146181, 54.729845594867221, 0.0 ], [ 17.240156734453119, 54.729505161743035, 0.0 ], [ 17.23973766139574, 54.729299510795876, 0.0 ], [ 17.238129420306819, 54.728959051925067, 0.0 ], [ 17.237665145932034, 54.728730463450368, 0.0 ], [ 17.236056943703304, 54.728389977321626, 0.0 ], [ 17.235219248340258, 54.727978623738295, 0.0 ], [ 17.234353359811085, 54.727586533845226, 0.0 ], [ 17.234321288984955, 54.727358344052483, 0.0 ], [ 17.233032563191482, 54.726971022204879, 0.0 ], [ 17.232022095889107, 54.726474506880578, 0.0 ], [ 17.231373291745452, 54.726180390534957, 0.0 ], [ 17.230954300888104, 54.72597470973701, 0.0 ], [ 17.23008887651855, 54.725582567545487, 0.0 ], [ 17.229251299848734, 54.725171172505803, 0.0 ], [ 17.228006882679239, 54.724796653213296, 0.0 ], [ 17.227587923251424, 54.724590960963909, 0.0 ], [ 17.226343539498568, 54.72421642390497, 0.0 ], [ 17.224566662979502, 54.723588566438529, 0.0 ], [ 17.223835616326927, 54.723229563456471, 0.0 ], [ 17.222591311018551, 54.722854988379858, 0.0 ], [ 17.222149797637957, 54.722637809079622, 0.0 ], [ 17.220541973292043, 54.722297119567656, 0.0 ], [ 17.220100477033931, 54.722079932908905, 0.0 ], [ 17.218492692460408, 54.721739216472898, 0.0 ], [ 17.218073813184901, 54.721533490929616, 0.0 ], [ 17.216466067697684, 54.721192748765297, 0.0 ], [ 17.216024605438438, 54.720975547472143, 0.0 ], [ 17.214736639612273, 54.720588011228564, 0.0 ], [ 17.213540041416724, 54.719999485360503, 0.0 ], [ 17.212691483144678, 54.719819562454305, 0.0 ], [ 17.212659542551282, 54.719591364950517, 0.0 ], [ 17.211780952953237, 54.719405246568705, 0.0 ], [ 17.210570677807457, 54.71880999831604, 0.0 ], [ 17.209326633900901, 54.718435288741489, 0.0 ], [ 17.208698440177475, 54.718126652698643, 0.0 ], [ 17.208049942906694, 54.717832411623817, 0.0 ], [ 17.207631158688404, 54.717626651478632, 0.0 ], [ 17.206766144032617, 54.717234343525853, 0.0 ], [ 17.205928982156227, 54.716822788999707, 0.0 ], [ 17.204685044132429, 54.716448032458842, 0.0 ], [ 17.204266289821483, 54.716242259953461, 0.0 ], [ 17.200933588070889, 54.715297951627257, 0.0 ], [ 17.200129467873957, 54.714902517085427, 0.0 ], [ 17.198902088648691, 54.714748423030414, 0.0 ], [ 17.198058260420183, 54.714332800140788, 0.0 ], [ 17.196450973967359, 54.71399179550798, 0.0 ], [ 17.196032288633678, 54.713785994099368, 0.0 ], [ 17.195383956276732, 54.713491687202463, 0.0 ], [ 17.194733358753563, 54.713171505493854, 0.0 ], [ 17.193126148473464, 54.712830457280369, 0.0 ], [ 17.192707492076462, 54.712624644563753, 0.0 ], [ 17.188634424270383, 54.711527658794459, 0.0 ], [ 17.188185365465351, 54.71130684531758, 0.0 ], [ 17.186941763003141, 54.710931907943831, 0.0 ], [ 17.186523159273793, 54.710726075106294, 0.0 ], [ 17.185279591701295, 54.710351121812252, 0.0 ], [ 17.18486100247933, 54.710145282424364, 0.0 ], [ 17.184428873599174, 54.709949038059598, 0.0 ], [ 17.184010292849724, 54.709743195783872, 0.0 ], [ 17.183578173971295, 54.709546947561094, 0.0 ], [ 17.182322773006991, 54.708928949316395, 0.0 ], [ 17.180810127859317, 54.70824251523878, 0.0 ], [ 17.180182314695596, 54.707933732003667, 0.0 ], [ 17.179317778463329, 54.707541230288818, 0.0 ], [ 17.178481101156034, 54.70712948743315, 0.0 ], [ 17.177237720570776, 54.706754451922329, 0.0 ], [ 17.176609957707061, 54.706445650486593, 0.0 ], [ 17.175745864593825, 54.706053102392339, 0.0 ], [ 17.175118123955887, 54.705744293361931, 0.0 ], [ 17.173874818833713, 54.705369223843526, 0.0 ], [ 17.173433762540022, 54.70515186819641, 0.0 ], [ 17.171827054665513, 54.704810540876863, 0.0 ], [ 17.171408592630428, 54.704604655817818, 0.0 ], [ 17.169393338741941, 54.704274097462473, 0.0 ], [ 17.168765675848242, 54.703965256037549, 0.0 ], [ 17.166959687976341, 54.703737606512689, 0.0 ], [ 17.166518688300705, 54.70352022608072, 0.0 ], [ 17.164912104784701, 54.703178807922178, 0.0 ], [ 17.164493694937967, 54.70297289932622, 0.0 ], [ 17.162887152086473, 54.702631455507436, 0.0 ], [ 17.162446184848086, 54.702414060450586, 0.0 ], [ 17.161798282627572, 54.70211957395933, 0.0 ], [ 17.16117071124804, 54.701810693784537, 0.0 ], [ 17.159564243075693, 54.701469205513341, 0.0 ], [ 17.15872782242025, 54.701056890337185, 0.0 ], [ 17.157880290634814, 54.700876566874193, 0.0 ], [ 17.156908562223546, 54.700654478273648, 0.0 ], [ 17.154464589261654, 54.699889203640971, 0.0 ], [ 17.153328293554907, 54.699329311500975, 0.0 ], [ 17.152085391079737, 54.698954021120699, 0.0 ], [ 17.151667091822397, 54.698748068056801, 0.0 ], [ 17.150424222725242, 54.698372760856635, 0.0 ], [ 17.149194923292924, 54.697987849448239, 0.0 ], [ 17.148377143405174, 54.697813686243059, 0.0 ], [ 17.147405541463964, 54.697591523188116, 0.0 ], [ 17.14503722595061, 54.69684949019129, 0.0 ], [ 17.143472199252884, 54.696516444737782, 0.0 ], [ 17.143053969119105, 54.696310462390805, 0.0 ], [ 17.142406309155554, 54.696015873815249, 0.0 ], [ 17.141778982209861, 54.695706893904756, 0.0 ], [ 17.140536300670895, 54.695331485649234, 0.0 ], [ 17.14009553624221, 54.695114010592235, 0.0 ], [ 17.138489514889557, 54.694772246876759, 0.0 ], [ 17.137685396450191, 54.694588422789337, 0.0 ], [ 17.135670925895617, 54.694257312687022, 0.0 ], [ 17.135252760482029, 54.694051302950712, 0.0 ], [ 17.131271377026618, 54.69339682448804, 0.0 ], [ 17.13000176240007, 54.692999071582214, 0.0 ], [ 17.128759274564857, 54.692623544767052, 0.0 ], [ 17.128318603193659, 54.692406026595918, 0.0 ], [ 17.126712792423774, 54.69206410915956, 0.0 ], [ 17.126294695379443, 54.691858069862754, 0.0 ], [ 17.124688923746529, 54.691516126772321, 0.0 ], [ 17.124225731594866, 54.691287107466593, 0.0 ], [ 17.122620000479298, 54.690945136337582, 0.0 ], [ 17.122201935878991, 54.690739083132506, 0.0 ], [ 17.120596243903144, 54.690397086352526, 0.0 ], [ 17.120133087770228, 54.690168051639489, 0.0 ], [ 17.118527058144284, 54.689826048824131, 0.0 ], [ 17.118495677606308, 54.689597823709057, 0.0 ], [ 17.116889684628564, 54.689255800340064, 0.0 ], [ 17.116449115437739, 54.689038238791518, 0.0 ], [ 17.114435101450212, 54.688706781559034, 0.0 ], [ 17.1139945499303, 54.688489211191126, 0.0 ], [ 17.112389019442912, 54.688147107679129, 0.0 ], [ 17.111971035993683, 54.687941018814698, 0.0 ], [ 17.111123992855585, 54.687760372658012, 0.0 ], [ 17.110288356439973, 54.687347725739279, 0.0 ], [ 17.108682903127868, 54.687005573650339, 0.0 ], [ 17.108264950359654, 54.68679947220236, 0.0 ], [ 17.107022858160715, 54.686423725212002, 0.0 ], [ 17.105794343261312, 54.686038378939827, 0.0 ], [ 17.104976996797642, 54.685863927683407, 0.0 ], [ 17.103684886821242, 54.685458403747376, 0.0 ], [ 17.102120272591527, 54.685124853525771, 0.0 ], [ 17.102088988836588, 54.684896623874764, 0.0 ], [ 17.100846636318515, 54.684520836331735, 0.0 ], [ 17.100428749142278, 54.684314708284418, 0.0 ], [ 17.097141183510505, 54.683378953794637, 0.0 ], [ 17.095912857497996, 54.682993507728817, 0.0 ], [ 17.094670999377829, 54.682617635724213, 0.0 ], [ 17.094253164883558, 54.682411486740016, 0.0 ], [ 17.09301134014822, 54.682035597949721, 0.0 ], [ 17.092593520111301, 54.681829443336426, 0.0 ], [ 17.091351730311381, 54.68145353778592, 0.0 ], [ 17.090918094212125, 54.681239467532045, 0.0 ], [ 17.088534308270223, 54.680937544541514, 0.0 ], [ 17.088503105096343, 54.680709310990423, 0.0 ], [ 17.086377402710326, 54.680534945312914, 0.0 ], [ 17.085685772092241, 54.680193252132561, 0.0 ], [ 17.083642556948018, 54.679756802837701, 0.0 ], [ 17.081232263801773, 54.679204213649712, 0.0 ], [ 17.080006614062803, 54.678942290553486, 0.0 ], [ 17.079550207505154, 54.678512690110111, 0.0 ], [ 17.078903300854382, 54.678217764633857, 0.0 ], [ 17.077895974849366, 54.677719975579755, 0.0 ], [ 17.076610738901994, 54.677330990078389, 0.0 ], [ 17.076193052687621, 54.677124778926419, 0.0 ], [ 17.074951561055688, 54.676748707348395, 0.0 ], [ 17.074511356876872, 54.676530994913719, 0.0 ], [ 17.072906642173933, 54.676188374912172, 0.0 ], [ 17.072488986635083, 54.675982151195555, 0.0 ], [ 17.071203858226383, 54.675593109973974, 0.0 ], [ 17.070405509050595, 54.675198373435634, 0.0 ], [ 17.06916413225477, 54.674822243354534, 0.0 ], [ 17.068746509856179, 54.67461600695475, 0.0 ], [ 17.067746263685166, 54.674160043128943, 0.0 ], [ 17.065421876993664, 54.673455996126059, 0.0 ], [ 17.065004289284161, 54.673249747070109, 0.0 ], [ 17.06435757427527, 54.672954745219577, 0.0 ], [ 17.063708682255072, 54.672633866712737, 0.0 ], [ 17.062104216446141, 54.672291105391345, 0.0 ], [ 17.061686657687211, 54.672084844193598, 0.0 ], [ 17.059673947866028, 54.671752489739603, 0.0 ], [ 17.059233881746461, 54.671534722737526, 0.0 ], [ 17.057629496633052, 54.671191902713439, 0.0 ], [ 17.057003213757934, 54.670882486746116, 0.0 ], [ 17.055199356265156, 54.670653199122739, 0.0 ], [ 17.054781849693065, 54.67044691448833, 0.0 ], [ 17.053579298491098, 54.670294036265261, 0.0 ], [ 17.051131587346518, 54.669959383867457, 0.0 ], [ 17.050346052323189, 54.669570856871069, 0.0 ], [ 17.049483614247407, 54.669177437565182, 0.0 ], [ 17.048649072183341, 54.668764806319111, 0.0 ], [ 17.047408098359867, 54.668388455255617, 0.0 ], [ 17.046596041312352, 54.667986873484892, 0.0 ], [ 17.044948441740804, 54.667634457520457, 0.0 ], [ 17.044483881154164, 54.667196403790001, 0.0 ], [ 17.043489331923318, 54.666306817617944, 0.0 ], [ 17.04270302464699, 54.665948253818307, 0.0 ], [ 17.042672094680189, 54.665720006638729, 0.0 ], [ 17.04046683341231, 54.664270309189, 0.0 ], [ 17.040435917048377, 54.664042061490974, 0.0 ], [ 17.039449561333431, 54.663355991706148, 0.0 ], [ 17.038161112316907, 54.66214067920518, 0.0 ], [ 17.037691784841655, 54.661720499886393, 0.0 ], [ 17.03723603029675, 54.661290738920982, 0.0 ], [ 17.036342631851042, 54.660668998722301, 0.0 ], [ 17.035385984480907, 54.659590837812587, 0.0 ], [ 17.031871190965028, 54.657312851290918, 0.0 ], [ 17.031840330331992, 54.657084600740575, 0.0 ], [ 17.03017510394606, 54.656506541509337, 0.0 ], [ 17.030144253334569, 54.6562782905809, 0.0 ], [ 17.029281922525797, 54.655884749681398, 0.0 ], [ 17.02795417294741, 54.655227633197384, 0.0 ], [ 17.027099169836053, 54.65442037394061, 0.0 ], [ 17.026668415459188, 54.654223571475661, 0.0 ], [ 17.026212865034985, 54.653793768449233, 0.0 ], [ 17.025566749797544, 54.65349856088676, 0.0 ], [ 17.024732406543212, 54.653085785002091, 0.0 ], [ 17.024086314936611, 54.65279056881549, 0.0 ], [ 17.023192016976601, 54.651946298004354, 0.0 ], [ 17.022737823111637, 54.651738914814722, 0.0 ], [ 17.02210674597049, 54.651143228734504, 0.0 ], [ 17.017757161471174, 54.648322174706344, 0.0 ], [ 17.016396454656281, 54.647700746312722, 0.0 ], [ 17.015562328003796, 54.647287906901596, 0.0 ], [ 17.014916396635687, 54.646992641959322, 0.0 ], [ 17.01402242267352, 54.64614830362018, 0.0 ], [ 17.013568341888501, 54.645940885898476, 0.0 ], [ 17.013113027740886, 54.645511033253044, 0.0 ], [ 17.012588956497535, 54.645041444664614, 0.0 ], [ 17.010890726077342, 54.644265880818203, 0.0 ], [ 17.003164002055048, 54.639322440942713, 0.0 ], [ 17.001821130060055, 54.638708683375043, 0.0 ], [ 17.000095019563634, 54.637673737106688, 0.0 ], [ 16.999449356281364, 54.637378389673735, 0.0 ], [ 16.998444046013564, 54.636879942182304, 0.0 ], [ 16.997160886871349, 54.636490120594047, 0.0 ], [ 16.996744034698658, 54.636283636764951, 0.0 ], [ 16.995504551928644, 54.635906757358143, 0.0 ], [ 16.99504954589861, 54.635476836954723, 0.0 ], [ 16.994619153602994, 54.635279920287417, 0.0 ], [ 16.994147780999612, 54.634834177158581, 0.0 ], [ 16.993094998011834, 54.634352908306099, 0.0 ], [ 16.991603327136357, 54.633613503873299, 0.0 ], [ 16.991546709865553, 54.633192847456975, 0.0 ], [ 16.990458405801839, 54.632959409488151, 0.0 ], [ 16.989852078310072, 54.63238599631341, 0.0 ], [ 16.98868772985626, 54.631853704220006, 0.0 ], [ 16.986782720671037, 54.630710602175412, 0.0 ], [ 16.985925920305164, 54.629900143719759, 0.0 ], [ 16.985495632694168, 54.629703195338443, 0.0 ], [ 16.98461731042935, 54.629071497727011, 0.0 ], [ 16.983971900847269, 54.628776068627118, 0.0 ], [ 16.983346848597407, 54.628466273102902, 0.0 ], [ 16.981952636039797, 54.628042030975742, 0.0 ], [ 16.979535694954773, 54.626650518181272, 0.0 ], [ 16.979105472759713, 54.626453546638444, 0.0 ], [ 16.978650752180762, 54.626023564654375, 0.0 ], [ 16.977555559378729, 54.625259513879769, 0.0 ], [ 16.976103459082712, 54.624817762236809, 0.0 ], [ 16.974378611037412, 54.623782449844299, 0.0 ], [ 16.973189985612471, 54.623238622952947, 0.0 ], [ 16.971712055694582, 54.622291613639959, 0.0 ], [ 16.970523509527361, 54.621747760209686, 0.0 ], [ 16.970068934733508, 54.621317745141006, 0.0 ], [ 16.969271765653573, 54.620952795073727, 0.0 ], [ 16.967490983795365, 54.61988353726251, 0.0 ], [ 16.966252278906534, 54.619506359531833, 0.0 ], [ 16.965627508711194, 54.619196473602464, 0.0 ], [ 16.964982398665892, 54.618900942689351, 0.0 ], [ 16.964527915432846, 54.618470906515228, 0.0 ], [ 16.964097853990822, 54.618273882761628, 0.0 ], [ 16.963681362508982, 54.618067284931612, 0.0 ], [ 16.963250933463293, 54.617870278876985, 0.0 ], [ 16.963220499215709, 54.617642008794945, 0.0 ], [ 16.962359657164907, 54.617247991968739, 0.0 ], [ 16.961527094615796, 54.616834761690001, 0.0 ], [ 16.9604290323024, 54.616332008023711, 0.0 ], [ 16.957167639175236, 54.614543859401159, 0.0 ], [ 16.956188720617316, 54.614095631808539, 0.0 ], [ 16.9553559140437, 54.613682378870195, 0.0 ], [ 16.954710966081379, 54.613386794341658, 0.0 ], [ 16.953878563430724, 54.612973510795783, 0.0 ], [ 16.952247788719898, 54.612622596486965, 0.0 ], [ 16.951831416872484, 54.61241595873468, 0.0 ], [ 16.950593090744352, 54.612038622678142, 0.0 ], [ 16.950176733360639, 54.611831978439071, 0.0 ], [ 16.94893843902592, 54.611454625675449, 0.0 ], [ 16.948142572165693, 54.611059086728183, 0.0 ], [ 16.946717763421873, 54.610625197941872, 0.0 ], [ 16.944458181260362, 54.610139349101985, 0.0 ], [ 16.944019416027015, 54.609921164720049, 0.0 ], [ 16.942819090665907, 54.609767198957087, 0.0 ], [ 16.941456062392188, 54.609336404092765, 0.0 ], [ 16.940325308481064, 54.60877452775604, 0.0 ], [ 16.938724439196793, 54.608430147993815, 0.0 ], [ 16.937931210487744, 54.608035724536116, 0.0 ], [ 16.935710059483117, 54.607203063393165, 0.0 ], [ 16.934939339865402, 54.60682014165593, 0.0 ], [ 16.933701344668389, 54.606442634390561, 0.0 ], [ 16.932905726283966, 54.606046997090772, 0.0 ], [ 16.931624187311879, 54.605656485913698, 0.0 ], [ 16.931207993602403, 54.605449777638555, 0.0 ], [ 16.930348103290552, 54.605055514171845, 0.0 ], [ 16.929516122926252, 54.604642064409553, 0.0 ], [ 16.928278246497275, 54.604264502573848, 0.0 ], [ 16.927862084064721, 54.604057783017076, 0.0 ], [ 16.925275759622409, 54.603043139886395, 0.0 ], [ 16.924516405707699, 54.602665695800312, 0.0 ], [ 16.92327863643391, 54.602288082732152, 0.0 ], [ 16.922862519736558, 54.602081345415897, 0.0 ], [ 16.921201897283037, 54.601501756702035, 0.0 ], [ 16.920577754109718, 54.601191639285602, 0.0 ], [ 16.919933264515461, 54.600895870196929, 0.0 ], [ 16.919517180638195, 54.600689121630396, 0.0 ], [ 16.918279518470872, 54.600311458238586, 0.0 ], [ 16.917055448316454, 54.599924215902341, 0.0 ], [ 16.915817832616117, 54.599546527689171, 0.0 ], [ 16.915401783549829, 54.599339765230894, 0.0 ], [ 16.914542180933513, 54.598945389823633, 0.0 ], [ 16.913710489752447, 54.598531832650544, 0.0 ], [ 16.912472947861943, 54.598154109886806, 0.0 ], [ 16.912056930064978, 54.597947336155755, 0.0 ], [ 16.910819423061088, 54.597569596762447, 0.0 ], [ 16.910403419676314, 54.597362817453281, 0.0 ], [ 16.908743172204264, 54.596783058833516, 0.0 ], [ 16.908327187445213, 54.596576272523492, 0.0 ], [ 16.907089757225322, 54.596198495573638, 0.0 ], [ 16.906673786877853, 54.595991703686437, 0.0 ], [ 16.904666160962307, 54.595656802226657, 0.0 ], [ 16.904250210160708, 54.595450001275246, 0.0 ], [ 16.90301285266575, 54.595072183198482, 0.0 ], [ 16.902596914728264, 54.594865376644066, 0.0 ], [ 16.90058937917679, 54.594530409164904, 0.0 ], [ 16.900173460739168, 54.594323594445932, 0.0 ], [ 16.898936175971823, 54.593945735247715, 0.0 ], [ 16.89852027039802, 54.593738914926654, 0.0 ], [ 16.896143486258538, 54.59343323390307, 0.0 ], [ 16.895696085311993, 54.59321053509332, 0.0 ], [ 16.893319352863355, 54.592904799899983, 0.0 ], [ 16.892881055303931, 54.592686431020489, 0.0 ], [ 16.891281232406502, 54.592341431092045, 0.0 ], [ 16.890480296078302, 54.592155986366201, 0.0 ], [ 16.889665791549785, 54.591980099715911, 0.0 ], [ 16.886019186217855, 54.59105050954367, 0.0 ], [ 16.885204725195432, 54.590874593225855, 0.0 ], [ 16.884330007385941, 54.590672062347991, 0.0 ], [ 16.879663652491907, 54.590279971681404, 0.0 ], [ 16.876899966442874, 54.589977786656242, 0.0 ], [ 16.8753154192487, 54.5898445199592, 0.0 ], [ 16.873744461502547, 54.589701670194898, 0.0 ], [ 16.870197140399011, 54.58945159166155, 0.0 ], [ 16.868626215778015, 54.589308677499183, 0.0 ], [ 16.865501436933652, 54.58926060575115, 0.0 ], [ 16.865069177271995, 54.589045338521508, 0.0 ], [ 16.861404375143547, 54.589292259122246, 0.0 ], [ 16.85272087264628, 54.589304234760867, 0.0 ], [ 16.851666537405947, 54.589008770964988, 0.0 ], [ 16.851281461667426, 54.589030050441032, 0.0 ], [ 16.850917584999262, 54.589266889967249, 0.0 ], [ 16.850420321807569, 54.589645895781878, 0.0 ], [ 16.849957905220311, 54.589888176154631, 0.0 ], [ 16.848176733554205, 54.588967222018276, 0.0 ], [ 16.847523157494859, 54.588678222586502, 0.0 ], [ 16.846766754064365, 54.588286971712662, 0.0 ], [ 16.845448600795368, 54.587890613611044, 0.0 ], [ 16.844835063827414, 54.587572958473714, 0.0 ], [ 16.843026341574483, 54.587347706711434, 0.0 ], [ 16.842617586597076, 54.587135915134077, 0.0 ], [ 16.840256350955528, 54.58704948079648, 0.0 ], [ 16.839847613549843, 54.586837680008117, 0.0 ], [ 16.837834213175949, 54.586506471852125, 0.0 ], [ 16.83704043603117, 54.586315898222388, 0.0 ], [ 16.834679262430988, 54.586229357364068, 0.0 ], [ 16.83303866967151, 54.586073986557807, 0.0 ], [ 16.832270837079548, 54.585676679237487, 0.0 ], [ 16.830220351974862, 54.585121858858372, 0.0 ], [ 16.829811686602579, 54.584910024751522, 0.0 ], [ 16.828568557474668, 54.584536238077675, 0.0 ], [ 16.827895015705337, 54.584187453797064, 0.0 ], [ 16.82576131290978, 54.5840142191865, 0.0 ], [ 16.825738544015035, 54.583781565470048, 0.0 ], [ 16.823724966060848, 54.583449710284675, 0.0 ], [ 16.823316351501859, 54.583237854642974, 0.0 ], [ 16.821303269433333, 54.582906375846463, 0.0 ], [ 16.820894673076424, 54.582694511273758, 0.0 ], [ 16.819663850385187, 54.582437138023614, 0.0 ], [ 16.818473060193579, 54.582151120872133, 0.0 ], [ 16.817267252663147, 54.582000710710851, 0.0 ], [ 16.816858686515566, 54.581788833650272, 0.0 ], [ 16.815050383819429, 54.581563169890686, 0.0 ], [ 16.814437183007009, 54.581245362472295, 0.0 ], [ 16.81165423700158, 54.58095605170697, 0.0 ], [ 16.810860692420704, 54.580765309138307, 0.0 ], [ 16.809654957302254, 54.580614824632299, 0.0 ], [ 16.809246445091418, 54.580402921410489, 0.0 ], [ 16.80688568189159, 54.580315849738327, 0.0 ], [ 16.806092172809517, 54.580125076191258, 0.0 ], [ 16.80407938962929, 54.579793315105732, 0.0 ], [ 16.803466301962001, 54.579475453024251, 0.0 ], [ 16.801658179216471, 54.579249593300524, 0.0 ], [ 16.801249722724037, 54.579037663539424, 0.0 ], [ 16.798880200181195, 54.578741251965006, 0.0 ], [ 16.798404186880301, 54.578494697091102, 0.0 ], [ 16.796815953722216, 54.578162005938225, 0.0 ], [ 16.796407533591612, 54.577950059226715, 0.0 ], [ 16.79459952007414, 54.577724095832188, 0.0 ], [ 16.793947134810697, 54.577385881801334, 0.0 ], [ 16.792358984064585, 54.577053131941184, 0.0 ], [ 16.791950598373063, 54.57684117136121, 0.0 ], [ 16.790362484092373, 54.57650839647895, 0.0 ], [ 16.789914714058462, 54.576276123223508, 0.0 ], [ 16.788401991880484, 54.575605310223729, 0.0 ], [ 16.78696909961004, 54.575304519180385, 0.0 ], [ 16.78619114188664, 54.574901345910583, 0.0 ], [ 16.784948726875058, 54.574527116122937, 0.0 ], [ 16.784540406796399, 54.574315131064495, 0.0 ], [ 16.783223323967039, 54.573918104043081, 0.0 ], [ 16.782467822407707, 54.57352645512379, 0.0 ], [ 16.781814968839431, 54.573237104093216, 0.0 ], [ 16.781202156319729, 54.572919129622598, 0.0 ], [ 16.779959849810123, 54.572544849495742, 0.0 ], [ 16.778744757161981, 54.572151450909068, 0.0 ], [ 16.777924351194212, 54.571979601858509, 0.0 ], [ 16.776734166263903, 54.571693178970847, 0.0 ], [ 16.775503964092781, 54.571435363514659, 0.0 ], [ 16.774313812556372, 54.571148917094597, 0.0 ], [ 16.773083642649972, 54.570891077297311, 0.0 ], [ 16.772675421216274, 54.570679051188804, 0.0 ], [ 16.770663386869646, 54.570346743209384, 0.0 ], [ 16.770255183543402, 54.570134709981801, 0.0 ], [ 16.768664983930016, 54.570004849815227, 0.0 ], [ 16.765538702209348, 54.56970731782603, 0.0 ], [ 16.762358682266647, 54.569446998441826, 0.0 ], [ 16.760795734502555, 54.569297934032164, 0.0 ], [ 16.754472306058872, 54.569291207060459, 0.0 ], [ 16.753371633718768, 54.569026121913836, 0.0 ], [ 16.749122455531776, 54.568995501492402, 0.0 ], [ 16.745274487315445, 54.569294387842035, 0.0 ], [ 16.736315502256808, 54.569289193181895, 0.0 ], [ 16.735856594614688, 54.569051181517651, 0.0 ], [ 16.734351428609521, 54.569167766472809, 0.0 ], [ 16.732786345047003, 54.569018470653425, 0.0 ], [ 16.725018766896621, 54.569008082633552, 0.0 ], [ 16.724561950951689, 54.5687707996426, 0.0 ], [ 16.721998480528818, 54.568969752817566, 0.0 ], [ 16.720949402564248, 54.568717008460865, 0.0 ], [ 16.718055942767695, 54.568941260149018, 0.0 ], [ 16.717205483231851, 54.568736298483799, 0.0 ], [ 16.712628292104938, 54.568729695999409, 0.0 ], [ 16.709661393278321, 54.56895948824647, 0.0 ], [ 16.707288319583864, 54.569033311671852, 0.0 ], [ 16.704394067196816, 54.569489835034382, 0.0 ], [ 16.701165495118062, 54.569589991323866, 0.0 ], [ 16.697164523625407, 54.570221122206021, 0.0 ], [ 16.693496286475096, 54.569869601564136, 0.0 ], [ 16.689786878868318, 54.569776969626417, 0.0 ], [ 16.688898607653229, 54.569562408955612, 0.0 ], [ 16.686597900443878, 54.569272538750553, 0.0 ], [ 16.686190146350295, 54.569060225187194, 0.0 ], [ 16.684876780063881, 54.568894553709129, 0.0 ], [ 16.683386230186901, 54.56853494475186, 0.0 ], [ 16.681357148492456, 54.568107454853887, 0.0 ], [ 16.679377533039137, 54.567857844730938, 0.0 ], [ 16.678969832647688, 54.567645507313323, 0.0 ], [ 16.6771629600693, 54.567417824193448, 0.0 ], [ 16.675396207549277, 54.567161529054026, 0.0 ], [ 16.673806451132883, 54.567030449974041, 0.0 ], [ 16.673398788387697, 54.566818094113955, 0.0 ], [ 16.671039156868517, 54.566728429147339, 0.0 ], [ 16.670631510206633, 54.56651606409045, 0.0 ], [ 16.666732113436701, 54.56650917757338, 0.0 ], [ 16.665939546300777, 54.566317501507797, 0.0 ], [ 16.664360327420532, 54.56598446570149, 0.0 ], [ 16.661197747146623, 54.565904756250717, 0.0 ], [ 16.66079016072301, 54.565692358580996, 0.0 ], [ 16.657275794877986, 54.565664486438159, 0.0 ], [ 16.656868233143722, 54.565452075797829, 0.0 ], [ 16.654893663938562, 54.565341427851983, 0.0 ], [ 16.654486118054372, 54.565129008429288, 0.0 ], [ 16.652475357579981, 54.564794774140871, 0.0 ], [ 16.652067828286341, 54.564582347597359, 0.0 ], [ 16.649700289581364, 54.56428307354232, 0.0 ], [ 16.649264671855327, 54.564056290209429, 0.0 ], [ 16.64725400915497, 54.563721970899586, 0.0 ], [ 16.646846518126583, 54.563509526203283, 0.0 ], [ 16.644835903130641, 54.563175168024053, 0.0 ], [ 16.644428430290798, 54.562962715340902, 0.0 ], [ 16.641540333093197, 54.562482004712535, 0.0 ], [ 16.639651111142975, 54.562325592303253, 0.0 ], [ 16.639243674130896, 54.56211312247531, 0.0 ], [ 16.63301807143262, 54.562014870530774, 0.0 ], [ 16.632591687896234, 54.561792825077113, 0.0 ], [ 16.630207969080406, 54.561595351677063, 0.0 ], [ 16.629019151307357, 54.561307503559107, 0.0 ], [ 16.626659952384585, 54.561216991075064, 0.0 ], [ 16.626252595131664, 54.561004478229705, 0.0 ], [ 16.623893419764773, 54.560913913775131, 0.0 ], [ 16.623486080208966, 54.560701390876837, 0.0 ], [ 16.621511843352412, 54.560590209078853, 0.0 ], [ 16.620334696233368, 54.56041880353267, 0.0 ], [ 16.618360483059778, 54.560307571405978, 0.0 ], [ 16.616377524812766, 54.559953676396709, 0.0 ], [ 16.615172785333051, 54.559801313778209, 0.0 ], [ 16.615151160470703, 54.559568177670343, 0.0 ], [ 16.612730290881196, 54.559474972680242, 0.0 ], [ 16.611193756451744, 54.559102903576118, 0.0 ], [ 16.610374340703942, 54.558929940126738, 0.0 ], [ 16.609185742375448, 54.558641899951894, 0.0 ], [ 16.607957025701648, 54.558382412593836, 0.0 ], [ 16.607069442040942, 54.558167261843529, 0.0 ], [ 16.604769987032384, 54.557875864706034, 0.0 ], [ 16.604362778716375, 54.557663278606007, 0.0 ], [ 16.601996008680285, 54.55736308950042, 0.0 ], [ 16.601560733668016, 54.557136136639471, 0.0 ], [ 16.599971622662153, 54.557004106511464, 0.0 ], [ 16.599540473275194, 54.556779129078627, 0.0 ], [ 16.596399911297439, 54.556517839832132, 0.0 ], [ 16.595992760706643, 54.556305226080461, 0.0 ], [ 16.594403700526694, 54.55617312414477, 0.0 ], [ 16.593996563907879, 54.555960503800591, 0.0 ], [ 16.591613387239814, 54.555762285511449, 0.0 ], [ 16.590250317795842, 54.555431829298321, 0.0 ], [ 16.588816629896105, 54.554684550614347, 0.0 ], [ 16.58750212522958, 54.554285428200956, 0.0 ], [ 16.587055765991852, 54.554052413258404, 0.0 ], [ 16.585469817848445, 54.55371658239558, 0.0 ], [ 16.585448506762315, 54.553484313119625, 0.0 ], [ 16.583862594428307, 54.553148460607872, 0.0 ], [ 16.583416270123291, 54.552915432558315, 0.0 ], [ 16.580637003455671, 54.552620915960766, 0.0 ], [ 16.580229976317547, 54.552408249374196, 0.0 ], [ 16.5790259765256, 54.55225551240131, 0.0 ], [ 16.577043762410216, 54.551900982967325, 0.0 ], [ 16.575839790321947, 54.551748215429839, 0.0 ], [ 16.575393526230002, 54.551515157411608, 0.0 ], [ 16.573808221926317, 54.551179592644004, 0.0 ], [ 16.573401243611588, 54.550966903502768, 0.0 ], [ 16.571356113819284, 54.550407771015891, 0.0 ], [ 16.570949156137214, 54.550195072907094, 0.0 ], [ 16.570298195201218, 54.549904596989514, 0.0 ], [ 16.569687399754187, 54.549585564434977, 0.0 ], [ 16.567476562433946, 54.548913617056101, 0.0 ], [ 16.565646798393573, 54.548681187423753, 0.0 ], [ 16.565239889479962, 54.54846847055515, 0.0 ], [ 16.563925821022856, 54.548069095888827, 0.0 ], [ 16.56317292656286, 54.547676094807109, 0.0 ], [ 16.561933430882863, 54.547299613659256, 0.0 ], [ 16.561487297074216, 54.547066504605858, 0.0 ], [ 16.559902283979081, 54.546730760238276, 0.0 ], [ 16.559495423122474, 54.546518024449611, 0.0 ], [ 16.557486386585797, 54.546182238889386, 0.0 ], [ 16.557079545525131, 54.545969494271837, 0.0 ], [ 16.555070556833403, 54.545633669921372, 0.0 ], [ 16.554663733970241, 54.545420917342653, 0.0 ], [ 16.553078841522506, 54.54508508464496, 0.0 ], [ 16.552632783006334, 54.544851943610844, 0.0 ], [ 16.550267153552021, 54.544550759184531, 0.0 ], [ 16.549832307565087, 54.544323621414406, 0.0 ], [ 16.547466729336005, 54.544022382668516, 0.0 ], [ 16.547031904752103, 54.543795235026856, 0.0 ], [ 16.545828288684071, 54.543642173841434, 0.0 ], [ 16.543846791557815, 54.543287108783254, 0.0 ], [ 16.542258419400703, 54.543154334508564, 0.0 ], [ 16.541851688836569, 54.542941539686353, 0.0 ], [ 16.539721837784469, 54.542763343629311, 0.0 ], [ 16.539051487354754, 54.542412972159063, 0.0 ], [ 16.537973508348657, 54.54218451128353, 0.0 ], [ 16.534691120423066, 54.541765841802132, 0.0 ], [ 16.534256391926707, 54.541538648224993, 0.0 ], [ 16.532671823352874, 54.541202552002616, 0.0 ], [ 16.532225925249772, 54.540969337196323, 0.0 ], [ 16.530986925963507, 54.540592542611734, 0.0 ], [ 16.529775233740803, 54.540196682976422, 0.0 ], [ 16.528535834498989, 54.539819447221525, 0.0 ], [ 16.528514857071762, 54.539587165596075, 0.0 ], [ 16.527695747723335, 54.539413234415427, 0.0 ], [ 16.525396420998089, 54.538514072127846, 0.0 ], [ 16.524803152143299, 54.538204048567103, 0.0 ], [ 16.523935712180386, 54.537815987488202, 0.0 ], [ 16.523122248400419, 54.537390731938707, 0.0 ], [ 16.522254841786086, 54.537002659097453, 0.0 ], [ 16.521441411818202, 54.536577391638396, 0.0 ], [ 16.521007569286365, 54.536383578950158, 0.0 ], [ 16.520145368668768, 54.535743780348156, 0.0 ], [ 16.518668202298596, 54.534814006182543, 0.0 ], [ 16.517995402580791, 54.534512983484959, 0.0 ], [ 16.51353558181663, 54.531694657178754, 0.0 ], [ 16.512427416913532, 54.531198531128496, 0.0 ], [ 16.511920946036525, 54.530698506950799, 0.0 ], [ 16.510019307561553, 54.52936999461172, 0.0 ], [ 16.508155863583479, 54.528717576816874, 0.0 ], [ 16.5075458807327, 54.52839823342466, 0.0 ], [ 16.506679264504555, 54.528010465820287, 0.0 ], [ 16.505865734407454, 54.527584677394749, 0.0 ], [ 16.505215606818403, 54.527293853492409, 0.0 ], [ 16.504402553968937, 54.52686847208733, 0.0 ], [ 16.503535109571292, 54.526479848488648, 0.0 ], [ 16.503514283538681, 54.526247561925224, 0.0 ], [ 16.501855123996105, 54.525666237277981, 0.0 ], [ 16.501831522264521, 54.525401952065891, 0.0 ], [ 16.500560282827372, 54.524832833010784, 0.0 ], [ 16.498323800266245, 54.52366265199781, 0.0 ], [ 16.495940839845218, 54.522595232515329, 0.0 ], [ 16.495534559593256, 54.52238228329913, 0.0 ], [ 16.49352681237928, 54.522045032479745, 0.0 ], [ 16.493506046314497, 54.521812743794506, 0.0 ], [ 16.492193112128476, 54.521412180771378, 0.0 ], [ 16.491441413706212, 54.521018736096728, 0.0 ], [ 16.490202962570997, 54.520641110904315, 0.0 ], [ 16.490182215864252, 54.520408821805745, 0.0 ], [ 16.488523933382652, 54.519827732132114, 0.0 ], [ 16.488117721160208, 54.519614757730267, 0.0 ], [ 16.485200439029324, 54.51842367447523, 0.0 ], [ 16.484794258173633, 54.518210689189587, 0.0 ], [ 16.483136587002278, 54.517629942878919, 0.0 ], [ 16.482526969333765, 54.517310473902242, 0.0 ], [ 16.481877177369054, 54.517019525822747, 0.0 ], [ 16.481471027933406, 54.516806528757066, 0.0 ], [ 16.479813461639875, 54.51622573784983, 0.0 ], [ 16.479203892572162, 54.515906252574041, 0.0 ], [ 16.478554145303182, 54.515615286124792, 0.0 ], [ 16.47774160850804, 54.515189726566597, 0.0 ], [ 16.476875116612639, 54.514801329438129, 0.0 ], [ 16.476062613536453, 54.514375758897216, 0.0 ], [ 16.475195710801515, 54.51398693338939, 0.0 ], [ 16.475175054773704, 54.513754640693818, 0.0 ], [ 16.474741237616207, 54.513560246113258, 0.0 ], [ 16.474335161459067, 54.513347224851699, 0.0 ], [ 16.473901795233118, 54.513153243952303, 0.0 ], [ 16.473460548474247, 54.512716614119796, 0.0 ], [ 16.473027193078789, 54.512522630180989, 0.0 ], [ 16.472585962342805, 54.512085997285574, 0.0 ], [ 16.472152617832919, 54.511892009409465, 0.0 ], [ 16.47174657319799, 54.51167898064697, 0.0 ], [ 16.471312792925648, 54.511484573176645, 0.0 ], [ 16.471292161323447, 54.511252280010474, 0.0 ], [ 16.470858389264762, 54.511057871000141, 0.0 ], [ 16.470452359701209, 54.510844837124438, 0.0 ], [ 16.470019038506791, 54.510650841809586, 0.0 ], [ 16.4695778613154, 54.510214198398309, 0.0 ], [ 16.468928276384638, 54.509923180810986, 0.0 ], [ 16.468115509100596, 54.509497138183825, 0.0 ], [ 16.466600057295203, 54.508817623338047, 0.0 ], [ 16.465381429986934, 54.508178952661652, 0.0 ], [ 16.464948162780253, 54.507984939677812, 0.0 ], [ 16.464542196140712, 54.50777188653403, 0.0 ], [ 16.4641089373123, 54.507577869719938, 0.0 ], [ 16.463151517115548, 54.50707613188623, 0.0 ], [ 16.462373956855405, 54.506306974787876, 0.0 ], [ 16.461612455926836, 54.505965404976259, 0.0 ], [ 16.45963872938351, 54.504749648552881, 0.0 ], [ 16.458549106066254, 54.504260943325363, 0.0 ], [ 16.458108124100576, 54.503824257076509, 0.0 ], [ 16.457340595584625, 54.503479896811399, 0.0 ], [ 16.454262310730716, 54.501544960689493, 0.0 ], [ 16.453829168379013, 54.501350907204134, 0.0 ], [ 16.453423327107821, 54.501137816958455, 0.0 ], [ 16.452990193020177, 54.500943761440972, 0.0 ], [ 16.452549307219499, 54.500507054843965, 0.0 ], [ 16.451510307691603, 54.499579308299921, 0.0 ], [ 16.45078770112508, 54.499255028354767, 0.0 ], [ 16.450199536578847, 54.49867276107171, 0.0 ], [ 16.447040139909824, 54.496563139003356, 0.0 ], [ 16.445017618837404, 54.495058688230849, 0.0 ], [ 16.442119533653791, 54.493394160200999, 0.0 ], [ 16.440420837584039, 54.492346565284848, 0.0 ], [ 16.439555194641034, 54.491957901328632, 0.0 ], [ 16.438743546160072, 54.491532080619464, 0.0 ], [ 16.438310586693472, 54.491337972323613, 0.0 ], [ 16.437904927154328, 54.491124828922899, 0.0 ], [ 16.437471974460813, 54.490930717666856, 0.0 ], [ 16.436969518825599, 54.490667128704153, 0.0 ], [ 16.436157836278451, 54.489863072537261, 0.0 ], [ 16.43572490675891, 54.489668955250622, 0.0 ], [ 16.434865062540823, 54.489028548492783, 0.0 ], [ 16.433650366902889, 54.488482755922256, 0.0 ], [ 16.433153090589663, 54.487990367211168, 0.0 ], [ 16.432720195171523, 54.487796239471997, 0.0 ], [ 16.432059041097606, 54.487141086477635, 0.0 ], [ 16.431357716938287, 54.486514438023171, 0.0 ], [ 16.43091722434777, 54.486077651450216, 0.0 ], [ 16.430448935431791, 54.48565904089925, 0.0 ], [ 16.430428691920667, 54.485427613474009, 0.0 ], [ 16.429960415334996, 54.485009000225276, 0.0 ], [ 16.429299352544735, 54.484353832887294, 0.0 ], [ 16.428598120682697, 54.483727167396879, 0.0 ], [ 16.428157689953949, 54.48329037129038, 0.0 ], [ 16.427689462139007, 54.482871749655139, 0.0 ], [ 16.427669236650569, 54.482640321887928, 0.0 ], [ 16.426500167015064, 54.481594563898042, 0.0 ], [ 16.425398541226073, 54.480503026822525, 0.0 ], [ 16.424930886018373, 54.480085248538224, 0.0 ], [ 16.424144318298225, 54.479305808524551, 0.0 ], [ 16.422695413325691, 54.47817196200409, 0.0 ], [ 16.422675152417469, 54.477940096027389, 0.0 ], [ 16.422207043906905, 54.477521452352825, 0.0 ], [ 16.421766751407144, 54.477084632311666, 0.0 ], [ 16.421065766404354, 54.47645792342859, 0.0 ], [ 16.420404990503222, 54.475802706240181, 0.0 ], [ 16.419972287152206, 54.475608531902417, 0.0 ], [ 16.41953204172772, 54.47517170414045, 0.0 ], [ 16.419063998045925, 54.474753047942457, 0.0 ], [ 16.419025628153371, 54.474312541863092, 0.0 ], [ 16.418307585136034, 54.473670415264458, 0.0 ], [ 16.417646900546597, 54.473015181956399, 0.0 ], [ 16.417162265857616, 54.472581971479997, 0.0 ], [ 16.417123920796364, 54.47214146496453, 0.0 ], [ 16.416655937179414, 54.471722799925153, 0.0 ], [ 16.416215771112814, 54.471285958934018, 0.0 ], [ 16.415748319136981, 54.470868145032163, 0.0 ], [ 16.413458286846677, 54.468498337762504, 0.0 ], [ 16.412990895809401, 54.468080512804931, 0.0 ], [ 16.410701187724463, 54.465710653289207, 0.0 ], [ 16.410233859153994, 54.465292817312253, 0.0 ], [ 16.409305395495242, 54.464204973043039, 0.0 ], [ 16.408349690246936, 54.463136148155741, 0.0 ], [ 16.407874945028649, 54.46247564955317, 0.0 ], [ 16.407407172099429, 54.462056947791879, 0.0 ], [ 16.407379398123936, 54.461739616980523, 0.0 ], [ 16.405035515846055, 54.459250090720737, 0.0 ], [ 16.404560870567419, 54.458589578955333, 0.0 ], [ 16.404093690465814, 54.45817171869006, 0.0 ], [ 16.403165562082794, 54.457083826362158, 0.0 ], [ 16.402287793683318, 54.456298001711353, 0.0 ], [ 16.401337999009808, 54.454977429783206, 0.0 ], [ 16.400815062143003, 54.454509171960943, 0.0 ], [ 16.399817689084905, 54.452973993236903, 0.0 ], [ 16.399294794602479, 54.452505729163313, 0.0 ], [ 16.397781799417334, 54.450401953578933, 0.0 ], [ 16.396560483617325, 54.449544053756931, 0.0 ], [ 16.396540393551447, 54.449312182695351, 0.0 ], [ 16.396072894547476, 54.448893436680237, 0.0 ], [ 16.395221376334341, 54.44804810177525, 0.0 ], [ 16.394747596138707, 54.447834848510581, 0.0 ], [ 16.394307931545637, 54.447397926507463, 0.0 ], [ 16.393840988877383, 54.446980025913298, 0.0 ], [ 16.393401344401717, 54.446543101692441, 0.0 ], [ 16.392927591089865, 54.446329840637283, 0.0 ], [ 16.392076193128975, 54.445484482803309, 0.0 ], [ 16.391458695183886, 54.444931266360832, 0.0 ], [ 16.38979339147804, 54.44442074661454, 0.0 ], [ 16.38785577671468, 54.443222909251737, 0.0 ], [ 16.387423579633182, 54.443028617696122, 0.0 ], [ 16.38701867585679, 54.44281530327234, 0.0 ], [ 16.386586044577744, 54.44262059184144, 0.0 ], [ 16.3865659484274, 54.442388281085009, 0.0 ], [ 16.385701454112539, 54.441998814090674, 0.0 ], [ 16.385093821878954, 54.44167929051023, 0.0 ], [ 16.384720304282283, 54.441475703680936, 0.0 ], [ 16.379745480720068, 54.440947291186241, 0.0 ], [ 16.379294366952411, 54.44070110497298, 0.0 ], [ 16.377722229035442, 54.44037540134282, 0.0 ], [ 16.377288983887471, 54.439934226111305, 0.0 ], [ 16.376048366008487, 54.439560044663367, 0.0 ], [ 16.375649710271766, 54.439342502041306, 0.0 ], [ 16.374409124072731, 54.438968304049055, 0.0 ], [ 16.374010482910556, 54.438750755258162, 0.0 ], [ 16.37322755689009, 54.438410950092553, 0.0 ], [ 16.372155165296196, 54.437062971406952, 0.0 ], [ 16.372130828791537, 54.436594699630191, 0.0 ], [ 16.371656771084101, 54.436179718682403, 0.0 ], [ 16.371189103048572, 54.435514882375927, 0.0 ], [ 16.370749692788099, 54.435324144722117, 0.0 ], [ 16.370727538266394, 54.434894348873868, 0.0 ], [ 16.369254118913421, 54.433147656082753, 0.0 ], [ 16.368786527737296, 54.432482810191104, 0.0 ], [ 16.368313870483259, 54.432069001143141, 0.0 ], [ 16.367880818594898, 54.431627792950394, 0.0 ], [ 16.367406861804085, 54.431212794365521, 0.0 ], [ 16.367384303708519, 54.430775228384022, 0.0 ], [ 16.366886339182486, 54.430339185536653, 0.0 ], [ 16.365755011367199, 54.429186713639446, 0.0 ], [ 16.364656850248014, 54.428425231730095, 0.0 ], [ 16.362378420717299, 54.42605025648357, 0.0 ], [ 16.361905904099078, 54.425636420876238, 0.0 ], [ 16.361472993668077, 54.425195190042473, 0.0 ], [ 16.361000497453045, 54.424781350186407, 0.0 ], [ 16.36056760557755, 54.424340116259479, 0.0 ], [ 16.359651943942605, 54.423704941760832, 0.0 ], [ 16.359629115542987, 54.423262576454903, 0.0 ], [ 16.359155343276953, 54.422847546211905, 0.0 ], [ 16.358722492759878, 54.422406305127566, 0.0 ], [ 16.358250057402277, 54.421992454140224, 0.0 ], [ 16.355972375537394, 54.419617356391953, 0.0 ], [ 16.355500000966074, 54.419203495174671, 0.0 ], [ 16.354948671254466, 54.418418943830353, 0.0 ], [ 16.353709585907314, 54.417479554857927, 0.0 ], [ 16.353271675175954, 54.417289329815389, 0.0 ], [ 16.351221573284114, 54.415199258747627, 0.0 ], [ 16.350173014275445, 54.414743615343234, 0.0 ], [ 16.349524022357006, 54.414081704650023, 0.0 ], [ 16.348815661050505, 54.413460874293861, 0.0 ], [ 16.347896224322032, 54.412368363220303, 0.0 ], [ 16.347005993224279, 54.411750527386367, 0.0 ], [ 16.345634273859972, 54.410230408826898, 0.0 ], [ 16.345196479352751, 54.410040153814215, 0.0 ], [ 16.342920252490458, 54.407664806503817, 0.0 ], [ 16.342448154107593, 54.407250893122786, 0.0 ], [ 16.341366554092094, 54.406147650093416, 0.0 ], [ 16.34018546871398, 54.405111650944093, 0.0 ], [ 16.34017352591048, 54.404876424253167, 0.0 ], [ 16.339282303243344, 54.404257599453267, 0.0 ], [ 16.337979766512646, 54.403184690772072, 0.0 ], [ 16.33688537215054, 54.402424692672675, 0.0 ], [ 16.33489766441663, 54.40087592279437, 0.0 ], [ 16.334465318311434, 54.400434594750678, 0.0 ], [ 16.333575557831931, 54.399816658865483, 0.0 ], [ 16.333143238452848, 54.399375325439131, 0.0 ], [ 16.33267133712614, 54.398961372909888, 0.0 ], [ 16.330396483520282, 54.396585786454622, 0.0 ], [ 16.329924642865944, 54.396171823724821, 0.0 ], [ 16.328453062211373, 54.39466949147954, 0.0 ], [ 16.327300868361601, 54.394039479518398, 0.0 ], [ 16.32686333424439, 54.393849157849274, 0.0 ], [ 16.326013427051997, 54.393203784604488, 0.0 ], [ 16.324916998649524, 54.392441938557191, 0.0 ], [ 16.323787948103341, 54.391289069654157, 0.0 ], [ 16.323350462674629, 54.391098734859014, 0.0 ], [ 16.322500668511104, 54.390453337021277, 0.0 ], [ 16.321611311516534, 54.389835312235448, 0.0 ], [ 16.320693159800509, 54.388742591041982, 0.0 ], [ 16.318516772429756, 54.387288781969673, 0.0 ], [ 16.317388050065308, 54.386135845395124, 0.0 ], [ 16.316291977376927, 54.385373927056548, 0.0 ], [ 16.314516177657257, 54.383909417276023, 0.0 ], [ 16.313703789211761, 54.383464934791959, 0.0 ], [ 16.312507309897605, 54.382943953916431, 0.0 ], [ 16.31191541298384, 54.382339424160214, 0.0 ], [ 16.310241208292762, 54.381175138586386, 0.0 ], [ 16.309809344741019, 54.380733713169199, 0.0 ], [ 16.309337902850253, 54.380319676401484, 0.0 ], [ 16.308906059321835, 54.379878247943331, 0.0 ], [ 16.305442789923692, 54.377587427973516, 0.0 ], [ 16.305430960850963, 54.37735154259309, 0.0 ], [ 16.304992492722594, 54.377160565079663, 0.0 ], [ 16.304594834872351, 54.376942780463885, 0.0 ], [ 16.304157593796255, 54.37675238390927, 0.0 ], [ 16.303725844282624, 54.376310936881161, 0.0 ], [ 16.302760035559174, 54.375890169363757, 0.0 ], [ 16.300298521248646, 54.374244514625687, 0.0 ], [ 16.299866840650058, 54.37380305353895, 0.0 ], [ 16.298992849362371, 54.373422199056947, 0.0 ], [ 16.295917458906633, 54.370884085446747, 0.0 ], [ 16.295105536342039, 54.370439476948732, 0.0 ], [ 16.293636972050354, 54.369799400438986, 0.0 ], [ 16.292965090497773, 54.369208871899815, 0.0 ], [ 16.292256161320719, 54.368483792953498, 0.0 ], [ 16.291247628747985, 54.367931317833239, 0.0 ], [ 16.290810547148705, 54.367740872710868, 0.0 ], [ 16.289342505135572, 54.36662437607977, 0.0 ], [ 16.288675955523544, 54.366259142218283, 0.0 ], [ 16.287802231796022, 54.3658782066653, 0.0 ], [ 16.28700695378561, 54.365442549981523, 0.0 ], [ 16.285736616499477, 54.364888666880205, 0.0 ], [ 16.285722479263146, 54.364607008498872, 0.0 ], [ 16.284847597043047, 54.364225467113194, 0.0 ], [ 16.284052383940512, 54.363789790712666, 0.0 ], [ 16.283178757435142, 54.363408821772218, 0.0 ], [ 16.280646920940672, 54.361709118185367, 0.0 ], [ 16.280209956451181, 54.361518634951672, 0.0 ], [ 16.279778632257401, 54.361077101822779, 0.0 ], [ 16.279341680105325, 54.360886614687033, 0.0 ], [ 16.278773335110085, 54.360304971183716, 0.0 ], [ 16.274832776576151, 54.357795211373478, 0.0 ], [ 16.273782111457685, 54.357336920988963, 0.0 ], [ 16.273752239533589, 54.35672958544945, 0.0 ], [ 16.272469567833038, 54.356026544423379, 0.0 ], [ 16.271596217070897, 54.355645491701196, 0.0 ], [ 16.271198950177457, 54.355427598246187, 0.0 ], [ 16.270762097965612, 54.355237080134714, 0.0 ], [ 16.270064533612413, 54.354239227004619, 0.0 ], [ 16.269409283878321, 54.353953438419609, 0.0 ], [ 16.269012044899139, 54.353735537134192, 0.0 ], [ 16.268575222314798, 54.353545011416372, 0.0 ], [ 16.267658495867867, 54.352847102563736, 0.0 ], [ 16.266873275986999, 54.352504468892207, 0.0 ], [ 16.26310815524073, 54.349888129789811, 0.0 ], [ 16.261753913654061, 54.3491453351103, 0.0 ], [ 16.261229169710703, 54.348916320104749, 0.0 ], [ 16.259601573407704, 54.347676776215657, 0.0 ], [ 16.258946504381054, 54.347390930858325, 0.0 ], [ 16.258152273563415, 54.346955070477598, 0.0 ], [ 16.257278878426852, 54.346573926953297, 0.0 ], [ 16.256484682648448, 54.346138055964104, 0.0 ], [ 16.255529775824453, 54.345721201114735, 0.0 ], [ 16.253731296534795, 54.344593519479666, 0.0 ], [ 16.253294643804338, 54.34440293836898, 0.0 ], [ 16.251828484200082, 54.343285983278669, 0.0 ], [ 16.251162656647654, 54.3429205431895, 0.0 ], [ 16.250726033606902, 54.342729953079257, 0.0 ], [ 16.250329006643312, 54.342511990642699, 0.0 ], [ 16.249891173317121, 54.342320813119223, 0.0 ], [ 16.249876388689589, 54.342020664180083, 0.0 ], [ 16.247310096107341, 54.340410976152626, 0.0 ], [ 16.246437317340575, 54.340029741769854, 0.0 ], [ 16.24564299256788, 54.339593812234057, 0.0 ], [ 16.245206430576587, 54.339403201863739, 0.0 ], [ 16.244189483451521, 54.3386280561432, 0.0 ], [ 16.242477612066953, 54.338107956261076, 0.0 ], [ 16.241838734809676, 54.337545113358303, 0.0 ], [ 16.241370207494636, 54.337064664999204, 0.0 ], [ 16.240255091408478, 54.336577475168085, 0.0 ], [ 16.238457443508977, 54.335449565214454, 0.0 ], [ 16.236991039430105, 54.334808799996026, 0.0 ], [ 16.236320566867711, 54.334217955649201, 0.0 ], [ 16.235890015361321, 54.33377626334461, 0.0 ], [ 16.235453562076724, 54.333585617902301, 0.0 ], [ 16.235056705843483, 54.333367605128359, 0.0 ], [ 16.234619042758105, 54.333176372126111, 0.0 ], [ 16.234607599711147, 54.332940176912913, 0.0 ], [ 16.234169941704852, 54.332748942311596, 0.0 ], [ 16.233254281022148, 54.332050764741858, 0.0 ], [ 16.232251545985331, 54.331612586239039, 0.0 ], [ 16.23145790983865, 54.331176536381165, 0.0 ], [ 16.230803304483388, 54.330890544788076, 0.0 ], [ 16.230372849512822, 54.330448832851808, 0.0 ], [ 16.229500441921051, 54.33006746984293, 0.0 ], [ 16.228706494756153, 54.329631435342478, 0.0 ], [ 16.228101943600905, 54.329367280145107, 0.0 ], [ 16.226570221167528, 54.328399652888493, 0.0 ], [ 16.225723289442254, 54.327753563761064, 0.0 ], [ 16.22528694894342, 54.32756288180326, 0.0 ], [ 16.220624263222387, 54.324630049201829, 0.0 ], [ 16.219809345821993, 54.324273748925442, 0.0 ], [ 16.219341233536003, 54.323793214613865, 0.0 ], [ 16.218686833331343, 54.323507157601007, 0.0 ], [ 16.217893501845175, 54.323071018921041, 0.0 ], [ 16.21689115482118, 54.322632712263456, 0.0 ], [ 16.215976020032414, 54.321934403436416, 0.0 ], [ 16.215539788171888, 54.321743686449757, 0.0 ], [ 16.215109595710398, 54.321301919931386, 0.0 ], [ 16.21432542824601, 54.320958950710235, 0.0 ], [ 16.213410375407936, 54.320260622335169, 0.0 ], [ 16.212974173199086, 54.320069896371109, 0.0 ], [ 16.212506192342946, 54.319589335055106, 0.0 ], [ 16.211691446839392, 54.319232980808664, 0.0 ], [ 16.209895361791848, 54.318104644956897, 0.0 ], [ 16.208860147135056, 54.317651690548644, 0.0 ], [ 16.207064211697087, 54.316523312279287, 0.0 ], [ 16.206192322556731, 54.316141781604635, 0.0 ], [ 16.205398898725608, 54.315705592791723, 0.0 ], [ 16.204962783690462, 54.315514837871497, 0.0 ], [ 16.204566267881066, 54.315296724698761, 0.0 ], [ 16.204130159530578, 54.315105966817157, 0.0 ], [ 16.203700162411881, 54.314664158863039, 0.0 ], [ 16.203046019778878, 54.314378016984321, 0.0 ], [ 16.202253034671127, 54.313941775405013, 0.0 ], [ 16.201299443840597, 54.31352449882479, 0.0 ], [ 16.199503901655536, 54.312396008428401, 0.0 ], [ 16.198632172062084, 54.312014422970236, 0.0 ], [ 16.19783890951819, 54.311578185186868, 0.0 ], [ 16.197184856986283, 54.311292011551963, 0.0 ], [ 16.196245910162581, 54.310775404897413, 0.0 ], [ 16.195283261020275, 54.310573710841439, 0.0 ], [ 16.194542559530003, 54.310166164161231, 0.0 ], [ 16.19181073012734, 54.30907773329016, 0.0 ], [ 16.189847748217183, 54.307843575490239, 0.0 ], [ 16.188894427001831, 54.307426201858384, 0.0 ], [ 16.187983191447763, 54.306924835990728, 0.0 ], [ 16.186648940103122, 54.306518346652062, 0.0 ], [ 16.186252611392185, 54.30630017344275, 0.0 ], [ 16.185598725569928, 54.30601393784, 0.0 ], [ 16.184687561652737, 54.305512546916098, 0.0 ], [ 16.183353390847792, 54.305106021993339, 0.0 ], [ 16.182923725964326, 54.304664139785295, 0.0 ], [ 16.182269889504163, 54.304377885749837, 0.0 ], [ 16.181331292983483, 54.303861163074309, 0.0 ], [ 16.180440789353064, 54.303674427022059, 0.0 ], [ 16.179846386997131, 54.303347135689123, 0.0 ], [ 16.17897466479937, 54.302965441249505, 0.0 ], [ 16.178380285958081, 54.302638142054725, 0.0 ], [ 16.176346939131232, 54.302076571057391, 0.0 ], [ 16.175157887369199, 54.301421977318334, 0.0 ], [ 16.17363290449099, 54.30075391673688, 0.0 ], [ 16.172840501036671, 54.300317481621093, 0.0 ], [ 16.171968908617067, 54.299935737008731, 0.0 ], [ 16.171176540116281, 54.299499291341021, 0.0 ], [ 16.17030498055589, 54.299117535046591, 0.0 ], [ 16.169710728036783, 54.298790193560997, 0.0 ], [ 16.168476322886733, 54.298413896865249, 0.0 ], [ 16.167882095208917, 54.298086545731131, 0.0 ], [ 16.16701059639216, 54.29770476626782, 0.0 ], [ 16.166072347577149, 54.297187924915924, 0.0 ], [ 16.1651101696871, 54.296985992457586, 0.0 ], [ 16.164370017357893, 54.296578260887848, 0.0 ], [ 16.163716442702547, 54.296291907273954, 0.0 ], [ 16.163122283625118, 54.295964533401893, 0.0 ], [ 16.161472131341643, 54.295383585965745, 0.0 ], [ 16.160551242836124, 54.294876295973218, 0.0 ], [ 16.157411893212544, 54.294008429261154, 0.0 ], [ 16.157400882074388, 54.293772004875841, 0.0 ], [ 16.156528728433585, 54.293389530979539, 0.0 ], [ 16.155583389967209, 54.292868916703569, 0.0 ], [ 16.153690340725191, 54.292153689453066, 0.0 ], [ 16.1524562842839, 54.291777229833777, 0.0 ], [ 16.152060282710423, 54.291558944156918, 0.0 ], [ 16.150826259345287, 54.291182468212618, 0.0 ], [ 16.150430272188167, 54.290964177335837, 0.0 ], [ 16.149096918655054, 54.290557275980277, 0.0 ], [ 16.14823166873067, 54.290080651025285, 0.0 ], [ 16.146338877474793, 54.28936530933597, 0.0 ], [ 16.144774436589721, 54.289036597834929, 0.0 ], [ 16.144326440487294, 54.288789534069778, 0.0 ], [ 16.142762038248904, 54.288460796880472, 0.0 ], [ 16.142161215063304, 54.288129608239053, 0.0 ], [ 16.140268622414517, 54.287414172531015, 0.0 ], [ 16.139034833773664, 54.287037576665178, 0.0 ], [ 16.13863894947524, 54.286819247269058, 0.0 ], [ 16.137074667900091, 54.286490436693448, 0.0 ], [ 16.136428815283757, 54.286134174975778, 0.0 ], [ 16.135557867736672, 54.285752169688479, 0.0 ], [ 16.134964089280668, 54.285424657597162, 0.0 ], [ 16.133399891194323, 54.28509580026266, 0.0 ], [ 16.132952006749104, 54.284848694538084, 0.0 ], [ 16.131990283372531, 54.28464649918488, 0.0 ], [ 16.130906920428817, 54.284048983529736, 0.0 ], [ 16.129673320364358, 54.283672292128891, 0.0 ], [ 16.129277519905706, 54.283453932916686, 0.0 ], [ 16.127944622187407, 54.283046799921401, 0.0 ], [ 16.126916314751753, 54.282479884400075, 0.0 ], [ 16.1255834739326, 54.282072725941262, 0.0 ], [ 16.12518770917287, 54.281854352766459, 0.0 ], [ 16.124534645635514, 54.281567787854627, 0.0 ], [ 16.123941015734211, 54.281240222174006, 0.0 ], [ 16.121909488401418, 54.28067774161056, 0.0 ], [ 16.121513756699791, 54.280459355832271, 0.0 ], [ 16.119515298250921, 54.280120553523695, 0.0 ], [ 16.118921729561873, 54.279792962898938, 0.0 ], [ 16.118268742944224, 54.279506363985732, 0.0 ], [ 16.11787304342678, 54.279287967525313, 0.0 ], [ 16.115841696201596, 54.278725385779502, 0.0 ], [ 16.115446015686931, 54.278506980641126, 0.0 ], [ 16.114556368420338, 54.27831976307349, 0.0 ], [ 16.113817061925587, 54.27791172237648, 0.0 ], [ 16.112340298821504, 54.277600865458588, 0.0 ], [ 16.111007691534841, 54.277149619809698, 0.0 ], [ 16.109774484642806, 54.276772727341708, 0.0 ], [ 16.109326836605941, 54.276525534667037, 0.0 ], [ 16.107763186848384, 54.276196348090835, 0.0 ], [ 16.107315555786656, 54.275949147215584, 0.0 ], [ 16.105751946228136, 54.275619935018291, 0.0 ], [ 16.105356349499203, 54.275401497682594, 0.0 ], [ 16.103707855268667, 54.274819766400434, 0.0 ], [ 16.103312278654059, 54.27460132259484, 0.0 ], [ 16.101512039593025, 54.274371447786791, 0.0 ], [ 16.100918699746565, 54.274043769256316, 0.0 ], [ 16.098920725602582, 54.273704629097836, 0.0 ], [ 16.098525185436152, 54.273486169091143, 0.0 ], [ 16.096876866488454, 54.272904345441816, 0.0 ], [ 16.096481344900972, 54.272685878930446, 0.0 ], [ 16.095135953265402, 54.272514003473177, 0.0 ], [ 16.093316525628428, 54.272047317416515, 0.0 ], [ 16.092090148583921, 54.271788940535274, 0.0 ], [ 16.091312202792508, 54.271589360886779, 0.0 ], [ 16.089748889384243, 54.271259943494201, 0.0 ], [ 16.089301422728635, 54.271012676676861, 0.0 ], [ 16.087545126390392, 54.270788181069186, 0.0 ], [ 16.085325816217765, 54.270320325845269, 0.0 ], [ 16.083859186360293, 54.269944004465707, 0.0 ], [ 16.082167840908557, 54.269800170497376, 0.0 ], [ 16.081519488792836, 54.269442030732826, 0.0 ], [ 16.079392389868879, 54.269261069085076, 0.0 ], [ 16.078996995669321, 54.26904254572743, 0.0 ], [ 16.077197140444341, 54.268812313828235, 0.0 ], [ 16.07655208961372, 54.268455734049162, 0.0 ], [ 16.074989015740723, 54.268126127887129, 0.0 ], [ 16.074593657631912, 54.267907589611205, 0.0 ], [ 16.073367525308711, 54.267649024983761, 0.0 ], [ 16.071811981456857, 54.267249621070924, 0.0 ], [ 16.070342910540258, 54.266939715285851, 0.0 ], [ 16.067778077680821, 54.266227929764945, 0.0 ], [ 16.067382776428932, 54.266009368475579, 0.0 ], [ 16.065385478634123, 54.265669680950822, 0.0 ], [ 16.064607779557853, 54.265469930811101, 0.0 ], [ 16.063044917415876, 54.265140172134522, 0.0 ], [ 16.062559625878556, 54.26487176593411, 0.0 ], [ 16.060218065321607, 54.264571847915263, 0.0 ], [ 16.059770850826503, 54.264324471646837, 0.0 ], [ 16.058208071130238, 54.263994651166051, 0.0 ], [ 16.057812842716945, 54.263776058418145, 0.0 ], [ 16.055559144535273, 54.263487251301747, 0.0 ], [ 16.054655725993989, 54.263255193653812, 0.0 ], [ 16.053456083500851, 54.263101469316091, 0.0 ], [ 16.05228970050176, 54.262801728649542, 0.0 ], [ 16.051063862217841, 54.262542939520827, 0.0 ], [ 16.049871300816985, 54.262138134441422, 0.0 ], [ 16.048280403704698, 54.261934196744463, 0.0 ], [ 16.045514847736047, 54.261463261667679, 0.0 ], [ 16.045119711809932, 54.261244628358938, 0.0 ], [ 16.043122833835525, 54.260904576617392, 0.0 ], [ 16.042584980045209, 54.260607029293148, 0.0 ], [ 16.039966128791232, 54.260383332560238, 0.0 ], [ 16.039571033110672, 54.260164680624762, 0.0 ], [ 16.037444606542103, 54.259982990668696, 0.0 ], [ 16.036796802712868, 54.259624612164401, 0.0 ], [ 16.035214963026249, 54.25948944161366, 0.0 ], [ 16.033785515214227, 54.25912183948958, 0.0 ], [ 16.032440838317509, 54.258949274984758, 0.0 ], [ 16.032045796846361, 54.258730599006228, 0.0 ], [ 16.028518548592533, 54.25846506327845, 0.0 ], [ 16.028508193523948, 54.258227953577581, 0.0 ], [ 16.026707950057357, 54.257996803081554, 0.0 ], [ 16.024968371948976, 54.257724852417063, 0.0 ], [ 16.023386646206127, 54.257589528753762, 0.0 ], [ 16.02299166506581, 54.25737082288471, 0.0 ], [ 16.020645245966033, 54.257272841753093, 0.0 ], [ 16.019479271543531, 54.256972788216359, 0.0 ], [ 16.018253819988047, 54.256713670687859, 0.0 ], [ 16.017476522839093, 54.256513621025384, 0.0 ], [ 16.01534031483164, 54.256386599589959, 0.0 ], [ 16.013173445753864, 54.256047699758987, 0.0 ], [ 16.011974172260068, 54.255893569322595, 0.0 ], [ 16.011579268853716, 54.255674826964608, 0.0 ], [ 16.009274339923216, 54.255537656002964, 0.0 ], [ 16.006511660874121, 54.25524597743793, 0.0 ], [ 16.004930094526529, 54.255110416852553, 0.0 ], [ 16.004535236699621, 54.254891651055836, 0.0 ], [ 16.002571350355812, 54.254774691988388, 0.0 ], [ 16.001794169135799, 54.254574542523621, 0.0 ], [ 15.999065626880352, 54.254494773338159, 0.0 ], [ 15.998288467121695, 54.254294602392577, 0.0 ], [ 15.992545382033875, 54.253825226379895, 0.0 ], [ 15.990097932390231, 54.253566432513047, 0.0 ], [ 15.988134153863946, 54.253449242856746, 0.0 ], [ 15.987357067710535, 54.253249002254435, 0.0 ], [ 15.985775645208108, 54.253113194513993, 0.0 ], [ 15.984998578860729, 54.252912938954545, 0.0 ], [ 15.982658285676148, 54.252611540048996, 0.0 ], [ 15.982225571683415, 54.252371635434727, 0.0 ], [ 15.980113967622604, 54.252245463701726, 0.0 ], [ 15.977106652485524, 54.251731456348701, 0.0 ], [ 15.976711975674704, 54.251512600644602, 0.0 ], [ 15.974366015346298, 54.251413735849695, 0.0 ], [ 15.973206716232662, 54.251231943720448, 0.0 ], [ 15.969681661173462, 54.25096482769279, 0.0 ], [ 15.968904713777592, 54.250764469711243, 0.0 ], [ 15.966558817094175, 54.250665456255447, 0.0 ], [ 15.9661642075315, 54.250446565920136, 0.0 ], [ 15.964200651839349, 54.250328993123553, 0.0 ], [ 15.963423744157531, 54.25012860116891, 0.0 ], [ 15.959930955649035, 54.250084970538083, 0.0 ], [ 15.959536386003045, 54.24986605806545, 0.0 ], [ 15.956808253398021, 54.249785350623519, 0.0 ], [ 15.956413703429293, 54.249566429063435, 0.0 ], [ 15.953303286161718, 54.249504126787237, 0.0 ], [ 15.952908757905464, 54.249285193117565, 0.0 ], [ 15.9501806790598, 54.24920433883527, 0.0 ], [ 15.949021552247549, 54.249022317756051, 0.0 ], [ 15.946675808766731, 54.248922925026335, 0.0 ], [ 15.944509916369144, 54.248582812439594, 0.0 ], [ 15.942374364796116, 54.248454522509768, 0.0 ], [ 15.941215294587217, 54.248272427871065, 0.0 ], [ 15.938869615056154, 54.248172885618288, 0.0 ], [ 15.938092873657425, 54.247972332286295, 0.0 ], [ 15.93498261242274, 54.24790956665057, 0.0 ], [ 15.932396192887442, 54.247634804424955, 0.0 ], [ 15.926857254067526, 54.247624713933966, 0.0 ], [ 15.926846986488124, 54.2473735753209, 0.0 ], [ 15.919116580500241, 54.247320986319778, 0.0 ], [ 15.91872225520367, 54.247101942310053, 0.0 ], [ 15.916376703443895, 54.247001971408388, 0.0 ], [ 15.915600095553033, 54.246801275544023, 0.0 ], [ 15.912489967582388, 54.246737942050665, 0.0 ], [ 15.912095682248248, 54.246518875930143, 0.0 ], [ 15.909367883711212, 54.246437117286696, 0.0 ], [ 15.908591320609299, 54.246236376765729, 0.0 ], [ 15.90662814412817, 54.246117884912508, 0.0 ], [ 15.905087006124855, 54.245953777038238, 0.0 ], [ 15.901976963668895, 54.2458901774799, 0.0 ], [ 15.901200446918233, 54.245689390760596, 0.0 ], [ 15.896943537331666, 54.245680593982556, 0.0 ], [ 15.896125303565885, 54.245468996983412, 0.0 ], [ 15.894753021293416, 54.245583097915862, 0.0 ], [ 15.891898302245519, 54.245233389284728, 0.0 ], [ 15.889935226911296, 54.2451146309511, 0.0 ], [ 15.889158784626659, 54.244913767507349, 0.0 ], [ 15.885775928668339, 54.244844130732503, 0.0 ], [ 15.882182397762135, 54.244571150086387, 0.0 ], [ 15.879454798865888, 54.244488727726527, 0.0 ], [ 15.878678420304906, 54.244287797498373, 0.0 ], [ 15.876333139377071, 54.244187063199647, 0.0 ], [ 15.873613691781108, 54.243853468953901, 0.0 ], [ 15.871650739691455, 54.243734418468875, 0.0 ], [ 15.871256702788495, 54.243515220932785, 0.0 ], [ 15.868146910744386, 54.243450766576494, 0.0 ], [ 15.867370607830965, 54.24324976438421, 0.0 ], [ 15.865407704688169, 54.243130614512033, 0.0 ], [ 15.865013705884564, 54.242911396117151, 0.0 ], [ 15.862668541844565, 54.242810401557961, 0.0 ], [ 15.860713864755555, 54.242440133926735, 0.0 ], [ 15.858751020268766, 54.242320878032693, 0.0 ], [ 15.858357065201572, 54.24210163841601, 0.0 ], [ 15.854865125602144, 54.242055025682191, 0.0 ], [ 15.854471194138775, 54.241835773658408, 0.0 ], [ 15.849851880748355, 54.241235420675579, 0.0 ], [ 15.849344036366801, 54.240952849484017, 0.0 ], [ 15.846727557253953, 54.240725034277055, 0.0 ], [ 15.846191394797188, 54.24042662040199, 0.0 ], [ 15.844134309095153, 54.240301379359494, 0.0 ], [ 15.842656568685159, 54.239918440802469, 0.0 ], [ 15.841096684864816, 54.239585843865832, 0.0 ], [ 15.840650879433262, 54.239337672773907, 0.0 ], [ 15.838961699335551, 54.239190490579894, 0.0 ], [ 15.83749847539843, 54.238811219946044, 0.0 ], [ 15.835918134231868, 54.238673483726245, 0.0 ], [ 15.835524335850149, 54.238454170491295, 0.0 ], [ 15.833892903676231, 54.238106202749911, 0.0 ], [ 15.831816566444305, 54.237567945032545, 0.0 ], [ 15.828483178912618, 54.236933235259357, 0.0 ], [ 15.82718313091687, 54.236596138543426, 0.0 ], [ 15.825602906770284, 54.23645824225656, 0.0 ], [ 15.825209189260027, 54.236238922450006, 0.0 ], [ 15.823215393365146, 54.235895265012196, 0.0 ], [ 15.822821694152985, 54.235675936730729, 0.0 ], [ 15.821190479426868, 54.235327786992002, 0.0 ], [ 15.819638469918807, 54.234925217654336, 0.0 ], [ 15.818078963591118, 54.234592313770584, 0.0 ], [ 15.817633353129613, 54.234344071635945, 0.0 ], [ 15.815836726733927, 54.234109985412104, 0.0 ], [ 15.81519412531839, 54.233752039848234, 0.0 ], [ 15.8136346995324, 54.23341907850839, 0.0 ], [ 15.813189130329164, 54.233170820465965, 0.0 ], [ 15.811629741881875, 54.232837834511706, 0.0 ], [ 15.811236134228894, 54.232618468602681, 0.0 ], [ 15.809178723159171, 54.232263545337972, 0.0 ], [ 15.808383625606298, 54.231820522898673, 0.0 ], [ 15.806824328961445, 54.231487474980611, 0.0 ], [ 15.806430760020721, 54.23126809384874, 0.0 ], [ 15.804871499261365, 54.23093502107691, 0.0 ], [ 15.804426010256428, 54.230686730715192, 0.0 ], [ 15.803202911351189, 54.230425440879117, 0.0 ], [ 15.80203912660124, 54.230123338840919, 0.0 ], [ 15.799602109242491, 54.229602661842883, 0.0 ], [ 15.79762784580744, 54.228992012167303, 0.0 ], [ 15.797182420410037, 54.228743694887527, 0.0 ], [ 15.795623331894305, 54.228410504532022, 0.0 ], [ 15.794915614741926, 54.228015927793514, 0.0 ], [ 15.793587689769424, 54.227605148943127, 0.0 ], [ 15.793194229042435, 54.227385725009178, 0.0 ], [ 15.791201135864878, 54.227041544591181, 0.0 ], [ 15.790807693366414, 54.226822113089852, 0.0 ], [ 15.789578973158783, 54.226441967060119, 0.0 ], [ 15.788390067783242, 54.226034638417993, 0.0 ], [ 15.787161392390624, 54.225654468263649, 0.0 ], [ 15.786767984846538, 54.225435023100182, 0.0 ], [ 15.785539342641759, 54.225054836813229, 0.0 ], [ 15.784212076401239, 54.224600042654316, 0.0 ], [ 15.782739777561765, 54.224285201292602, 0.0 ], [ 15.782346406813105, 54.224065742144752, 0.0 ], [ 15.781117847359184, 54.223685510892636, 0.0 ], [ 15.780724492615331, 54.223466045768703, 0.0 ], [ 15.778387426652719, 54.223160723143309, 0.0 ], [ 15.777642097884534, 54.222744916156913, 0.0 ], [ 15.776314519707107, 54.222333948532864, 0.0 ], [ 15.775883336932642, 54.222093337288484, 0.0 ], [ 15.773546386196562, 54.22178792216129, 0.0 ], [ 15.773153088767637, 54.221568433009949, 0.0 ], [ 15.770816188335251, 54.221262965513851, 0.0 ], [ 15.77033314985882, 54.220993416956674, 0.0 ], [ 15.768774575677963, 54.220659883691482, 0.0 ], [ 15.768343455018698, 54.220419245342832, 0.0 ], [ 15.766005508049306, 54.220113520008304, 0.0 ], [ 15.765996677482644, 54.219876448348963, 0.0 ], [ 15.76365877872054, 54.219570678044597, 0.0 ], [ 15.763227698151795, 54.219330021871549, 0.0 ], [ 15.761669247269198, 54.218996397316488, 0.0 ], [ 15.761172258702135, 54.218719026481622, 0.0 ], [ 15.75961384678744, 54.218385375800942, 0.0 ], [ 15.758425474338027, 54.217977755393761, 0.0 ], [ 15.75719731909566, 54.217597282506723, 0.0 ], [ 15.756804151199729, 54.217377740731841, 0.0 ], [ 15.754811852514852, 54.217032967192871, 0.0 ], [ 15.754418701315256, 54.216813417820653, 0.0 ], [ 15.752082213828038, 54.216507591956194, 0.0 ], [ 15.751651235144154, 54.216266894761254, 0.0 ], [ 15.748894872621571, 54.215957716168568, 0.0 ], [ 15.748501763690737, 54.215738147125251, 0.0 ], [ 15.746943569034165, 54.215404335207872, 0.0 ], [ 15.746498600697809, 54.215155831847838, 0.0 ], [ 15.744506498090054, 54.214810891168788, 0.0 ], [ 15.744061549477205, 54.214562379033417, 0.0 ], [ 15.74250343700689, 54.214228509814099, 0.0 ], [ 15.742110379003313, 54.214008919655932, 0.0 ], [ 15.739354240400102, 54.213699526355192, 0.0 ], [ 15.738923366341918, 54.213458784054296, 0.0 ], [ 15.73658718807193, 54.213152663202592, 0.0 ], [ 15.736142305757799, 54.212904121761092, 0.0 ], [ 15.734584320232202, 54.21257015255442, 0.0 ], [ 15.734158585914281, 54.212332344769287, 0.0 ], [ 15.731053303865005, 54.212058747984109, 0.0 ], [ 15.730408941731516, 54.211698754919254, 0.0 ], [ 15.728286473460546, 54.211511696865003, 0.0 ], [ 15.72784165954439, 54.21126312564185, 0.0 ], [ 15.726283805291997, 54.210929049803539, 0.0 ], [ 15.725890864775906, 54.210709407304385, 0.0 ], [ 15.723554943213964, 54.210403037735048, 0.0 ], [ 15.723124195556917, 54.210162239618533, 0.0 ], [ 15.720749894152819, 54.209850755575239, 0.0 ], [ 15.720740790894416, 54.209597479461735, 0.0 ], [ 15.718748019520216, 54.209251897479753, 0.0 ], [ 15.718317312344665, 54.209011081790997, 0.0 ], [ 15.71598154369377, 54.208704568099407, 0.0 ], [ 15.715588681529864, 54.208484892120268, 0.0 ], [ 15.713597166240406, 54.208139447521766, 0.0 ], [ 15.713204320775212, 54.20791976395676, 0.0 ], [ 15.710449923026554, 54.207676598908087, 0.0 ], [ 15.710439150884149, 54.207372420546825, 0.0 ], [ 15.708070164675151, 54.207163217038577, 0.0 ], [ 15.706532413033855, 54.206762362284145, 0.0 ], [ 15.702180952743173, 54.206190820428041, 0.0 ], [ 15.701750375696268, 54.205949946285564, 0.0 ], [ 15.699414907375008, 54.205643115870828, 0.0 ], [ 15.699022162389419, 54.205423386455777, 0.0 ], [ 15.695917643895569, 54.205148899345026, 0.0 ], [ 15.695492212359424, 54.204910957035032, 0.0 ], [ 15.692377220305163, 54.204369977180022, 0.0 ], [ 15.690735222948218, 54.204017284205818, 0.0 ], [ 15.68968377098731, 54.203742979611881, 0.0 ], [ 15.685514622083266, 54.202945986744865, 0.0 ], [ 15.682888558803832, 54.20260058060336, 0.0 ], [ 15.682458132093116, 54.202359637633592, 0.0 ], [ 15.680123016314905, 54.202052439259077, 0.0 ], [ 15.67969261016396, 54.201811486650769, 0.0 ], [ 15.677701726105349, 54.201465458183094, 0.0 ], [ 15.677309136769392, 54.201245658177513, 0.0 ], [ 15.674205085575741, 54.200970621564949, 0.0 ], [ 15.673779822722462, 54.200732602946097, 0.0 ], [ 15.672201512784829, 54.200592728490783, 0.0 ], [ 15.670466598364037, 54.200315770789132, 0.0 ], [ 15.668672319126168, 54.200079525015546, 0.0 ], [ 15.668137986839103, 54.199780325938171, 0.0 ], [ 15.66552517614026, 54.199548642418023, 0.0 ], [ 15.665132670927704, 54.199328803828166, 0.0 ], [ 15.662378115560188, 54.199017678604108, 0.0 ], [ 15.661603676157808, 54.198815396560768, 0.0 ], [ 15.658879614089221, 54.19872804563262, 0.0 ], [ 15.658487152774521, 54.198508185068263, 0.0 ], [ 15.656908982714455, 54.198368114552686, 0.0 ], [ 15.654812090270198, 54.198033035316655, 0.0 ], [ 15.652998225136908, 54.197872011424678, 0.0 ], [ 15.652605802281997, 54.197652132181084, 0.0 ], [ 15.650263789249012, 54.197547050356391, 0.0 ], [ 15.649489437984057, 54.197344692425972, 0.0 ], [ 15.647529397222534, 54.197222028618569, 0.0 ], [ 15.645609227519714, 54.197072209937943, 0.0 ], [ 15.642638544899439, 54.196938760789209, 0.0 ], [ 15.641040146130626, 54.19652093768449, 0.0 ], [ 15.635959155409155, 54.195547201651429, 0.0 ], [ 15.633445867695675, 54.195389625095224, 0.0 ], [ 15.633053574581496, 54.195169682080554, 0.0 ], [ 15.631259740467344, 54.19493288881629, 0.0 ], [ 15.63067113552821, 54.194602945529859, 0.0 ], [ 15.628698926147912, 54.194427424871641, 0.0 ], [ 15.624409293049872, 54.19367896872302, 0.0 ], [ 15.62241899213547, 54.193416080919462, 0.0 ], [ 15.621989017379674, 54.193174923378308, 0.0 ], [ 15.619654886468089, 54.192866572801059, 0.0 ], [ 15.619262690389924, 54.192646586130735, 0.0 ], [ 15.616215914021199, 54.192375131764408, 0.0 ], [ 15.615352942940577, 54.192149281892036, 0.0 ], [ 15.614157082561135, 54.1919912365857, 0.0 ], [ 15.612329291570537, 54.191512914428088, 0.0 ], [ 15.610403217837716, 54.191204348593502, 0.0 ], [ 15.607483649402377, 54.190943987019729, 0.0 ], [ 15.607091537579528, 54.190723960941476, 0.0 ], [ 15.605535456815229, 54.190388348004085, 0.0 ], [ 15.605091616266272, 54.190139327598679, 0.0 ], [ 15.603101935629393, 54.189792085602882, 0.0 ], [ 15.602568215556071, 54.189492597527746, 0.0 ], [ 15.599956444158298, 54.189259516665715, 0.0 ], [ 15.599564387451377, 54.189039466787627, 0.0 ], [ 15.59722301305316, 54.188933372679564, 0.0 ], [ 15.596449087646082, 54.188730678309668, 0.0 ], [ 15.594459549804265, 54.188383295316733, 0.0 ], [ 15.593194290366723, 54.188051939068117, 0.0 ], [ 15.590550515352154, 54.187885199168477, 0.0 ], [ 15.590158522750972, 54.187665118633852, 0.0 ], [ 15.588581012610085, 54.18752416796697, 0.0 ], [ 15.586274406712478, 54.187272025901102, 0.0 ], [ 15.583908379121926, 54.187060536605252, 0.0 ], [ 15.583516430392836, 54.18684043504404, 0.0 ], [ 15.580029598078166, 54.186785979890303, 0.0 ], [ 15.578975255795974, 54.18650969807895, 0.0 ], [ 15.564611558217358, 54.186517239867122, 0.0 ], [ 15.561245794434519, 54.186788250599896, 0.0 ], [ 15.554695783752782, 54.186793118457608, 0.0 ], [ 15.553716164461745, 54.186731034505797, 0.0 ], [ 15.553563459215452, 54.187026390488867, 0.0 ], [ 15.553334280669057, 54.186748265342075, 0.0 ], [ 15.55215172786909, 54.186580895155608, 0.0 ], [ 15.551544614150307, 54.186263673199022, 0.0 ], [ 15.549920524558576, 54.185665656819445, 0.0 ], [ 15.549897172655074, 54.185428476303152, 0.0 ], [ 15.548671586834935, 54.184837686377328, 0.0 ], [ 15.548221126473644, 54.184386476394437, 0.0 ], [ 15.547593119190138, 54.184083706072748, 0.0 ], [ 15.546581451548651, 54.183554959377666, 0.0 ], [ 15.545744206715508, 54.183151250064697, 0.0 ], [ 15.543836250293662, 54.181945037182281, 0.0 ], [ 15.542451026689182, 54.181497779871705, 0.0 ], [ 15.542046258617436, 54.181286272427535, 0.0 ], [ 15.541209104386871, 54.180882531880073, 0.0 ], [ 15.540399785122856, 54.180459497774606, 0.0 ], [ 15.539187884526596, 54.180068106285532, 0.0 ], [ 15.538378600539399, 54.1796450590398, 0.0 ], [ 15.536777872712168, 54.179275653465069, 0.0 ], [ 15.536170985116861, 54.178958354296327, 0.0 ], [ 15.535333749898912, 54.178554581535678, 0.0 ], [ 15.534726885548915, 54.178237275419157, 0.0 ], [ 15.533515103834036, 54.177845826607594, 0.0 ], [ 15.53311041762054, 54.177634290214591, 0.0 ], [ 15.531856149220365, 54.177229093356068, 0.0 ], [ 15.531082468969135, 54.176824555507594, 0.0 ], [ 15.529510938797157, 54.176461777369553, 0.0 ], [ 15.529062339848672, 54.176227126980017, 0.0 ], [ 15.525988071581493, 54.175517412774383, 0.0 ], [ 15.525283433154437, 54.175177429181808, 0.0 ], [ 15.524654725703391, 54.174848522419872, 0.0 ], [ 15.523054119783835, 54.17447894387891, 0.0 ], [ 15.522245301724357, 54.174055780298787, 0.0 ], [ 15.520673955080273, 54.173692888345364, 0.0 ], [ 15.520269376177742, 54.173481308441993, 0.0 ], [ 15.519069083020495, 54.17320407923053, 0.0 ], [ 15.517496790855771, 54.1728151283438, 0.0 ], [ 15.515525328011444, 54.172359758939471, 0.0 ], [ 15.515098822338619, 54.172136608882738, 0.0 ], [ 15.513535271198498, 54.171985966405892, 0.0 ], [ 15.512748983210292, 54.171791466949927, 0.0 ], [ 15.51114879223066, 54.17142172420219, 0.0 ], [ 15.509576455084993, 54.17103268070376, 0.0 ], [ 15.508332427831846, 54.170856037647496, 0.0 ], [ 15.506815384073759, 54.170480622660222, 0.0 ], [ 15.502865657995352, 54.16976547015684, 0.0 ], [ 15.501293464182021, 54.169376319492926, 0.0 ], [ 15.499722483010506, 54.169013157138231, 0.0 ], [ 15.499094074607278, 54.168684118280609, 0.0 ], [ 15.497321457593824, 54.168432266108894, 0.0 ], [ 15.496917051834746, 54.168220608314165, 0.0 ], [ 15.494178992878656, 54.167896978428786, 0.0 ], [ 15.493759494032723, 54.167677324252068, 0.0 ], [ 15.491418340858786, 54.16734457186601, 0.0 ], [ 15.490632247240946, 54.167149930554054, 0.0 ], [ 15.48906897739373, 54.166998974813652, 0.0 ], [ 15.487706711558445, 54.166661547244608, 0.0 ], [ 15.484781559467741, 54.166514530853895, 0.0 ], [ 15.483995513012585, 54.166319846817466, 0.0 ], [ 15.48090540817377, 54.166236836259998, 0.0 ], [ 15.478719332299935, 54.165904090377595, 0.0 ], [ 15.475694911092397, 54.166002358730168, 0.0 ], [ 15.471678396978346, 54.166229489962575, 0.0 ], [ 15.465050058976191, 54.166240375128709, 0.0 ], [ 15.459930264053533, 54.166529399678858, 0.0 ], [ 15.449456722138054, 54.166507709852922, 0.0 ], [ 15.449052580615325, 54.166295893179147, 0.0 ], [ 15.445580827023711, 54.166228901220663, 0.0 ], [ 15.445167240947066, 54.166012046770312, 0.0 ], [ 15.437476678517426, 54.165911701404156, 0.0 ], [ 15.437072602692657, 54.165699845406138, 0.0 ], [ 15.433600925747491, 54.165632514780796, 0.0 ], [ 15.43319687459895, 54.165420645250634, 0.0 ], [ 15.43048869377952, 54.165319510269825, 0.0 ], [ 15.429702930060534, 54.165124478099351, 0.0 ], [ 15.426473770855614, 54.164900490527984, 0.0 ], [ 15.425416433164575, 54.164637960554238, 0.0 ], [ 15.422708325505431, 54.164536654021056, 0.0 ], [ 15.42230434063614, 54.164324748852337, 0.0 ], [ 15.419198113057073, 54.164023021944701, 0.0 ], [ 15.418781464487601, 54.163804351288164, 0.0 ], [ 15.417218597449862, 54.163652481323638, 0.0 ], [ 15.416396700358952, 54.163448318536048, 0.0 ], [ 15.413314124515514, 54.163148733045965, 0.0 ], [ 15.412910202428302, 54.162936796344447, 0.0 ], [ 15.410565801897553, 54.162708880692641, 0.0 ], [ 15.409387564761543, 54.162416127824478, 0.0 ], [ 15.407824786703298, 54.162264137922691, 0.0 ], [ 15.406290200675114, 54.161882806073905, 0.0 ], [ 15.404683982316659, 54.161726555902717, 0.0 ], [ 15.404280117709988, 54.161514591035818, 0.0 ], [ 15.401682040712299, 54.161261806549064, 0.0 ], [ 15.401139416856257, 54.160976917906709, 0.0 ], [ 15.398017611031008, 54.160759612183632, 0.0 ], [ 15.395283990891448, 54.160124899387263, 0.0 ], [ 15.394858263852113, 54.159901329123741, 0.0 ], [ 15.392767932899545, 54.159697789748854, 0.0 ], [ 15.392099502033522, 54.159346685054011, 0.0 ], [ 15.38901014161347, 54.159261363096284, 0.0 ], [ 15.388606383145154, 54.159049346262179, 0.0 ], [ 15.386625429526976, 54.1589112328165, 0.0 ], [ 15.38508439159823, 54.158527978606429, 0.0 ], [ 15.383521853821948, 54.158375678053147, 0.0 ], [ 15.382736447856521, 54.158180344186995, 0.0 ], [ 15.381198367360886, 54.158073056777809, 0.0 ], [ 15.376468139250353, 54.171309258849199, 0.0 ], [ 15.377624633694387, 54.171389948091743, 0.0 ], [ 15.377801617813473, 54.171420413538939, 0.0 ], [ 15.378587546793517, 54.171530873074225, 0.0 ], [ 15.378629994440622, 54.171536378244639, 0.0 ], [ 15.378670767532565, 54.171545234379956, 0.0 ], [ 15.379463100472986, 54.171707744732451, 0.0 ], [ 15.380906094079069, 54.171956106082739, 0.0 ], [ 15.382215812466637, 54.172130717094277, 0.0 ], [ 15.38227206214723, 54.172137209116606, 0.0 ], [ 15.382326898897928, 54.172147026722428, 0.0 ], [ 15.383291508042431, 54.172306343339578, 0.0 ], [ 15.384759040559421, 54.172498799950311, 0.0 ], [ 15.386244793550039, 54.172634554217076, 0.0 ], [ 15.386431390869561, 54.172647498809589, 0.0 ], [ 15.38646778954015, 54.172649935347657, 0.0 ], [ 15.386503030208605, 54.172655819436201, 0.0 ], [ 15.387050417108933, 54.172742937841292, 0.0 ], [ 15.387559186929026, 54.172815916393418, 0.0 ], [ 15.389583953003946, 54.173286049674083, 0.0 ], [ 15.390858474881622, 54.173556767097097, 0.0 ], [ 15.392301603837961, 54.173804994554764, 0.0 ], [ 15.393769231352971, 54.173997343438735, 0.0 ], [ 15.394628160506032, 54.174082874745281, 0.0 ], [ 15.394665052464466, 54.17408612779797, 0.0 ], [ 15.394700588659251, 54.174092800053018, 0.0 ], [ 15.395967113673526, 54.174307352428428, 0.0 ], [ 15.397312969410349, 54.174485934521577, 0.0 ], [ 15.397357452309983, 54.174491018961149, 0.0 ], [ 15.397400424425374, 54.174499473902365, 0.0 ], [ 15.397526732068126, 54.174524086710861, 0.0 ], [ 15.398969934941151, 54.174772236086824, 0.0 ], [ 15.399816535077074, 54.174890350765764, 0.0 ], [ 15.399858537409484, 54.174895719866839, 0.0 ], [ 15.399898874078065, 54.174904444069618, 0.0 ], [ 15.400668412532081, 54.175061846314939, 0.0 ], [ 15.402111654539974, 54.175309958563915, 0.0 ], [ 15.403057065203544, 54.175440543790529, 0.0 ], [ 15.403105491819341, 54.175446603109798, 0.0 ], [ 15.403152347711925, 54.175456004213395, 0.0 ], [ 15.403410195483131, 54.175506743036188, 0.0 ], [ 15.40485346926812, 54.175754822824814, 0.0 ], [ 15.405879256275774, 54.175895351443074, 0.0 ], [ 15.405927638482712, 54.175901296734523, 0.0 ], [ 15.405974469667047, 54.175910588930613, 0.0 ], [ 15.406159288971953, 54.175946750701158, 0.0 ], [ 15.407602595939766, 54.176194797984742, 0.0 ], [ 15.409070382506599, 54.176386963295471, 0.0 ], [ 15.409583652993891, 54.176440366093608, 0.0 ], [ 15.410524508543958, 54.176531811670706, 0.0 ], [ 15.41118762835838, 54.176648802571286, 0.0 ], [ 15.411253131363983, 54.176659298319308, 0.0 ], [ 15.411316896672696, 54.176672999611327, 0.0 ], [ 15.41204493939475, 54.176821371468165, 0.0 ], [ 15.413488311928113, 54.177069349929035, 0.0 ], [ 15.414956158344147, 54.177261444258164, 0.0 ], [ 15.415395022700396, 54.177307518253762, 0.0 ], [ 15.415433313389521, 54.177311313910245, 0.0 ], [ 15.415470162355513, 54.177318512923186, 0.0 ], [ 15.415556144544665, 54.177335202062736, 0.0 ], [ 15.416999557861281, 54.177583138081928, 0.0 ], [ 15.418467439001065, 54.177775190938625, 0.0 ], [ 15.419953497224824, 54.177910536601679, 0.0 ], [ 15.420858136925229, 54.17796460615066, 0.0 ], [ 15.420894796406357, 54.177966368826986, 0.0 ], [ 15.420930489148985, 54.177971597629259, 0.0 ], [ 15.422234045433033, 54.178139149891514, 0.0 ], [ 15.423720129543909, 54.178274449363954, 0.0 ], [ 15.423801098913501, 54.178280152476994, 0.0 ], [ 15.424605129881911, 54.178335929186616, 0.0 ], [ 15.424782256601215, 54.178366340405795, 0.0 ], [ 15.42625020258011, 54.178558300067031, 0.0 ], [ 15.427736316951442, 54.1786935512499, 0.0 ], [ 15.428152044057473, 54.178721006508411, 0.0 ], [ 15.428196362819332, 54.178723694230499, 0.0 ], [ 15.428239681046179, 54.178729820132432, 0.0 ], [ 15.429363393410828, 54.178871405325133, 0.0 ], [ 15.430849529265528, 54.179006619224793, 0.0 ], [ 15.432347457041878, 54.179084545029369, 0.0 ], [ 15.432738279473533, 54.179095379782275, 0.0 ], [ 15.432774186147379, 54.179096195315175, 0.0 ], [ 15.432809370390768, 54.179100500492595, 0.0 ], [ 15.433240347781242, 54.179150718808494, 0.0 ], [ 15.434726506901184, 54.179285885111824, 0.0 ], [ 15.436224454141005, 54.179363763803096, 0.0 ], [ 15.436991408314009, 54.179381312110067, 0.0 ], [ 15.44109200832297, 54.179434867146782, 0.0 ], [ 15.441347034361023, 54.17946818066293, 0.0 ], [ 15.442833234089989, 54.179603249141536, 0.0 ], [ 15.444331209330226, 54.179681028999518, 0.0 ], [ 15.444722039123219, 54.179691825760308, 0.0 ], [ 15.444757948162163, 54.179692638670261, 0.0 ], [ 15.444793132782753, 54.179696940324078, 0.0 ], [ 15.445224132880659, 54.179747115124179, 0.0 ], [ 15.446710354235226, 54.179882136854076, 0.0 ], [ 15.44820834737595, 54.179959869549776, 0.0 ], [ 15.449401014019088, 54.17998055495385, 0.0 ], [ 15.459877936550084, 54.180002228045311, 0.0 ], [ 15.460188614461527, 54.180001625456093, 0.0 ], [ 15.461690858733336, 54.179963899221768, 0.0 ], [ 15.462157807467083, 54.179940365016463, 0.0 ], [ 15.466212393175313, 54.179711482950147, 0.0 ], [ 15.471770984537358, 54.179702317210406, 0.0 ], [ 15.471940530557216, 54.179701667044981, 0.0 ], [ 15.473442756346808, 54.179663797229317, 0.0 ], [ 15.473909894204597, 54.179640206841718, 0.0 ], [ 15.476724596265665, 54.179481045856214, 0.0 ], [ 15.478169114017952, 54.179611900113102, 0.0 ], [ 15.479667162410214, 54.179689248693784, 0.0 ], [ 15.479880671984231, 54.179695570719495, 0.0 ], [ 15.480161299211204, 54.179703112107696, 0.0 ], [ 15.480560147517833, 54.179755078598767, 0.0 ], [ 15.482046490697178, 54.179889673242606, 0.0 ], [ 15.482591583704762, 54.179924512085741, 0.0 ], [ 15.48262352050952, 54.179926327387996, 0.0 ], [ 15.482654326095579, 54.179931601734893, 0.0 ], [ 15.483380594877476, 54.180048403065676, 0.0 ], [ 15.484628739025723, 54.180214734470184, 0.0 ], [ 15.484685843450846, 54.180221370445615, 0.0 ], [ 15.484741532642364, 54.180231326728084, 0.0 ], [ 15.48536994160696, 54.180337976293856, 0.0 ], [ 15.485416510747745, 54.180345460989336, 0.0 ], [ 15.485461173795999, 54.180356231878839, 0.0 ], [ 15.485634720540263, 54.180397604481399, 0.0 ], [ 15.487048127470262, 54.180699537664935, 0.0 ], [ 15.48849209607986, 54.180946633065183, 0.0 ], [ 15.489339085742962, 54.181064129075999, 0.0 ], [ 15.489381105673365, 54.18106946803519, 0.0 ], [ 15.489421470007086, 54.181078162629916, 0.0 ], [ 15.489742875408036, 54.181145811853028, 0.0 ], [ 15.489794102956285, 54.181156343540593, 0.0 ], [ 15.489843092946233, 54.181170059156969, 0.0 ], [ 15.491179652768581, 54.181514160062797, 0.0 ], [ 15.491317171398492, 54.181546252418642, 0.0 ], [ 15.492632483006403, 54.181850323364515, 0.0 ], [ 15.493951479916481, 54.182176813331616, 0.0 ], [ 15.494323623643583, 54.182266685203004, 0.0 ], [ 15.495737158606298, 54.182568518063832, 0.0 ], [ 15.496109513932929, 54.182637983842334, 0.0 ], [ 15.498961611917052, 54.183154417333498, 0.0 ], [ 15.499419521857275, 54.183267735859374, 0.0 ], [ 15.499791817048191, 54.183357623674276, 0.0 ], [ 15.501205430085843, 54.183659393364053, 0.0 ], [ 15.502287182186803, 54.183849977950452, 0.0 ], [ 15.502332815766012, 54.183857306450214, 0.0 ], [ 15.502376531790699, 54.183867925559937, 0.0 ], [ 15.502608915994491, 54.183923501019777, 0.0 ], [ 15.502745978091101, 54.183955471426991, 0.0 ], [ 15.50409126480627, 54.184266327366359, 0.0 ], [ 15.504624900720536, 54.184398333806875, 0.0 ], [ 15.504996001075295, 54.184487905104177, 0.0 ], [ 15.506409689996929, 54.184789613768544, 0.0 ], [ 15.507485745591122, 54.184979229746631, 0.0 ], [ 15.507511203702462, 54.184983321394981, 0.0 ], [ 15.508839690070698, 54.185290184790233, 0.0 ], [ 15.509456601127475, 54.185442802652069, 0.0 ], [ 15.510577760083862, 54.185788526695369, 0.0 ], [ 15.510624106434827, 54.185801850240004, 0.0 ], [ 15.510667562324889, 54.185818186224907, 0.0 ], [ 15.511805195523138, 54.186219193625611, 0.0 ], [ 15.512693031256147, 54.18649042751283, 0.0 ], [ 15.513453082132534, 54.18680049111078, 0.0 ], [ 15.51473970291122, 54.18725792727431, 0.0 ], [ 15.516074533042625, 54.187665078158069, 0.0 ], [ 15.517451850775224, 54.188020196080082, 0.0 ], [ 15.517589990229579, 54.188052392671217, 0.0 ], [ 15.518331936508021, 54.188223690708838, 0.0 ], [ 15.519474214985877, 54.188574608478412, 0.0 ], [ 15.519521436463645, 54.18858808245524, 0.0 ], [ 15.51956578911177, 54.18860457240288, 0.0 ], [ 15.520343737265517, 54.188881311546311, 0.0 ], [ 15.5204059511188, 54.188902468257481, 0.0 ], [ 15.520465121246261, 54.188926441584236, 0.0 ], [ 15.520981470305847, 54.189129662938548, 0.0 ], [ 15.521440251527789, 54.189298251703008, 0.0 ], [ 15.521492308674294, 54.189325473166342, 0.0 ], [ 15.521837407181973, 54.189502347487078, 0.0 ], [ 15.52301155981664, 54.190054164616534, 0.0 ], [ 15.524244706657981, 54.19055981850147, 0.0 ], [ 15.525531566981874, 54.191017140775749, 0.0 ], [ 15.52673215026984, 54.191386080744763, 0.0 ], [ 15.526778033720955, 54.191399185728727, 0.0 ], [ 15.526821033129727, 54.191415309111804, 0.0 ], [ 15.527126492641472, 54.191527637306663, 0.0 ], [ 15.527168923055928, 54.191549812531207, 0.0 ], [ 15.527511174316691, 54.1917251583561, 0.0 ], [ 15.528685466884358, 54.19227692113239, 0.0 ], [ 15.529197969552335, 54.192495608556371, 0.0 ], [ 15.529224394291264, 54.192506560894394, 0.0 ], [ 15.529246913237408, 54.192520186485574, 0.0 ], [ 15.529694221503604, 54.192783492745626, 0.0 ], [ 15.530804584168795, 54.193379027208792, 0.0 ], [ 15.531155033076162, 54.19355149238487, 0.0 ], [ 15.531179561510369, 54.193563321546087, 0.0 ], [ 15.531579967709073, 54.193833549647223, 0.0 ], [ 15.532046694924519, 54.194129194821187, 0.0 ], [ 15.532098434112498, 54.194161002642552, 0.0 ], [ 15.532145938113235, 54.194195003834224, 0.0 ], [ 15.532828844102172, 54.194661693435037, 0.0 ], [ 15.533870559394508, 54.195298443634954, 0.0 ], [ 15.534981051375702, 54.195893940409952, 0.0 ], [ 15.53615556293566, 54.196445629639314, 0.0 ], [ 15.537389065202781, 54.1969511500739, 0.0 ], [ 15.53770948023231, 54.197071322656249, 0.0 ], [ 15.537989937159429, 54.197174605363003, 0.0 ], [ 15.538387050070833, 54.197361116039794, 0.0 ], [ 15.53962060748454, 54.197866613454039, 0.0 ], [ 15.540907867443465, 54.198323773119462, 0.0 ], [ 15.541907019187157, 54.198634253177808, 0.0 ], [ 15.54198594240664, 54.198657340269719, 0.0 ], [ 15.542062274734363, 54.198683250306658, 0.0 ], [ 15.542319880190027, 54.198769395213866, 0.0 ], [ 15.543655359017031, 54.19917624178828, 0.0 ], [ 15.545033301874991, 54.199531048042331, 0.0 ], [ 15.546447806609859, 54.199832292977511, 0.0 ], [ 15.547892808632552, 54.200078684167607, 0.0 ], [ 15.549362115549153, 54.200269166872495, 0.0 ], [ 15.550849430231645, 54.200402924719462, 0.0 ], [ 15.552348378115033, 54.200479384998701, 0.0 ], [ 15.553852535025296, 54.200498217671836, 0.0 ], [ 15.555355452658645, 54.20045934420294, 0.0 ], [ 15.556850688396141, 54.200362931215842, 0.0 ], [ 15.557809219675937, 54.200263568548742, 0.0 ], [ 15.561303829540503, 54.200260919633386, 0.0 ], [ 15.561537345012987, 54.200260044738627, 0.0 ], [ 15.563040247613714, 54.20022107766161, 0.0 ], [ 15.56440088604562, 54.200135642283847, 0.0 ], [ 15.566220113180224, 54.199989166040147, 0.0 ], [ 15.575486981823628, 54.199984353362808, 0.0 ], [ 15.575836655941655, 54.200029604702344, 0.0 ], [ 15.577324053486427, 54.200163042538804, 0.0 ], [ 15.578823047572056, 54.200239179705015, 0.0 ], [ 15.579214113733844, 54.200249547958066, 0.0 ], [ 15.579250043406191, 54.200250320978938, 0.0 ], [ 15.579285261062811, 54.200254583746535, 0.0 ], [ 15.579716643556205, 54.200304286186217, 0.0 ], [ 15.58046932042719, 54.200379082782725, 0.0 ], [ 15.582459965892513, 54.200557017317593, 0.0 ], [ 15.583136278270961, 54.200630948994885, 0.0 ], [ 15.583446041830904, 54.20069316511416, 0.0 ], [ 15.584891300272403, 54.200939121611491, 0.0 ], [ 15.586360815912123, 54.201129162369696, 0.0 ], [ 15.587631020028274, 54.20124662904206, 0.0 ], [ 15.5876658424576, 54.201249267056454, 0.0 ], [ 15.587699394900985, 54.201255341257117, 0.0 ], [ 15.587920424226684, 54.201294646225257, 0.0 ], [ 15.588579826416588, 54.201409786156113, 0.0 ], [ 15.588705526189644, 54.20144097125872, 0.0 ], [ 15.590120419932564, 54.201741711536506, 0.0 ], [ 15.591565756324481, 54.201987588920183, 0.0 ], [ 15.593035340091372, 54.202177549059414, 0.0 ], [ 15.593988385047036, 54.202269619007367, 0.0 ], [ 15.594038426023557, 54.202273822870204, 0.0 ], [ 15.594087294657438, 54.202281419855936, 0.0 ], [ 15.594300001640342, 54.202313854143767, 0.0 ], [ 15.59514773951352, 54.202430617853281, 0.0 ], [ 15.59518979624252, 54.202435920357637, 0.0 ], [ 15.595230201978412, 54.202444579071617, 0.0 ], [ 15.595437373888517, 54.202488321074, 0.0 ], [ 15.595487800276501, 54.202498808571519, 0.0 ], [ 15.59553596255064, 54.202512477513572, 0.0 ], [ 15.595641670325294, 54.20254228641938, 0.0 ], [ 15.596421311831911, 54.202750347679412, 0.0 ], [ 15.59648115780946, 54.202765537638726, 0.0 ], [ 15.596538484399302, 54.202783767802188, 0.0 ], [ 15.597590304933979, 54.20309807901122, 0.0 ], [ 15.598968848767985, 54.203452278351101, 0.0 ], [ 15.600383888921288, 54.203752899937164, 0.0 ], [ 15.601829358280455, 54.203998655825004, 0.0 ], [ 15.60329906244406, 54.204188493125542, 0.0 ], [ 15.604051852413482, 54.204263144567967, 0.0 ], [ 15.605046575349652, 54.204351858162966, 0.0 ], [ 15.605644079081234, 54.204499977848826, 0.0 ], [ 15.607059203548822, 54.204800522051954, 0.0 ], [ 15.608184678614339, 54.204996954711362, 0.0 ], [ 15.608247805600524, 54.205006951837767, 0.0 ], [ 15.608309189200563, 54.205020171385861, 0.0 ], [ 15.609118605292332, 54.205184532216457, 0.0 ], [ 15.610564177545474, 54.205430185445614, 0.0 ], [ 15.612033975316409, 54.205619918220968, 0.0 ], [ 15.612491361923396, 54.205667035000936, 0.0 ], [ 15.612530586899807, 54.205670836702481, 0.0 ], [ 15.612568402096134, 54.205678043902033, 0.0 ], [ 15.613643056300305, 54.205866028444923, 0.0 ], [ 15.613689679269717, 54.205873464214477, 0.0 ], [ 15.613734403457514, 54.20588418828514, 0.0 ], [ 15.613908189182595, 54.205925379025381, 0.0 ], [ 15.615323423095013, 54.206225827497633, 0.0 ], [ 15.616769069965892, 54.206471407188552, 0.0 ], [ 15.617389583476715, 54.206558688359117, 0.0 ], [ 15.618619877178554, 54.206721194331024, 0.0 ], [ 15.622163423661465, 54.207339465685401, 0.0 ], [ 15.622626326021422, 54.207417144475158, 0.0 ], [ 15.622676682173402, 54.207425261662323, 0.0 ], [ 15.622725161254651, 54.207436653497091, 0.0 ], [ 15.622751291965367, 54.207442782971867, 0.0 ], [ 15.624166644448017, 54.207743129041255, 0.0 ], [ 15.624606578668919, 54.207824209130308, 0.0 ], [ 15.624664821126304, 54.207834568767538, 0.0 ], [ 15.624721113631606, 54.207848138963307, 0.0 ], [ 15.624937987539061, 54.207899666376854, 0.0 ], [ 15.626353370955323, 54.208199987127657, 0.0 ], [ 15.627799155830647, 54.208445437071518, 0.0 ], [ 15.629269142007967, 54.208634961816827, 0.0 ], [ 15.630757030644096, 54.208767751869082, 0.0 ], [ 15.631027152742064, 54.208785636860668, 0.0 ], [ 15.631135567000598, 54.208792434989071, 0.0 ], [ 15.632783858791042, 54.209108313507691, 0.0 ], [ 15.633292884976875, 54.209241375983304, 0.0 ], [ 15.63413311832104, 54.209449421342391, 0.0 ], [ 15.635548625566477, 54.209749636528599, 0.0 ], [ 15.636994518870571, 54.20999497740911, 0.0 ], [ 15.638464603568355, 54.210184392025731, 0.0 ], [ 15.639952578922561, 54.210317070419286, 0.0 ], [ 15.640908572300575, 54.210371811676893, 0.0 ], [ 15.643239061597859, 54.210476501965488, 0.0 ], [ 15.644364426878106, 54.210564302597383, 0.0 ], [ 15.644409280884384, 54.210571255112804, 0.0 ], [ 15.644622071961653, 54.210603600664861, 0.0 ], [ 15.646092215356775, 54.210792924671516, 0.0 ], [ 15.64704558126771, 54.210884581255627, 0.0 ], [ 15.647095638874713, 54.210888764177291, 0.0 ], [ 15.647144526665491, 54.210896340750999, 0.0 ], [ 15.647357323278925, 54.210928681563601, 0.0 ], [ 15.648827490564788, 54.211117972457345, 0.0 ], [ 15.649581004296332, 54.211192390259008, 0.0 ], [ 15.650075477045851, 54.211236287715472, 0.0 ], [ 15.650884843148917, 54.211365619065241, 0.0 ], [ 15.651016732211154, 54.211386446983127, 0.0 ], [ 15.651082905572485, 54.211396774153982, 0.0 ], [ 15.651147376628705, 54.211410309272573, 0.0 ], [ 15.651794391157624, 54.211539825391696, 0.0 ], [ 15.653240448040819, 54.21178497415157, 0.0 ], [ 15.654710673947115, 54.211974194845041, 0.0 ], [ 15.656198769261627, 54.21210667570552, 0.0 ], [ 15.657409161175206, 54.212171853593169, 0.0 ], [ 15.657448911682611, 54.21217337482431, 0.0 ], [ 15.657487833785261, 54.212178366748816, 0.0 ], [ 15.657588127914471, 54.212191092312246, 0.0 ], [ 15.657630201900599, 54.212196373203611, 0.0 ], [ 15.657670630961199, 54.212205012163544, 0.0 ], [ 15.658441862043389, 54.212360791518151, 0.0 ], [ 15.659887988582803, 54.212605862221871, 0.0 ], [ 15.660736128076172, 54.212722172681005, 0.0 ], [ 15.660778203047979, 54.212727452485147, 0.0 ], [ 15.660818634856385, 54.212736090446469, 0.0 ], [ 15.661589888464258, 54.212891849932028, 0.0 ], [ 15.663036050622681, 54.213136883246158, 0.0 ], [ 15.663656775527343, 54.213223931448496, 0.0 ], [ 15.664946489977881, 54.213393745140557, 0.0 ], [ 15.66615320705356, 54.213586380275572, 0.0 ], [ 15.666188789956067, 54.213592119708089, 0.0 ], [ 15.666251784879126, 54.213605770339079, 0.0 ], [ 15.667124212819127, 54.213783254848046, 0.0 ], [ 15.668570439976143, 54.214028222514372, 0.0 ], [ 15.670040818511627, 54.214217258815019, 0.0 ], [ 15.670417375463444, 54.2142555573759, 0.0 ], [ 15.671627829117275, 54.214565620782373, 0.0 ], [ 15.673043789643428, 54.214865402685312, 0.0 ], [ 15.674128815573344, 54.215054729049008, 0.0 ], [ 15.674175460681701, 54.215062141680896, 0.0 ], [ 15.674220211326418, 54.215072843626295, 0.0 ], [ 15.674394096095126, 54.215113948299965, 0.0 ], [ 15.675810095187588, 54.215413697255613, 0.0 ], [ 15.677256433175423, 54.215658562912857, 0.0 ], [ 15.677877300031914, 54.215745548784639, 0.0 ], [ 15.679440977939381, 54.215951225188185, 0.0 ], [ 15.681450253528123, 54.21633533383168, 0.0 ], [ 15.682242840973343, 54.216531179209575, 0.0 ], [ 15.682842304424542, 54.216665532443464, 0.0 ], [ 15.684484736283434, 54.217018328137307, 0.0 ], [ 15.685301393112116, 54.217183622873605, 0.0 ], [ 15.685865687773996, 54.217286266172771, 0.0 ], [ 15.686141355638005, 54.217334145938821, 0.0 ], [ 15.687426598814039, 54.217663143775461, 0.0 ], [ 15.688842782229402, 54.217962741821751, 0.0 ], [ 15.690289289382116, 54.218207453081803, 0.0 ], [ 15.691759919774997, 54.218396229119151, 0.0 ], [ 15.692277474597738, 54.218448767446226, 0.0 ], [ 15.692316109513035, 54.218452424094252, 0.0 ], [ 15.69235334814344, 54.218459490158708, 0.0 ], [ 15.693426253241693, 54.218646308144386, 0.0 ], [ 15.693472904613424, 54.218653713359373, 0.0 ], [ 15.693517664399335, 54.218664408251541, 0.0 ], [ 15.693691584465411, 54.218705485515763, 0.0 ], [ 15.695107850196518, 54.219005010924754, 0.0 ], [ 15.696554430628842, 54.219249648724137, 0.0 ], [ 15.697175400343797, 54.219336537382077, 0.0 ], [ 15.699361025395509, 54.21962362682477, 0.0 ], [ 15.699582374673868, 54.219678277623927, 0.0 ], [ 15.700998717454686, 54.219977734723429, 0.0 ], [ 15.7012946735413, 54.220032683609027, 0.0 ], [ 15.701347894654122, 54.220042333701898, 0.0 ], [ 15.701399091699127, 54.220055209685732, 0.0 ], [ 15.701962748155294, 54.220191819337074, 0.0 ], [ 15.70337912517431, 54.220491249758631, 0.0 ], [ 15.70482580877032, 54.220735789501475, 0.0 ], [ 15.706296599271267, 54.220924390012193, 0.0 ], [ 15.706352924968886, 54.220930396176868, 0.0 ], [ 15.707495830916741, 54.221220159619612, 0.0 ], [ 15.70891228562602, 54.221519525963764, 0.0 ], [ 15.709713655238785, 54.221659079080503, 0.0 ], [ 15.710885229186827, 54.222013748071653, 0.0 ], [ 15.712265393012915, 54.222366668651674, 0.0 ], [ 15.713681922059433, 54.22266597893293, 0.0 ], [ 15.714817796058217, 54.222862906937536, 0.0 ], [ 15.714863861187617, 54.222870143819854, 0.0 ], [ 15.714908041982419, 54.222880675390158, 0.0 ], [ 15.71507117666884, 54.222919139472566, 0.0 ], [ 15.716487744626953, 54.223218417228836, 0.0 ], [ 15.717467431378866, 54.22338688049301, 0.0 ], [ 15.71842362929053, 54.223675281687981, 0.0 ], [ 15.719803914465304, 54.224028116513082, 0.0 ], [ 15.721220556654174, 54.224327339553113, 0.0 ], [ 15.722306059831231, 54.224516238688338, 0.0 ], [ 15.722352723416801, 54.224523632871367, 0.0 ], [ 15.722397495805504, 54.224534318067064, 0.0 ], [ 15.722571470808981, 54.224575353426964, 0.0 ], [ 15.723988151431479, 54.22487454438253, 0.0 ], [ 15.725435114850642, 54.225118840057853, 0.0 ], [ 15.7265377675058, 54.225260026971377, 0.0 ], [ 15.726726391414836, 54.225316898809147, 0.0 ], [ 15.728106804081204, 54.225669640086466, 0.0 ], [ 15.729523564624165, 54.225968766950494, 0.0 ], [ 15.730609150084073, 54.226157592275051, 0.0 ], [ 15.730655817127927, 54.226164983284967, 0.0 ], [ 15.730700593550212, 54.226175665445489, 0.0 ], [ 15.730874582598767, 54.226216688968584, 0.0 ], [ 15.732291381564922, 54.226515783742151, 0.0 ], [ 15.733738453603163, 54.226759981917212, 0.0 ], [ 15.734091720389243, 54.226808185894882, 0.0 ], [ 15.734647636948425, 54.226975747193521, 0.0 ], [ 15.736028172694489, 54.227328399206719, 0.0 ], [ 15.736880676229793, 54.227515654755287, 0.0 ], [ 15.736931171154374, 54.22752608387421, 0.0 ], [ 15.736979408229955, 54.227539697135441, 0.0 ], [ 15.737085284791803, 54.227569383066211, 0.0 ], [ 15.737866123650953, 54.227776541443149, 0.0 ], [ 15.737926058753295, 54.227791662196339, 0.0 ], [ 15.737983481618627, 54.227809826184625, 0.0 ], [ 15.739037033732107, 54.228122917844587, 0.0 ], [ 15.740417646978626, 54.228475519633534, 0.0 ], [ 15.741834593294055, 54.228774503977441, 0.0 ], [ 15.743281801877293, 54.229018589183923, 0.0 ], [ 15.743989477242943, 54.229116457834053, 0.0 ], [ 15.744030929630467, 54.229121787545765, 0.0 ], [ 15.744070702324235, 54.229130470980699, 0.0 ], [ 15.74502282831061, 54.229324557047207, 0.0 ], [ 15.746256118580568, 54.229536283181027, 0.0 ], [ 15.746303650965491, 54.229543605963954, 0.0 ], [ 15.746349337944997, 54.229554224947165, 0.0 ], [ 15.747253263357255, 54.229749938128563, 0.0 ], [ 15.748006031102145, 54.230008162377459, 0.0 ], [ 15.748420036573796, 54.230146827081256, 0.0 ], [ 15.74975858576706, 54.23055141877002, 0.0 ], [ 15.75020604856085, 54.230672573282902, 0.0 ], [ 15.750262029253721, 54.230687306692175, 0.0 ], [ 15.750315380732957, 54.230705076832315, 0.0 ], [ 15.750475857911832, 54.230758032425904, 0.0 ], [ 15.751814447787408, 54.231162600884524, 0.0 ], [ 15.752467272711003, 54.231337085437353, 0.0 ], [ 15.752525712135338, 54.231352065783014, 0.0 ], [ 15.752581595867428, 54.231370086686802, 0.0 ], [ 15.753804430699342, 54.231737038515213, 0.0 ], [ 15.755185294853101, 54.232089473285427, 0.0 ], [ 15.756363125439703, 54.232342090931873, 0.0 ], [ 15.756416246137842, 54.232352532089266, 0.0 ], [ 15.7564672182723, 54.232366169673519, 0.0 ], [ 15.757532625333136, 54.232632472957846, 0.0 ], [ 15.758949841968722, 54.232931258430355, 0.0 ], [ 15.759804021016301, 54.233079569266124, 0.0 ], [ 15.760963547961456, 54.233429887238785, 0.0 ], [ 15.762344530958185, 54.233782241414964, 0.0 ], [ 15.763761822249606, 54.234080971192043, 0.0 ], [ 15.764995352748013, 54.234292507519001, 0.0 ], [ 15.765042894119857, 54.234299823918732, 0.0 ], [ 15.765088592944089, 54.234310435965156, 0.0 ], [ 15.76600428103529, 54.234510030184282, 0.0 ], [ 15.766028844388073, 54.234515039805288, 0.0 ], [ 15.766050788973025, 54.234523219013631, 0.0 ], [ 15.767197676648744, 54.234923853322023, 0.0 ], [ 15.768536568070679, 54.235328238800484, 0.0 ], [ 15.769917680491416, 54.235680506862941, 0.0 ], [ 15.771335093166714, 54.235979149039295, 0.0 ], [ 15.771361964502537, 54.235983959487029, 0.0 ], [ 15.771550963903664, 54.236048720973464, 0.0 ], [ 15.772889935965235, 54.236453058180203, 0.0 ], [ 15.774271124732351, 54.236805277288859, 0.0 ], [ 15.774284072002896, 54.23680826949731, 0.0 ], [ 15.774682363523132, 54.236963707765973, 0.0 ], [ 15.77597347477916, 54.237418383016198, 0.0 ], [ 15.776431109306735, 54.237563892692378, 0.0 ], [ 15.777218881924, 54.237807660215523, 0.0 ], [ 15.777977346583871, 54.238067535804689, 0.0 ], [ 15.778071627620552, 54.2380996638922, 0.0 ], [ 15.778135534776892, 54.238121323329409, 0.0 ], [ 15.778196415942906, 54.238145791786273, 0.0 ], [ 15.778722801575965, 54.238351188702737, 0.0 ], [ 15.780014001789132, 54.238805821756387, 0.0 ], [ 15.781353147274798, 54.239210066139464, 0.0 ], [ 15.782734501866527, 54.239562189366211, 0.0 ], [ 15.782780492720621, 54.239572138540439, 0.0 ], [ 15.783145801363334, 54.239720590807515, 0.0 ], [ 15.78443709442324, 54.240175176712256, 0.0 ], [ 15.785776329018764, 54.240579373038692, 0.0 ], [ 15.786384433193517, 54.240742121094577, 0.0 ], [ 15.786442360711041, 54.240757033174951, 0.0 ], [ 15.786497716003481, 54.24077498606546, 0.0 ], [ 15.786898906997015, 54.240902079007235, 0.0 ], [ 15.788873584582026, 54.241512898036937, 0.0 ], [ 15.789755999449087, 54.24177184255214, 0.0 ], [ 15.791137512860288, 54.242123870487603, 0.0 ], [ 15.79173738148088, 54.242257618907345, 0.0 ], [ 15.793444715094907, 54.24262241140331, 0.0 ], [ 15.793473252728617, 54.242629820185584, 0.0 ], [ 15.793488862586115, 54.242635033617084, 0.0 ], [ 15.793687220188197, 54.242700520416058, 0.0 ], [ 15.79502662890798, 54.243104614259053, 0.0 ], [ 15.795808057798864, 54.243311402456193, 0.0 ], [ 15.795868037637456, 54.243326494034598, 0.0 ], [ 15.79592550839852, 54.243344630993505, 0.0 ], [ 15.796702828650551, 54.243578908695021, 0.0 ], [ 15.796749816617549, 54.243592416564638, 0.0 ], [ 15.796793912806933, 54.243608934479091, 0.0 ], [ 15.797995317061352, 54.244029430306817, 0.0 ], [ 15.799334812487142, 54.244433476430949, 0.0 ], [ 15.800716496978806, 54.244785396604613, 0.0 ], [ 15.801839882454887, 54.245026726130384, 0.0 ], [ 15.801890637976092, 54.245036762009271, 0.0 ], [ 15.801939210517558, 54.24504999957071, 0.0 ], [ 15.80239465164945, 54.245170626128242, 0.0 ], [ 15.802452589938211, 54.245185529723813, 0.0 ], [ 15.802507959804293, 54.245203476358611, 0.0 ], [ 15.803791829299115, 54.245589359121247, 0.0 ], [ 15.803848982166206, 54.245605177530706, 0.0 ], [ 15.803900223578037, 54.245619309927697, 0.0 ], [ 15.803948699893141, 54.245636467587509, 0.0 ], [ 15.804654723540612, 54.245876464898075, 0.0 ], [ 15.805994344716789, 54.246280438517623, 0.0 ], [ 15.807376150229196, 54.246632282918995, 0.0 ], [ 15.808794218003413, 54.246930489681709, 0.0 ], [ 15.808998484600002, 54.246968465687807, 0.0 ], [ 15.809055032034601, 54.246978810262583, 0.0 ], [ 15.809109571529074, 54.246992363075094, 0.0 ], [ 15.809618967799461, 54.247114760972281, 0.0 ], [ 15.810218727076377, 54.247248365791144, 0.0 ], [ 15.811048188953235, 54.247425436561507, 0.0 ], [ 15.811889688402992, 54.247643716208465, 0.0 ], [ 15.812240190694579, 54.247732606142051, 0.0 ], [ 15.812298271850658, 54.247747002282289, 0.0 ], [ 15.812353854255084, 54.247764461497127, 0.0 ], [ 15.813374764582965, 54.248066295772894, 0.0 ], [ 15.81475669395628, 54.248418057037533, 0.0 ], [ 15.815794545035237, 54.248642210650459, 0.0 ], [ 15.815846557177478, 54.248652620955149, 0.0 ], [ 15.815896375640646, 54.248666223904337, 0.0 ], [ 15.817144817401013, 54.248981194437299, 0.0 ], [ 15.818563037201008, 54.249279288056087, 0.0 ], [ 15.820011432470501, 54.249522463970223, 0.0 ], [ 15.820795257950353, 54.249629477598702, 0.0 ], [ 15.820841424615576, 54.249635284455508, 0.0 ], [ 15.820885984950683, 54.249644439868732, 0.0 ], [ 15.821388570217019, 54.249743906586822, 0.0 ], [ 15.823599252127337, 54.250164860831518, 0.0 ], [ 15.82459564096593, 54.250423164739843, 0.0 ], [ 15.824945648646798, 54.250511878013178, 0.0 ], [ 15.825003738345497, 54.250526268133733, 0.0 ], [ 15.825059328446155, 54.250543722459099, 0.0 ], [ 15.826080588286768, 54.250845509039387, 0.0 ], [ 15.827462720803895, 54.251197125230441, 0.0 ], [ 15.828881093835619, 54.251495099259557, 0.0 ], [ 15.83032962884888, 54.251738153706242, 0.0 ], [ 15.831022756624506, 54.251833580572409, 0.0 ], [ 15.831066293235658, 54.251839160444376, 0.0 ], [ 15.831108176517843, 54.251848090462722, 0.0 ], [ 15.831925514543595, 54.252012275241221, 0.0 ], [ 15.833059237741356, 54.252207552085771, 0.0 ], [ 15.833120336132298, 54.252217086493928, 0.0 ], [ 15.833179690254248, 54.25222985713517, 0.0 ], [ 15.833242832863693, 54.252243382166014, 0.0 ], [ 15.834072209493728, 54.252420229053563, 0.0 ], [ 15.834838961963893, 54.252618929042413, 0.0 ], [ 15.835681053956867, 54.252825570480333, 0.0 ], [ 15.837099544058205, 54.253123449177032, 0.0 ], [ 15.838548185031584, 54.253366406071528, 0.0 ], [ 15.839228605850737, 54.253460149996286, 0.0 ], [ 15.839279918855031, 54.253466740449547, 0.0 ], [ 15.839329651570267, 54.253476657879638, 0.0 ], [ 15.839693522964804, 54.253547247923052, 0.0 ], [ 15.841142195204228, 54.253790174011023, 0.0 ], [ 15.842101055043681, 54.253918603161267, 0.0 ], [ 15.842143692418867, 54.253923755140818, 0.0 ], [ 15.842184732959511, 54.253932272381533, 0.0 ], [ 15.842818728483165, 54.254057806615101, 0.0 ], [ 15.844267438387766, 54.254300695586501, 0.0 ], [ 15.844889129246654, 54.25438681768199, 0.0 ], [ 15.846479601730746, 54.254593544630431, 0.0 ], [ 15.84783338668605, 54.25487768841019, 0.0 ], [ 15.849282155510696, 54.255120517782544, 0.0 ], [ 15.850754853562092, 54.255307382173982, 0.0 ], [ 15.852245168845878, 54.255437479906718, 0.0 ], [ 15.853746713523353, 54.25551025407831, 0.0 ], [ 15.854138381640373, 54.255519746114423, 0.0 ], [ 15.85417436601238, 54.255520438623101, 0.0 ], [ 15.854209658928539, 54.255524621829821, 0.0 ], [ 15.854641962370192, 54.255573355330583, 0.0 ], [ 15.855914636257186, 54.255688039147472, 0.0 ], [ 15.855949521396006, 54.25569060117418, 0.0 ], [ 15.85598316003828, 54.255696601642391, 0.0 ], [ 15.857087926803219, 54.255876231427266, 0.0 ], [ 15.858560687619255, 54.25606300201094, 0.0 ], [ 15.859515591308682, 54.256153004273237, 0.0 ], [ 15.859565726964696, 54.25615709978792, 0.0 ], [ 15.859614708752133, 54.25616459120954, 0.0 ], [ 15.859827908591885, 54.256196563065835, 0.0 ], [ 15.861300694488385, 54.256383300457941, 0.0 ], [ 15.862255612384542, 54.256473281173008, 0.0 ], [ 15.862305747211662, 54.2564773755159, 0.0 ], [ 15.862354731450866, 54.256484865874612, 0.0 ], [ 15.862567935246989, 54.256516832930167, 0.0 ], [ 15.864040744617776, 54.256703537987178, 0.0 ], [ 15.865531155227837, 54.256833474254158, 0.0 ], [ 15.866743213989642, 54.256896584421284, 0.0 ], [ 15.866783016227382, 54.256898038049712, 0.0 ], [ 15.866822005084138, 54.256902963070836, 0.0 ], [ 15.867545665011283, 54.256987299376952, 0.0 ], [ 15.869036096891039, 54.257117194309409, 0.0 ], [ 15.869307120877817, 54.257134582732334, 0.0 ], [ 15.870085395207427, 54.257181785376218, 0.0 ], [ 15.871639227685055, 54.257372383723514, 0.0 ], [ 15.872229516028559, 54.257440091120046, 0.0 ], [ 15.87371997966933, 54.257569928461898, 0.0 ], [ 15.874136812245847, 54.257595870001474, 0.0 ], [ 15.874181245826517, 54.257598395675899, 0.0 ], [ 15.874224715145061, 54.257604364581283, 0.0 ], [ 15.875352141209252, 54.257741852059787, 0.0 ], [ 15.876842626969829, 54.257871651930571, 0.0 ], [ 15.87829722211119, 54.257942730688889, 0.0 ], [ 15.880133721660188, 54.257998227332877, 0.0 ], [ 15.882842570656399, 54.258203987824245, 0.0 ], [ 15.883165770307855, 54.25822717524958, 0.0 ], [ 15.884667479125669, 54.258299572114424, 0.0 ], [ 15.884996142922269, 54.258307716893398, 0.0 ], [ 15.885429423014049, 54.258316640223349, 0.0 ], [ 15.885835848544113, 54.258368082408552, 0.0 ], [ 15.887326391645352, 54.258497754993968, 0.0 ], [ 15.887597433908763, 54.258515103378535, 0.0 ], [ 15.888375898695871, 54.258562199240387, 0.0 ], [ 15.890065077369089, 54.258769115927699, 0.0 ], [ 15.890655136153901, 54.258836699384652, 0.0 ], [ 15.892145713506052, 54.258966313648436, 0.0 ], [ 15.893647464589977, 54.259038599894055, 0.0 ], [ 15.894069864693686, 54.259048533588285, 0.0 ], [ 15.89413427941027, 54.25904970163608, 0.0 ], [ 15.894198261820481, 54.2590542476011, 0.0 ], [ 15.894336928397712, 54.259063851008136, 0.0 ], [ 15.895838687854319, 54.259136110929113, 0.0 ], [ 15.89689167622624, 54.25915240515085, 0.0 ], [ 15.898004617067418, 54.259154716037308, 0.0 ], [ 15.899371959474678, 54.259273530254525, 0.0 ], [ 15.900873736124735, 54.259345729371738, 0.0 ], [ 15.901202581818961, 54.259353834420338, 0.0 ], [ 15.90265916083475, 54.259383627984647, 0.0 ], [ 15.903489070537374, 54.259461516666619, 0.0 ], [ 15.903539213732918, 54.259465593946643, 0.0 ], [ 15.90358820809081, 54.259473067639291, 0.0 ], [ 15.903801460369309, 54.259504963177463, 0.0 ], [ 15.905274572112443, 54.259691172975451, 0.0 ], [ 15.906765228303918, 54.259820609899421, 0.0 ], [ 15.907182105523399, 54.259846439362988, 0.0 ], [ 15.907226543945518, 54.259848953802575, 0.0 ], [ 15.907270020858663, 54.25985491087458, 0.0 ], [ 15.908397623593396, 54.259992095593617, 0.0 ], [ 15.90988830036755, 54.260121494097341, 0.0 ], [ 15.911390129595945, 54.260193564497236, 0.0 ], [ 15.911718983610642, 54.260201641809147, 0.0 ], [ 15.911879212898922, 54.260204906927356, 0.0 ], [ 15.912285574592961, 54.260256245795702, 0.0 ], [ 15.913240698713519, 54.260345830934391, 0.0 ], [ 15.913290844099629, 54.260349904181354, 0.0 ], [ 15.913339841419335, 54.260357373943826, 0.0 ], [ 15.91355310643994, 54.260389252373557, 0.0 ], [ 15.915026294968554, 54.260575345603165, 0.0 ], [ 15.916517015007363, 54.260704664372042, 0.0 ], [ 15.918018878571155, 54.260776653410083, 0.0 ], [ 15.918877952638319, 54.260791910641949, 0.0 ], [ 15.92225972747945, 54.260814968090166, 0.0 ], [ 15.922769402756765, 54.260879313831516, 0.0 ], [ 15.924260161611885, 54.261008538129857, 0.0 ], [ 15.925762050159689, 54.261080433559442, 0.0 ], [ 15.926814963723496, 54.261096470458533, 0.0 ], [ 15.930317910295582, 54.261102872925903, 0.0 ], [ 15.930899666695618, 54.261164667619788, 0.0 ], [ 15.932388115957302, 54.261293544856805, 0.0 ], [ 15.933890031231719, 54.261365341019555, 0.0 ], [ 15.934218899726211, 54.261373357941501, 0.0 ], [ 15.934379136484274, 54.261376593212503, 0.0 ], [ 15.934785538874999, 54.261427858441706, 0.0 ], [ 15.936276355983782, 54.261556937348104, 0.0 ], [ 15.937234132926422, 54.261609376139369, 0.0 ], [ 15.937629796036028, 54.261626168593104, 0.0 ], [ 15.938291378229557, 54.26170960290321, 0.0 ], [ 15.939782218036983, 54.261838639590216, 0.0 ], [ 15.940052745724408, 54.261855838212718, 0.0 ], [ 15.940352848602044, 54.261873868373875, 0.0 ], [ 15.940736346328704, 54.261934086220755, 0.0 ], [ 15.941120776039263, 54.261992377434055, 0.0 ], [ 15.942594152165086, 54.26217814016794, 0.0 ], [ 15.944085022790235, 54.262307123952546, 0.0 ], [ 15.945042829327818, 54.262359501905955, 0.0 ], [ 15.945438502238781, 54.262376268805838, 0.0 ], [ 15.946100113683668, 54.262459662379406, 0.0 ], [ 15.9475910054552, 54.262588603902387, 0.0 ], [ 15.948007938209384, 54.262614295374995, 0.0 ], [ 15.948052382663791, 54.26261679482316, 0.0 ], [ 15.948095868994374, 54.262622736374048, 0.0 ], [ 15.949223689103055, 54.262759546800957, 0.0 ], [ 15.950714602901858, 54.262888449928127, 0.0 ], [ 15.951926983705585, 54.262950720770569, 0.0 ], [ 15.951966794299926, 54.262952146324295, 0.0 ], [ 15.952005799982976, 54.262957044870539, 0.0 ], [ 15.952729747616893, 54.263040879848823, 0.0 ], [ 15.954220682546012, 54.263169740711717, 0.0 ], [ 15.954637626156632, 54.263195409366247, 0.0 ], [ 15.954682071729996, 54.263197906381556, 0.0 ], [ 15.954725559648777, 54.263203846456832, 0.0 ], [ 15.955853418363382, 54.263340595256501, 0.0 ], [ 15.957344375239336, 54.263469418618769, 0.0 ], [ 15.95884641828566, 54.263540909522987, 0.0 ], [ 15.959469424704787, 54.263553638088801, 0.0 ], [ 15.959889708008383, 54.263558892864673, 0.0 ], [ 15.959903567167554, 54.26356067900209, 0.0 ], [ 15.959960866021788, 54.263567092528646, 0.0 ], [ 15.960016784530072, 54.263576832341954, 0.0 ], [ 15.961009809295151, 54.263735762479165, 0.0 ], [ 15.962483341212895, 54.263921287345383, 0.0 ], [ 15.963974339668438, 54.26405003000103, 0.0 ], [ 15.964391299430769, 54.264075665985111, 0.0 ], [ 15.964435746676561, 54.264078159421381, 0.0 ], [ 15.964479235587534, 54.264084095068668, 0.0 ], [ 15.965607152353883, 54.264220755019259, 0.0 ], [ 15.966753819120157, 54.264324902698746, 0.0 ], [ 15.968780390824721, 54.264478476954082, 0.0 ], [ 15.968819364588196, 54.264484377456647, 0.0 ], [ 15.970292958754534, 54.264669807500326, 0.0 ], [ 15.97123625650201, 54.264757816299145, 0.0 ], [ 15.973685413304441, 54.265176420486881, 0.0 ], [ 15.97456902159435, 54.265316352374896, 0.0 ], [ 15.975871721774064, 54.265483221441848, 0.0 ], [ 15.975924808151781, 54.265489085338999, 0.0 ], [ 15.975976493939337, 54.265498295872732, 0.0 ], [ 15.977114094553023, 54.265682538980677, 0.0 ], [ 15.977736818066568, 54.265768061547192, 0.0 ], [ 15.978277371307108, 54.26583768135076, 0.0 ], [ 15.978782422898067, 54.265943044402199, 0.0 ], [ 15.980232373096344, 54.266184326605227, 0.0 ], [ 15.981485170412293, 54.266345587760576, 0.0 ], [ 15.981542475322515, 54.266351991074067, 0.0 ], [ 15.98159840304864, 54.266361720979951, 0.0 ], [ 15.982591581005211, 54.266520476805574, 0.0 ], [ 15.984065312602722, 54.266705740885385, 0.0 ], [ 15.985556483815319, 54.266834222009045, 0.0 ], [ 15.985827625332941, 54.2668513540399, 0.0 ], [ 15.986907132260079, 54.266915774971466, 0.0 ], [ 15.988479949449315, 54.267082075534695, 0.0 ], [ 15.989388721482904, 54.2671672286275, 0.0 ], [ 15.992804238352919, 54.267446401599607, 0.0 ], [ 15.993526356822205, 54.267566475942104, 0.0 ], [ 15.995000176499591, 54.267751609057164, 0.0 ], [ 15.996491422832149, 54.267879957490592, 0.0 ], [ 15.997704026578111, 54.267941776392199, 0.0 ], [ 15.997743845594597, 54.267943187834469, 0.0 ], [ 15.997782862023636, 54.267948070786893, 0.0 ], [ 15.998286061813522, 54.268007633587011, 0.0 ], [ 15.998343371927819, 54.268014028970214, 0.0 ], [ 15.998399306144357, 54.268023751153777, 0.0 ], [ 15.999392590534686, 54.268182370595262, 0.0 ], [ 16.000866460976191, 54.268367434344, 0.0 ], [ 16.001621771450719, 54.268439693348597, 0.0 ], [ 16.002826520274926, 54.268542955312171, 0.0 ], [ 16.005214759280491, 54.268795092886279, 0.0 ], [ 16.005549759292016, 54.268828965869837, 0.0 ], [ 16.005600208621004, 54.268833842622406, 0.0 ], [ 16.005649363441613, 54.268842096848523, 0.0 ], [ 16.006438785129077, 54.268965825373208, 0.0 ], [ 16.007062020020033, 54.269051250726626, 0.0 ], [ 16.007754991104395, 54.269140311621683, 0.0 ], [ 16.009421324472004, 54.26940092418721, 0.0 ], [ 16.00980592526393, 54.269458999981282, 0.0 ], [ 16.011279889401045, 54.269643938301598, 0.0 ], [ 16.011732696613045, 54.269684760110259, 0.0 ], [ 16.012241735231914, 54.269808765243404, 0.0 ], [ 16.013662110376529, 54.270104599498502, 0.0 ], [ 16.015112417455189, 54.270345469613879, 0.0 ], [ 16.016586437771249, 54.270530343658699, 0.0 ], [ 16.017542039498124, 54.27061911791219, 0.0 ], [ 16.017592209153463, 54.270623148919356, 0.0 ], [ 16.017641237502353, 54.270630576599842, 0.0 ], [ 16.017854639461216, 54.270662273729741, 0.0 ], [ 16.019328684510093, 54.27084711541459, 0.0 ], [ 16.019592942543923, 54.270872355186846, 0.0 ], [ 16.020117177623522, 54.271001508899282, 0.0 ], [ 16.021537653409734, 54.271297251498801, 0.0 ], [ 16.022988048502818, 54.271538028709145, 0.0 ], [ 16.024462150015186, 54.271722808255355, 0.0 ], [ 16.02560893339389, 54.271826387409945, 0.0 ], [ 16.025811487623749, 54.271841638352448, 0.0 ], [ 16.026549252579532, 54.27196787703366, 0.0 ], [ 16.026596026575469, 54.27197515544961, 0.0 ], [ 16.026640931205307, 54.271985729005365, 0.0 ], [ 16.026815413206275, 54.272026331335681, 0.0 ], [ 16.028159195942997, 54.27230756623932, 0.0 ], [ 16.028215762421887, 54.272318261361363, 0.0 ], [ 16.028270266963837, 54.272332153350504, 0.0 ], [ 16.029045633942751, 54.272520028219994, 0.0 ], [ 16.030466227950264, 54.272815666926775, 0.0 ], [ 16.031916730563296, 54.273056338797907, 0.0 ], [ 16.032657629305767, 54.27315652682794, 0.0 ], [ 16.032710631482797, 54.27316315755855, 0.0 ], [ 16.032762099126774, 54.273173113345088, 0.0 ], [ 16.032988463821439, 54.273216146362302, 0.0 ], [ 16.034438996260899, 54.273456788219669, 0.0 ], [ 16.035289472489186, 54.273570501949429, 0.0 ], [ 16.035331658485628, 54.273575653867809, 0.0 ], [ 16.03537222912469, 54.273584167567144, 0.0 ], [ 16.035765093430619, 54.273664279472797, 0.0 ], [ 16.035817194165315, 54.27367459668158, 0.0 ], [ 16.035867116818789, 54.273688108926976, 0.0 ], [ 16.037118023827283, 54.274000834350922, 0.0 ], [ 16.038538726641224, 54.274296380015855, 0.0 ], [ 16.039104802222369, 54.274397410380118, 0.0 ], [ 16.041656442634178, 54.274831924078626, 0.0 ], [ 16.041692471160566, 54.274841341315415, 0.0 ], [ 16.042668503495829, 54.275080880277145, 0.0 ], [ 16.043271086963312, 54.275213691184916, 0.0 ], [ 16.043763723022707, 54.275317696335144, 0.0 ], [ 16.044216377271397, 54.275434024352073, 0.0 ], [ 16.045061338848743, 54.275639568584651, 0.0 ], [ 16.04648215806408, 54.275935021050827, 0.0 ], [ 16.047588480805079, 54.276123817528386, 0.0 ], [ 16.047650665894658, 54.276133450261362, 0.0 ], [ 16.04771112439489, 54.27614631537071, 0.0 ], [ 16.048585807611332, 54.276320918244537, 0.0 ], [ 16.049463529907857, 54.276470506643832, 0.0 ], [ 16.050440134560702, 54.276761313479199, 0.0 ], [ 16.051825080559027, 54.277110394773864, 0.0 ], [ 16.053245999803316, 54.277405769528102, 0.0 ], [ 16.05414117377137, 54.277561172599007, 0.0 ], [ 16.054186826029536, 54.277568513463557, 0.0 ], [ 16.054230552986809, 54.277579142208594, 0.0 ], [ 16.054652674307579, 54.277678907498384, 0.0 ], [ 16.055254980382454, 54.27781158413395, 0.0 ], [ 16.056084830392155, 54.277986686381119, 0.0 ], [ 16.056148786908803, 54.278003114219182, 0.0 ], [ 16.056993840513755, 54.278208570157538, 0.0 ], [ 16.058033783981632, 54.278430670497308, 0.0 ], [ 16.058081010440969, 54.27844001168404, 0.0 ], [ 16.060492514049692, 54.279109278214882, 0.0 ], [ 16.06056741478525, 54.279129967567449, 0.0 ], [ 16.061952527976128, 54.279478934376719, 0.0 ], [ 16.062553779516595, 54.279611342203822, 0.0 ], [ 16.063290302052071, 54.279766719959184, 0.0 ], [ 16.06387504501328, 54.279916864933064, 0.0 ], [ 16.063925265209612, 54.279932990723808, 0.0 ], [ 16.065214614367829, 54.280316741632902, 0.0 ], [ 16.065271148978219, 54.280332227376128, 0.0 ], [ 16.065322529465888, 54.280346251962598, 0.0 ], [ 16.06537115831885, 54.280363307926983, 0.0 ], [ 16.066079888557095, 54.280601994003796, 0.0 ], [ 16.067423234247808, 54.281003098646636, 0.0 ], [ 16.068808470684377, 54.281351987170822, 0.0 ], [ 16.070229660744051, 54.281647164742616, 0.0 ], [ 16.070671894675133, 54.281726745984592, 0.0 ], [ 16.070730350932148, 54.281736891162474, 0.0 ], [ 16.070786889574283, 54.281750253594247, 0.0 ], [ 16.071004295593664, 54.281800888453319, 0.0 ], [ 16.072425517722866, 54.282096039600532, 0.0 ], [ 16.073514185615156, 54.282281821582735, 0.0 ], [ 16.073560978651496, 54.282289081967242, 0.0 ], [ 16.073605907082854, 54.282299638293502, 0.0 ], [ 16.073780481022492, 54.282340173670342, 0.0 ], [ 16.07520174111432, 54.28263529249476, 0.0 ], [ 16.076652859669945, 54.282875433728513, 0.0 ], [ 16.077503650027669, 54.282988854846387, 0.0 ], [ 16.077545851484164, 54.282993991265251, 0.0 ], [ 16.077563245486335, 54.282997633834121, 0.0 ], [ 16.079759972682332, 54.283460738549842, 0.0 ], [ 16.080580532442802, 54.283623596451129, 0.0 ], [ 16.080707149494145, 54.28364694971161, 0.0 ], [ 16.080764830165361, 54.283657482185973, 0.0 ], [ 16.080820511867646, 54.283671218402993, 0.0 ], [ 16.081363535552967, 54.283800449133892, 0.0 ], [ 16.081966019507732, 54.283932994280157, 0.0 ], [ 16.082796108698705, 54.284107915282739, 0.0 ], [ 16.082860085768377, 54.284124329178972, 0.0 ], [ 16.083705401953029, 54.284329600783209, 0.0 ], [ 16.08430825597215, 54.284462208632497, 0.0 ], [ 16.084801379157835, 54.284566106265864, 0.0 ], [ 16.085907144989505, 54.284849744169904, 0.0 ], [ 16.086211325842715, 54.284923813629241, 0.0 ], [ 16.086512272878608, 54.285044861946325, 0.0 ], [ 16.087808368500337, 54.285496233583316, 0.0 ], [ 16.089152088835867, 54.285897100241122, 0.0 ], [ 16.09053767794385, 54.286245742080169, 0.0 ], [ 16.09093213395132, 54.286333749204339, 0.0 ], [ 16.090979051229024, 54.286343930533455, 0.0 ], [ 16.091023586576728, 54.286357284046034, 0.0 ], [ 16.091744012440941, 54.28656411962892, 0.0 ], [ 16.093129645142717, 54.286912733044218, 0.0 ], [ 16.093337952705582, 54.286958093347288, 0.0 ], [ 16.093344800765209, 54.28696084695909, 0.0 ], [ 16.094641031791198, 54.287412145726123, 0.0 ], [ 16.095984883095493, 54.28781293678631, 0.0 ], [ 16.096594929893087, 54.287974139786137, 0.0 ], [ 16.096653035778015, 54.28798890458183, 0.0 ], [ 16.096708592065688, 54.288006717101737, 0.0 ], [ 16.097996585834984, 54.288389505364876, 0.0 ], [ 16.0986066477756, 54.28855069833407, 0.0 ], [ 16.098664756755294, 54.288565462214528, 0.0 ], [ 16.098720314712963, 54.288583273825935, 0.0 ], [ 16.099124344245755, 54.288709768235712, 0.0 ], [ 16.099914755563152, 54.2889513512104, 0.0 ], [ 16.100814991095518, 54.289256210234932, 0.0 ], [ 16.101230746452462, 54.289393660597995, 0.0 ], [ 16.102258571040334, 54.28970588916701, 0.0 ], [ 16.102308868249899, 54.289720242167832, 0.0 ], [ 16.102356317869621, 54.289737599874854, 0.0 ], [ 16.103447260426641, 54.290112754631473, 0.0 ], [ 16.104196085263656, 54.290343974601811, 0.0 ], [ 16.104282952252838, 54.290369616754397, 0.0 ], [ 16.10436728509562, 54.290398005829793, 0.0 ], [ 16.104732849191137, 54.290518491420791, 0.0 ], [ 16.105227176682614, 54.290668477477261, 0.0 ], [ 16.105867243906541, 54.290963100801108, 0.0 ], [ 16.107110610510841, 54.291462832710145, 0.0 ], [ 16.108407137349658, 54.291913984928065, 0.0 ], [ 16.109751273203692, 54.292314623884174, 0.0 ], [ 16.111137255616939, 54.29266303238802, 0.0 ], [ 16.111602713521375, 54.292762170803151, 0.0 ], [ 16.111936378315221, 54.292915938049148, 0.0 ], [ 16.113179878806918, 54.293415607937689, 0.0 ], [ 16.113480941380239, 54.293526389964313, 0.0 ], [ 16.113522657787456, 54.293541479704956, 0.0 ], [ 16.113560954867157, 54.293559403330654, 0.0 ], [ 16.114297834486742, 54.293890271464313, 0.0 ], [ 16.115541391888915, 54.29438991759568, 0.0 ], [ 16.116652924415888, 54.294780616797688, 0.0 ], [ 16.116713790251328, 54.294800672127202, 0.0 ], [ 16.116771641749104, 54.294823576499383, 0.0 ], [ 16.117270382294169, 54.295015581671997, 0.0 ], [ 16.117378175657905, 54.295055675763955, 0.0 ], [ 16.117420164510005, 54.295071198738221, 0.0 ], [ 16.117458694042764, 54.295089535862381, 0.0 ], [ 16.118344041098776, 54.295490415079037, 0.0 ], [ 16.119587698184809, 54.295990019681668, 0.0 ], [ 16.120884508571514, 54.29644103904517, 0.0 ], [ 16.12161346068071, 54.29666621949, 0.0 ], [ 16.121692465872055, 54.296689579862161, 0.0 ], [ 16.121768851583735, 54.296715752938894, 0.0 ], [ 16.122294400550015, 54.296890464911769, 0.0 ], [ 16.122736532144938, 54.297029354827814, 0.0 ], [ 16.122765054633184, 54.297038081579338, 0.0 ], [ 16.12279030039204, 54.297049762804036, 0.0 ], [ 16.123429165152338, 54.297334909501529, 0.0 ], [ 16.124672939030415, 54.297834462902301, 0.0 ], [ 16.125969864352719, 54.29828542792697, 0.0 ], [ 16.12731438352899, 54.298685872582837, 0.0 ], [ 16.128099377322869, 54.298890735620418, 0.0 ], [ 16.128159556922292, 54.298905662007009, 0.0 ], [ 16.128217249869746, 54.29892363915878, 0.0 ], [ 16.128390593714158, 54.298977103686106, 0.0 ], [ 16.128428777290114, 54.298988760071907, 0.0 ], [ 16.129117390071297, 54.299305893388279, 0.0 ], [ 16.130361295232394, 54.299805387761324, 0.0 ], [ 16.131658346252124, 54.30025629207217, 0.0 ], [ 16.133002985000864, 54.300656674584431, 0.0 ], [ 16.13361336848649, 54.300817692115807, 0.0 ], [ 16.133671507733453, 54.300832439454993, 0.0 ], [ 16.133727097790242, 54.300850234385109, 0.0 ], [ 16.135015844968716, 54.301232631763, 0.0 ], [ 16.1351604195658, 54.301270214735261, 0.0 ], [ 16.135453253404776, 54.301403067270947, 0.0 ], [ 16.136697300093839, 54.30190249691865, 0.0 ], [ 16.13780924023925, 54.302293002809819, 0.0 ], [ 16.137870127706876, 54.302313047694362, 0.0 ], [ 16.137928001712002, 54.30233594215872, 0.0 ], [ 16.138426933655904, 54.302527860090926, 0.0 ], [ 16.139402805446181, 54.302873193400373, 0.0 ], [ 16.139467005028141, 54.302894662425182, 0.0 ], [ 16.139528199479756, 54.302918950684315, 0.0 ], [ 16.140057232319542, 54.303122784013276, 0.0 ], [ 16.141008449890649, 54.303453335876611, 0.0 ], [ 16.141461268118807, 54.303719413820261, 0.0 ], [ 16.142583512260313, 54.304309331645662, 0.0 ], [ 16.143769301949675, 54.304855132728477, 0.0 ], [ 16.145013555257474, 54.305354476996918, 0.0 ], [ 16.146310944775536, 54.305805224653852, 0.0 ], [ 16.147580123573377, 54.306184589950462, 0.0 ], [ 16.148014354582607, 54.306304644691892, 0.0 ], [ 16.149074507215186, 54.306730037007888, 0.0 ], [ 16.149468442520039, 54.30687402700741, 0.0 ], [ 16.149502414578333, 54.306886168739219, 0.0 ], [ 16.149546708971837, 54.306909904613796, 0.0 ], [ 16.150282660168635, 54.30728781466582, 0.0 ], [ 16.151468638901552, 54.307833540258251, 0.0 ], [ 16.152713078528937, 54.308332806199722, 0.0 ], [ 16.153322014323827, 54.308550265734524, 0.0 ], [ 16.153649151365464, 54.308716121515324, 0.0 ], [ 16.154835217871849, 54.309261814051915, 0.0 ], [ 16.15607974214705, 54.309761044357671, 0.0 ], [ 16.156529899283441, 54.309923527508531, 0.0 ], [ 16.157142074682653, 54.310238379533061, 0.0 ], [ 16.157938732853438, 54.310612883683902, 0.0 ], [ 16.157990556622767, 54.310636159802925, 0.0 ], [ 16.158038655164621, 54.310662023693688, 0.0 ], [ 16.158806199546504, 54.311056758411738, 0.0 ], [ 16.159821956120272, 54.311528432259209, 0.0 ], [ 16.160308027331688, 54.311741401985628, 0.0 ], [ 16.160551899222011, 54.311875682294868, 0.0 ], [ 16.161520449272146, 54.312379737094673, 0.0 ], [ 16.16270672658424, 54.31292535263632, 0.0 ], [ 16.163951461283016, 54.313424503077599, 0.0 ], [ 16.165249317772556, 54.313875049291489, 0.0 ], [ 16.165671465087151, 54.314004161062499, 0.0 ], [ 16.166801137036135, 54.314523658094608, 0.0 ], [ 16.167091381420605, 54.314646359547979, 0.0 ], [ 16.167121674007991, 54.314658957413812, 0.0 ], [ 16.167148099396268, 54.314674241636716, 0.0 ], [ 16.167404658462544, 54.314820348156474, 0.0 ], [ 16.168527584188446, 54.315410025438872, 0.0 ], [ 16.169714045725772, 54.315955572236582, 0.0 ], [ 16.170958956622442, 54.316454651300404, 0.0 ], [ 16.171353065870957, 54.316598569896705, 0.0 ], [ 16.171397433935194, 54.316614412649642, 0.0 ], [ 16.171430357886553, 54.316629413081031, 0.0 ], [ 16.171504806952584, 54.316663397543756, 0.0 ], [ 16.171584024048332, 54.316703423330644, 0.0 ], [ 16.171823461825447, 54.316822744541426, 0.0 ], [ 16.173010008223208, 54.31736825890944, 0.0 ], [ 16.174255003917438, 54.317867303969358, 0.0 ], [ 16.17445326017268, 54.317939692560969, 0.0 ], [ 16.174931571139979, 54.318240478824691, 0.0 ], [ 16.175862485112585, 54.318793150091018, 0.0 ], [ 16.176985644179833, 54.319382748390069, 0.0 ], [ 16.178172334840983, 54.319928212596196, 0.0 ], [ 16.178838149616048, 54.320203726470424, 0.0 ], [ 16.180214041961186, 54.320751994490564, 0.0 ], [ 16.180458517947152, 54.320879141275377, 0.0 ], [ 16.181645298256282, 54.321424571352175, 0.0 ], [ 16.182890524251292, 54.321923527012963, 0.0 ], [ 16.183367171453412, 54.322093525592408, 0.0 ], [ 16.183807757342265, 54.322320253354839, 0.0 ], [ 16.183910787849996, 54.322368054247121, 0.0 ], [ 16.184420322652731, 54.322688364103882, 0.0 ], [ 16.185351749954048, 54.323241138413444, 0.0 ], [ 16.186475168618827, 54.323830649251114, 0.0 ], [ 16.186839159523799, 54.324000723423566, 0.0 ], [ 16.187127369804656, 54.324191872221583, 0.0 ], [ 16.188182535284675, 54.324822972117019, 0.0 ], [ 16.18930604086362, 54.32541245661875, 0.0 ], [ 16.189624509305865, 54.325566056619515, 0.0 ], [ 16.189726263177416, 54.325614245291327, 0.0 ], [ 16.189825003295514, 54.325664528386923, 0.0 ], [ 16.190138728468327, 54.325821426792643, 0.0 ], [ 16.19036869292048, 54.325932895738724, 0.0 ], [ 16.190436191517179, 54.325965186212173, 0.0 ], [ 16.19050007233675, 54.325999897957793, 0.0 ], [ 16.191368357264032, 54.326448517684774, 0.0 ], [ 16.191471406929161, 54.326496312316046, 0.0 ], [ 16.191981053178434, 54.326816590480568, 0.0 ], [ 16.19291267705027, 54.327369306619055, 0.0 ], [ 16.194036321702338, 54.327958746705903, 0.0 ], [ 16.194328529471846, 54.328094257150731, 0.0 ], [ 16.194812347560035, 54.328398267587218, 0.0 ], [ 16.195123060320562, 54.328589717552724, 0.0 ], [ 16.195174505888339, 54.328620802625217, 0.0 ], [ 16.195221715342385, 54.328654102280609, 0.0 ], [ 16.195971329125531, 54.329157020766814, 0.0 ], [ 16.196380235729599, 54.329411365663383, 0.0 ], [ 16.196428756665018, 54.32944077502146, 0.0 ], [ 16.19647298855012, 54.329472407671005, 0.0 ], [ 16.197322523358224, 54.330046262351928, 0.0 ], [ 16.197790558847277, 54.330336296032954, 0.0 ], [ 16.197845325585089, 54.330369245014282, 0.0 ], [ 16.197895915475407, 54.330404396556304, 0.0 ], [ 16.198536833749902, 54.330831166253397, 0.0 ], [ 16.198945774359196, 54.33108550191303, 0.0 ], [ 16.198994299093204, 54.331114910276973, 0.0 ], [ 16.199038533198276, 54.331146541986953, 0.0 ], [ 16.199888141237064, 54.331720378464375, 0.0 ], [ 16.200943701446494, 54.332351366275397, 0.0 ], [ 16.202067600285979, 54.332940732358466, 0.0 ], [ 16.202425501569, 54.333107373233922, 0.0 ], [ 16.202806312019764, 54.333361817792664, 0.0 ], [ 16.203861960626561, 54.333992780078908, 0.0 ], [ 16.20498594775615, 54.334582118989566, 0.0 ], [ 16.205014527676905, 54.334595365198567, 0.0 ], [ 16.208393614995195, 54.336721279153927, 0.0 ], [ 16.208718381335984, 54.336921446510523, 0.0 ], [ 16.208769849094747, 54.33695252602589, 0.0 ], [ 16.208817079105746, 54.336985819664029, 0.0 ], [ 16.209567014787606, 54.337488654205231, 0.0 ], [ 16.209641461104354, 54.337535921879422, 0.0 ], [ 16.211173133824435, 54.338503760024395, 0.0 ], [ 16.212154594900827, 54.339087382954467, 0.0 ], [ 16.213278843206194, 54.339676644566296, 0.0 ], [ 16.213500550846884, 54.339782535537722, 0.0 ], [ 16.213800027616305, 54.339980130129156, 0.0 ], [ 16.214856019053432, 54.340610996085893, 0.0 ], [ 16.215980349343855, 54.341200232471351, 0.0 ], [ 16.216336430299862, 54.341369679798468, 0.0 ], [ 16.216632432415945, 54.341596722376273, 0.0 ], [ 16.217615683878954, 54.342266484430944, 0.0 ], [ 16.218271823732628, 54.342659107800174, 0.0 ], [ 16.219004214187962, 54.343229497461799, 0.0 ], [ 16.219987546120372, 54.343899240110332, 0.0 ], [ 16.221043737438229, 54.344530052145785, 0.0 ], [ 16.222168265109989, 54.345119230159249, 0.0 ], [ 16.222959657254595, 54.345485763656889, 0.0 ], [ 16.223375404680404, 54.345746674323451, 0.0 ], [ 16.223847974451118, 54.346029179895787, 0.0 ], [ 16.224490497964226, 54.346529455285093, 0.0 ], [ 16.225473999342203, 54.3471991531014, 0.0 ], [ 16.226530360986459, 54.347829917014764, 0.0 ], [ 16.227655060678977, 54.348419043849887, 0.0 ], [ 16.228843279827167, 54.348964010743991, 0.0 ], [ 16.22931110139271, 54.349159308365287, 0.0 ], [ 16.229344210538279, 54.349172770442301, 0.0 ], [ 16.229373537485031, 54.349188948884873, 0.0 ], [ 16.230384107977109, 54.34971461635125, 0.0 ], [ 16.230614239428462, 54.349825971488031, 0.0 ], [ 16.230681809019249, 54.34985823835521, 0.0 ], [ 16.230745760889011, 54.349892929492519, 0.0 ], [ 16.23095721528129, 54.350001993461078, 0.0 ], [ 16.230997112495874, 54.350037688949961, 0.0 ], [ 16.231903766424683, 54.35074339399759, 0.0 ], [ 16.232887493580307, 54.351413031862812, 0.0 ], [ 16.233944081809433, 54.352043730475337, 0.0 ], [ 16.234996507475696, 54.352594826452588, 0.0 ], [ 16.235307040705884, 54.352826017487004, 0.0 ], [ 16.236290874469567, 54.353495626866099, 0.0 ], [ 16.237347569855984, 54.354126295850755, 0.0 ], [ 16.237835340762871, 54.354381679422019, 0.0 ], [ 16.238649826134939, 54.354892491877749, 0.0 ], [ 16.239582733980949, 54.355444846968993, 0.0 ], [ 16.240707833884173, 54.356033853474621, 0.0 ], [ 16.241594048231079, 54.356446944704224, 0.0 ], [ 16.241643828484154, 54.356469004518317, 0.0 ], [ 16.241689878670982, 54.356493671641609, 0.0 ], [ 16.242457073320015, 54.356886788684065, 0.0 ], [ 16.242927802842036, 54.357107273282999, 0.0 ], [ 16.243241254034462, 54.357340557364751, 0.0 ], [ 16.244225329350446, 54.358010101771889, 0.0 ], [ 16.24528226549667, 54.358640701883239, 0.0 ], [ 16.246407537892164, 54.359229654303952, 0.0 ], [ 16.246480815381876, 54.359263554957479, 0.0 ], [ 16.249208614430668, 54.361159571799384, 0.0 ], [ 16.249869235498753, 54.361599029915055, 0.0 ], [ 16.250926353362171, 54.362229580603426, 0.0 ], [ 16.251021310310183, 54.362282335163847, 0.0 ], [ 16.251063275186198, 54.362305516872098, 0.0 ], [ 16.251100994906125, 54.362331064215184, 0.0 ], [ 16.251279318807168, 54.362450419502096, 0.0 ], [ 16.251305179683659, 54.362467525154436, 0.0 ], [ 16.251326244239472, 54.36248674017888, 0.0 ], [ 16.251866120333826, 54.362957164183292, 0.0 ], [ 16.252773428963625, 54.363662712544269, 0.0 ], [ 16.253757816120462, 54.364332179585126, 0.0 ], [ 16.254670100030243, 54.364881004943342, 0.0 ], [ 16.254691659568504, 54.364893259838311, 0.0 ], [ 16.254708594165898, 54.36490777743267, 0.0 ], [ 16.254885754079456, 54.365057470359318, 0.0 ], [ 16.255793163508542, 54.365762996107435, 0.0 ], [ 16.256777651406647, 54.366432437698109, 0.0 ], [ 16.257835003776368, 54.367062926592212, 0.0 ], [ 16.258960691030662, 54.367651762472043, 0.0 ], [ 16.259186633402354, 54.367756231407796, 0.0 ], [ 16.260248667247883, 54.368432819141177, 0.0 ], [ 16.260444763332156, 54.368608018679474, 0.0 ], [ 16.261352348993018, 54.369313502539576, 0.0 ], [ 16.261712929046926, 54.369569011354436, 0.0 ], [ 16.261779268013676, 54.36961486247553, 0.0 ], [ 16.2618415041585, 54.369662629551193, 0.0 ], [ 16.2622205333852, 54.369945649798254, 0.0 ], [ 16.263205230220784, 54.370615039213611, 0.0 ], [ 16.264262791587651, 54.371245472052294, 0.0 ], [ 16.264369391707984, 54.371301219020673, 0.0 ], [ 16.265763199029916, 54.372237158876089, 0.0 ], [ 16.26617392429435, 54.372505635280461, 0.0 ], [ 16.267231581288748, 54.373136042149731, 0.0 ], [ 16.268232793000415, 54.373663276622018, 0.0 ], [ 16.268262823240182, 54.373678186757047, 0.0 ], [ 16.268288624627434, 54.373695584917485, 0.0 ], [ 16.268731751110508, 54.373985832963861, 0.0 ], [ 16.269789486918111, 54.3746162182034, 0.0 ], [ 16.270915558675586, 54.375204941908137, 0.0 ], [ 16.271932666516527, 54.375674993488339, 0.0 ], [ 16.272190847323728, 54.375787581058056, 0.0 ], [ 16.272564418014873, 54.375985732015181, 0.0 ], [ 16.272588656332424, 54.375998177227963, 0.0 ], [ 16.272608504384756, 54.376013035923172, 0.0 ], [ 16.272820626263279, 54.37616943507058, 0.0 ], [ 16.273805649046125, 54.376838737587391, 0.0 ], [ 16.274288398088483, 54.377135082914108, 0.0 ], [ 16.27440452146401, 54.377237184112424, 0.0 ], [ 16.274738713282762, 54.377523001912934, 0.0 ], [ 16.275646748999449, 54.378228377243332, 0.0 ], [ 16.276631869896757, 54.378897656758163, 0.0 ], [ 16.27768985630053, 54.37952797161801, 0.0 ], [ 16.278816180560522, 54.380116622327975, 0.0 ], [ 16.278884214928137, 54.380148054070418, 0.0 ], [ 16.280142211343946, 54.38118660873149, 0.0 ], [ 16.281002173329028, 54.381851959982107, 0.0 ], [ 16.281987470981516, 54.38252119479673, 0.0 ], [ 16.282675820380053, 54.382940467272036, 0.0 ], [ 16.282728340467486, 54.382971110281105, 0.0 ], [ 16.282776685595348, 54.383004008294307, 0.0 ], [ 16.28290675994587, 54.383091757720237, 0.0 ], [ 16.285368124053889, 54.384737759603262, 0.0 ], [ 16.28575449399144, 54.384989685641223, 0.0 ], [ 16.286654101041705, 54.385530554930916, 0.0 ], [ 16.286704340729923, 54.38555911956292, 0.0 ], [ 16.286750405509366, 54.38558998430598, 0.0 ], [ 16.287152013484796, 54.385852093243273, 0.0 ], [ 16.287587496892076, 54.38612145452106, 0.0 ], [ 16.287639140680252, 54.386152532453657, 0.0 ], [ 16.287686545713399, 54.386185827254394, 0.0 ], [ 16.288129515871489, 54.386487785423405, 0.0 ], [ 16.29021531265931, 54.387867873530581, 0.0 ], [ 16.290513334594792, 54.388162961010956, 0.0 ], [ 16.291340936946757, 54.388901294905097, 0.0 ], [ 16.29224951922782, 54.389606545149235, 0.0 ], [ 16.292552565809935, 54.389821834857116, 0.0 ], [ 16.293019328589555, 54.390146536568125, 0.0 ], [ 16.29360666938565, 54.390670460521939, 0.0 ], [ 16.294515330870457, 54.39137569265614, 0.0 ], [ 16.295501084905425, 54.392044817042205, 0.0 ], [ 16.296559710575853, 54.39267496730514, 0.0 ], [ 16.297419546589516, 54.39313084735803, 0.0 ], [ 16.297438487928211, 54.393140394308617, 0.0 ], [ 16.297452961609704, 54.393152307148931, 0.0 ], [ 16.298299732438778, 54.393806219647416, 0.0 ], [ 16.298351303352781, 54.393842843562915, 0.0 ], [ 16.298459890229932, 54.393953811266627, 0.0 ], [ 16.298787421117527, 54.394277936395795, 0.0 ], [ 16.299615301310787, 54.395016214365079, 0.0 ], [ 16.300524165765758, 54.395721401390198, 0.0 ], [ 16.301123514125234, 54.396138578735702, 0.0 ], [ 16.301388084996148, 54.396315366752987, 0.0 ], [ 16.301881285848964, 54.396824966750309, 0.0 ], [ 16.302709275324872, 54.397563222713096, 0.0 ], [ 16.303618253273466, 54.398268385730219, 0.0 ], [ 16.303922969220761, 54.398484720389789, 0.0 ], [ 16.304489472007067, 54.398878507624538, 0.0 ], [ 16.305033372809604, 54.399291719012481, 0.0 ], [ 16.30503901956784, 54.39929600717133, 0.0 ], [ 16.305070194821209, 54.399319672018521, 0.0 ], [ 16.30509646287911, 54.399345280430026, 0.0 ], [ 16.305186305870475, 54.399432125051085, 0.0 ], [ 16.306014409604941, 54.400170358503466, 0.0 ], [ 16.306923502900109, 54.400875496797759, 0.0 ], [ 16.307227760204043, 54.40109147695221, 0.0 ], [ 16.30800153840509, 54.401629291315892, 0.0 ], [ 16.30854574849344, 54.402042667300961, 0.0 ], [ 16.308869637775732, 54.40228300103481, 0.0 ], [ 16.30985589635554, 54.402952008484569, 0.0 ], [ 16.310170122602415, 54.403147638270873, 0.0 ], [ 16.310189568415598, 54.403159505620081, 0.0 ], [ 16.310204221542861, 54.403173518049904, 0.0 ], [ 16.31065532089298, 54.403586619123992, 0.0 ], [ 16.312499887168084, 54.405513806428623, 0.0 ], [ 16.312938892204571, 54.405952811781198, 0.0 ], [ 16.313432417981179, 54.406405157230452, 0.0 ], [ 16.313470356328963, 54.406438450037093, 0.0 ], [ 16.313513876376994, 54.40648289991848, 0.0 ], [ 16.313842862979389, 54.406808243020997, 0.0 ], [ 16.314671278028115, 54.407546416345802, 0.0 ], [ 16.315540651109288, 54.408222388479686, 0.0 ], [ 16.315580348468977, 54.408251322033621, 0.0 ], [ 16.315615339807959, 54.408282249918045, 0.0 ], [ 16.315993155309354, 54.408605884827189, 0.0 ], [ 16.316401790238064, 54.408934601381716, 0.0 ], [ 16.318389207156681, 54.410483670427993, 0.0 ], [ 16.318890069195579, 54.410860008029807, 0.0 ], [ 16.319194272605909, 54.411075823730634, 0.0 ], [ 16.319674271698073, 54.411409258444721, 0.0 ], [ 16.320119657412228, 54.411776259475161, 0.0 ], [ 16.32012064181648, 54.411777264284616, 0.0 ], [ 16.320451400797605, 54.412104301088235, 0.0 ], [ 16.320942957607734, 54.412554746219087, 0.0 ], [ 16.321691938628405, 54.413211993994452, 0.0 ], [ 16.322386122991997, 54.413920405527065, 0.0 ], [ 16.32271346482197, 54.414243909175951, 0.0 ], [ 16.323175775345696, 54.414667424134279, 0.0 ], [ 16.325021681867479, 54.416594656338766, 0.0 ], [ 16.325460946287617, 54.417033614895431, 0.0 ], [ 16.326289785703509, 54.417771706945203, 0.0 ], [ 16.326459992302958, 54.417903592297321, 0.0 ], [ 16.326552293650479, 54.418005930830809, 0.0 ], [ 16.327269961843101, 54.418744281075057, 0.0 ], [ 16.328098870787507, 54.419482361343626, 0.0 ], [ 16.328271482236957, 54.419623671649468, 0.0 ], [ 16.328295654943044, 54.419643194769208, 0.0 ], [ 16.328314716518612, 54.419664551778006, 0.0 ], [ 16.328334712555545, 54.419686905220821, 0.0 ], [ 16.329079131366843, 54.420454920620202, 0.0 ], [ 16.329573026008525, 54.420907206216974, 0.0 ], [ 16.329847049256653, 54.421147467831339, 0.0 ], [ 16.330106861515588, 54.421412578167072, 0.0 ], [ 16.330436112029822, 54.421737881193437, 0.0 ], [ 16.331265140478514, 54.422475938991944, 0.0 ], [ 16.332175181739643, 54.423180885920175, 0.0 ], [ 16.332970218892857, 54.423719538094765, 0.0 ], [ 16.333206175483415, 54.423960198825334, 0.0 ], [ 16.333534099348032, 54.424284095641774, 0.0 ], [ 16.334363238850884, 54.425022131401391, 0.0 ], [ 16.335273392236004, 54.425727055115658, 0.0 ], [ 16.335308308389816, 54.425752272700343, 0.0 ], [ 16.335330841481003, 54.425768505318743, 0.0 ], [ 16.335348382113494, 54.425786708745058, 0.0 ], [ 16.335761902887572, 54.42619862082902, 0.0 ], [ 16.336224488179905, 54.426622084674115, 0.0 ], [ 16.338071577004527, 54.428549114351561, 0.0 ], [ 16.338116139779252, 54.428595389788782, 0.0 ], [ 16.338137639132515, 54.428617612746066, 0.0 ], [ 16.338153727656103, 54.428641333360595, 0.0 ], [ 16.338510555536011, 54.429138179686788, 0.0 ], [ 16.339167616340145, 54.429932793017038, 0.0 ], [ 16.339912433725566, 54.430700740633768, 0.0 ], [ 16.34074182302367, 54.431438733006537, 0.0 ], [ 16.341641326311112, 54.432135706880672, 0.0 ], [ 16.34168048600398, 54.432164091573071, 0.0 ], [ 16.341714931501482, 54.432194478638749, 0.0 ], [ 16.34175487227192, 54.432229595646426, 0.0 ], [ 16.341792858662178, 54.432262879085243, 0.0 ], [ 16.341836439314402, 54.432307318406018, 0.0 ], [ 16.342165867338824, 54.43263258372474, 0.0 ], [ 16.342628596135796, 54.433056022525349, 0.0 ], [ 16.344476290545416, 54.434982953200297, 0.0 ], [ 16.344915968339819, 54.435421840090498, 0.0 ], [ 16.345745547729546, 54.436159797096686, 0.0 ], [ 16.34613219982214, 54.436459081265056, 0.0 ], [ 16.346262691167809, 54.436647378571806, 0.0 ], [ 16.346920029903245, 54.437441949402327, 0.0 ], [ 16.347665136662219, 54.43820984813766, 0.0 ], [ 16.348159016230234, 54.43866166775129, 0.0 ], [ 16.348192324955612, 54.438690845276291, 0.0 ], [ 16.348216728636601, 54.438722026923401, 0.0 ], [ 16.348501325690464, 54.439072246583088, 0.0 ], [ 16.348634749870186, 54.439230517345329, 0.0 ], [ 16.34903699510965, 54.439941491261415, 0.0 ], [ 16.349603882926047, 54.440759312647785, 0.0 ], [ 16.350261356517169, 54.441553864605432, 0.0 ], [ 16.350562704053889, 54.441878623773661, 0.0 ], [ 16.35058377692436, 54.441900610142774, 0.0 ], [ 16.350599421670164, 54.441924079071107, 0.0 ], [ 16.351008659880865, 54.442498384830465, 0.0 ], [ 16.351172991793103, 54.442709838314379, 0.0 ], [ 16.352244855013375, 54.444058002981265, 0.0 ], [ 16.35273808501961, 54.444641089244193, 0.0 ], [ 16.353483439175207, 54.44540895147852, 0.0 ], [ 16.354313383269393, 54.446146849184515, 0.0 ], [ 16.355224366477941, 54.446851620010776, 0.0 ], [ 16.35621249147335, 54.447520244153189, 0.0 ], [ 16.357273524359922, 54.448149857201372, 0.0 ], [ 16.358402924775131, 54.448737761628948, 0.0 ], [ 16.359209806551871, 54.449113440089086, 0.0 ], [ 16.359284701830049, 54.44914674505646, 0.0 ], [ 16.359356189431605, 54.449182500703905, 0.0 ], [ 16.359584592836697, 54.449295255779319, 0.0 ], [ 16.360777554521409, 54.449838920599312, 0.0 ], [ 16.362028935854095, 54.45033602540299, 0.0 ], [ 16.362493132402552, 54.450498524454787, 0.0 ], [ 16.362898034748106, 54.45070274859323, 0.0 ], [ 16.364091083368908, 54.451246380647376, 0.0 ], [ 16.365342548388174, 54.451743451935741, 0.0 ], [ 16.366647068726465, 54.452191832034266, 0.0 ], [ 16.367999054406067, 54.452589600629139, 0.0 ], [ 16.368612652414374, 54.452749433070132, 0.0 ], [ 16.368671093231669, 54.452764067348056, 0.0 ], [ 16.368726993869853, 54.452781754233996, 0.0 ], [ 16.370022776833125, 54.45316164617271, 0.0 ], [ 16.371416472110042, 54.453507074280729, 0.0 ], [ 16.372845867591373, 54.45379870484507, 0.0 ], [ 16.373365148448286, 54.453882912602005, 0.0 ], [ 16.373840984921902, 54.454161779971784, 0.0 ], [ 16.374706902357683, 54.454619063546986, 0.0 ], [ 16.37473063505848, 54.454630975368815, 0.0 ], [ 16.374749995470577, 54.454645319171803, 0.0 ], [ 16.374925014786367, 54.454773373433923, 0.0 ], [ 16.374972115167935, 54.454806543556629, 0.0 ], [ 16.375002647067202, 54.454836290520952, 0.0 ], [ 16.375833178157052, 54.455574039600144, 0.0 ], [ 16.376005859658346, 54.455715076736389, 0.0 ], [ 16.376030083526899, 54.455734595336914, 0.0 ], [ 16.376049193782528, 54.455755949811298, 0.0 ], [ 16.376069034369188, 54.455778071963628, 0.0 ], [ 16.376815038555581, 54.45654578906656, 0.0 ], [ 16.377645637833332, 54.457283526272327, 0.0 ], [ 16.377684029973818, 54.457313199469048, 0.0 ], [ 16.377955816150148, 54.457691361188743, 0.0 ], [ 16.378143990353419, 54.457945812712154, 0.0 ], [ 16.378802308922012, 54.458740207874762, 0.0 ], [ 16.3789164900011, 54.458857694379674, 0.0 ], [ 16.379175563735494, 54.459256773598462, 0.0 ], [ 16.379663443457975, 54.459949521528451, 0.0 ], [ 16.380321825793832, 54.460743908022096, 0.0 ], [ 16.38068023753813, 54.461112655635141, 0.0 ], [ 16.380946697671149, 54.461483391174326, 0.0 ], [ 16.38113546314619, 54.461738608452734, 0.0 ], [ 16.381793905017599, 54.462532986512095, 0.0 ], [ 16.382540145809436, 54.463300667529005, 0.0 ], [ 16.382894740934731, 54.463628461270673, 0.0 ], [ 16.383040983985222, 54.46375944241813, 0.0 ], [ 16.383372148359594, 54.464147830541521, 0.0 ], [ 16.383599157057724, 54.464407007020057, 0.0 ], [ 16.383927366966592, 54.464759125631339, 0.0 ], [ 16.383961138310163, 54.464794107658811, 0.0 ], [ 16.383989763034343, 54.464830608630621, 0.0 ], [ 16.384540597257399, 54.465485538426655, 0.0 ], [ 16.384746221635016, 54.465709026790343, 0.0 ], [ 16.385752126831797, 54.466778029846687, 0.0 ], [ 16.386252598243338, 54.467498446642615, 0.0 ], [ 16.386911238536559, 54.468292795743338, 0.0 ], [ 16.38723876592211, 54.468644134365178, 0.0 ], [ 16.38727251398311, 54.468679089700402, 0.0 ], [ 16.387301113451162, 54.468715564980918, 0.0 ], [ 16.3878241697081, 54.469339586575103, 0.0 ], [ 16.388678722864061, 54.470295815156163, 0.0 ], [ 16.389509679150922, 54.471269977098068, 0.0 ], [ 16.389736768116222, 54.471529142694635, 0.0 ], [ 16.390483330216533, 54.472296773722441, 0.0 ], [ 16.390842860052125, 54.472628828743936, 0.0 ], [ 16.390899945038058, 54.472679890682961, 0.0 ], [ 16.392820462484941, 54.474668605146952, 0.0 ], [ 16.393239523996325, 54.475084915944102, 0.0 ], [ 16.393599100169283, 54.47541696313862, 0.0 ], [ 16.393656194003739, 54.475468022969551, 0.0 ], [ 16.395576982403174, 54.477456693195201, 0.0 ], [ 16.395621363096591, 54.477502430217861, 0.0 ], [ 16.395642947881388, 54.477524573878313, 0.0 ], [ 16.395659121565881, 54.477548224100332, 0.0 ], [ 16.396003642718838, 54.478025168272488, 0.0 ], [ 16.396662652064666, 54.478819463626792, 0.0 ], [ 16.397409483182532, 54.479587051401268, 0.0 ], [ 16.397581201153042, 54.479745596854634, 0.0 ], [ 16.397904524088109, 54.480196576297487, 0.0 ], [ 16.398563607398227, 54.480990860082379, 0.0 ], [ 16.399310517418797, 54.48175843678041, 0.0 ], [ 16.399664708497831, 54.482085548140383, 0.0 ], [ 16.399839366627972, 54.482241842235737, 0.0 ], [ 16.400007438049862, 54.482408686863323, 0.0 ], [ 16.400218558169819, 54.482614067726146, 0.0 ], [ 16.401050133630953, 54.483351640596993, 0.0 ], [ 16.401785059720922, 54.483918886218412, 0.0 ], [ 16.402193895072369, 54.48441038489792, 0.0 ], [ 16.402940937398185, 54.485177937558717, 0.0 ], [ 16.403772617742618, 54.485915491715659, 0.0 ], [ 16.404123624154032, 54.486197819693786, 0.0 ], [ 16.404821081551276, 54.486743815942006, 0.0 ], [ 16.404970051509583, 54.486891503482347, 0.0 ], [ 16.405175888748271, 54.487091585275536, 0.0 ], [ 16.405535672990787, 54.487423596025721, 0.0 ], [ 16.405709839569152, 54.487579253574339, 0.0 ], [ 16.406538954695215, 54.488401157439981, 0.0 ], [ 16.406740167646344, 54.488596808832014, 0.0 ], [ 16.406770051324393, 54.488625317367642, 0.0 ], [ 16.406794749912113, 54.488655454727422, 0.0 ], [ 16.40718639329237, 54.489111010939531, 0.0 ], [ 16.407933620926951, 54.489878532518098, 0.0 ], [ 16.408287952982914, 54.490205618886698, 0.0 ], [ 16.408462681202014, 54.490361900231036, 0.0 ], [ 16.408630823546542, 54.490528732574809, 0.0 ], [ 16.408842029551078, 54.490734098182763, 0.0 ], [ 16.409198589856054, 54.491063158443851, 0.0 ], [ 16.409391176119485, 54.491235340264858, 0.0 ], [ 16.409944916136123, 54.491898766423233, 0.0 ], [ 16.410692248362093, 54.492666270908614, 0.0 ], [ 16.411046629265542, 54.492993348722237, 0.0 ], [ 16.411221379696485, 54.493149626256532, 0.0 ], [ 16.411389544487562, 54.493316454939048, 0.0 ], [ 16.411600781556746, 54.493521815114711, 0.0 ], [ 16.41195738785137, 54.493850867603683, 0.0 ], [ 16.412365574736217, 54.494215745027738, 0.0 ], [ 16.41275471075468, 54.494601527018261, 0.0 ], [ 16.412962886284401, 54.494803837049226, 0.0 ], [ 16.41379495041263, 54.49554132099022, 0.0 ], [ 16.41470810280536, 54.496245639735967, 0.0 ], [ 16.414954302560318, 54.496420148907539, 0.0 ], [ 16.415015556664684, 54.496462832734444, 0.0 ], [ 16.415072564610966, 54.496507460773174, 0.0 ], [ 16.415638170945641, 54.49693229221176, 0.0 ], [ 16.416628533884243, 54.497600419488109, 0.0 ], [ 16.417691834485662, 54.498229499711734, 0.0 ], [ 16.418056623399309, 54.498422771273717, 0.0 ], [ 16.418957067682456, 54.499117150610992, 0.0 ], [ 16.419947538978814, 54.49978525076407, 0.0 ], [ 16.421010948856335, 54.500414300982406, 0.0 ], [ 16.421473335398826, 54.500663627769221, 0.0 ], [ 16.421975817651802, 54.500927279393295, 0.0 ], [ 16.422645236058919, 54.501265256727287, 0.0 ], [ 16.422965979989144, 54.501418237917989, 0.0 ], [ 16.423068455363673, 54.501466230004709, 0.0 ], [ 16.423167917153556, 54.501516320512714, 0.0 ], [ 16.423483915396137, 54.501672610959432, 0.0 ], [ 16.423824425804405, 54.501831547227084, 0.0 ], [ 16.42405788744442, 54.501954051279526, 0.0 ], [ 16.424728620383238, 54.502292688569398, 0.0 ], [ 16.42476840472991, 54.502311272048694, 0.0 ], [ 16.425282104793379, 54.502628142247239, 0.0 ], [ 16.425858116765202, 54.502971035391248, 0.0 ], [ 16.427696601798679, 54.504027231286877, 0.0 ], [ 16.428801731342404, 54.504849526224476, 0.0 ], [ 16.429027224912851, 54.505014630419581, 0.0 ], [ 16.429583518631343, 54.505400518041697, 0.0 ], [ 16.431486716267113, 54.506671725092197, 0.0 ], [ 16.431860673397892, 54.507002886282059, 0.0 ], [ 16.432774401610619, 54.507707068245757, 0.0 ], [ 16.433515076156961, 54.508206951363164, 0.0 ], [ 16.434062815592817, 54.508691958277801, 0.0 ], [ 16.434976622164346, 54.509396123396343, 0.0 ], [ 16.435967612207222, 54.51006409151892, 0.0 ], [ 16.437031544446885, 54.510693001022403, 0.0 ], [ 16.438163863208377, 54.511280158101684, 0.0 ], [ 16.438384878426746, 54.511385499011801, 0.0 ], [ 16.440346597872352, 54.512618867649969, 0.0 ], [ 16.440691301813263, 54.512830934813955, 0.0 ], [ 16.440746546823267, 54.512864194474268, 0.0 ], [ 16.44079759448568, 54.512899647592683, 0.0 ], [ 16.441526416917974, 54.513382039487041, 0.0 ], [ 16.442590523960749, 54.5140109007543, 0.0 ], [ 16.44372301772313, 54.514598004672912, 0.0 ], [ 16.444015469960497, 54.51473447515189, 0.0 ], [ 16.444409233607328, 54.514977076705833, 0.0 ], [ 16.44513739887962, 54.515529977417167, 0.0 ], [ 16.446128709198767, 54.516197862417812, 0.0 ], [ 16.44719296334091, 54.51682668271237, 0.0 ], [ 16.447654634102104, 54.517075349532519, 0.0 ], [ 16.448612102987124, 54.51757720741724, 0.0 ], [ 16.449283087919969, 54.51791559575458, 0.0 ], [ 16.449604065391306, 54.518068507490213, 0.0 ], [ 16.449706613868226, 54.518116476750436, 0.0 ], [ 16.449806150396061, 54.518166545125013, 0.0 ], [ 16.450122382441748, 54.518322765359315, 0.0 ], [ 16.450462376851846, 54.51848127193616, 0.0 ], [ 16.451101909979755, 54.518816504381277, 0.0 ], [ 16.451774399950224, 54.51915564664197, 0.0 ], [ 16.452467996294356, 54.519479208432919, 0.0 ], [ 16.452718118538627, 54.519591379292798, 0.0 ], [ 16.452996306275846, 54.519773516361028, 0.0 ], [ 16.453435459830601, 54.520042937403339, 0.0 ], [ 16.453487374098302, 54.520073922997312, 0.0 ], [ 16.453535047340342, 54.520107132148702, 0.0 ], [ 16.454290010862501, 54.520607425903584, 0.0 ], [ 16.455354507036361, 54.521236173823631, 0.0 ], [ 16.455449217644382, 54.521288279644189, 0.0 ], [ 16.455471623307226, 54.521300538084596, 0.0 ], [ 16.455505446286139, 54.521326250779467, 0.0 ], [ 16.455887274135307, 54.521608657026611, 0.0 ], [ 16.456878911804537, 54.522276453200455, 0.0 ], [ 16.457318119276938, 54.522545860627652, 0.0 ], [ 16.457370041199599, 54.522576844640213, 0.0 ], [ 16.457417720495663, 54.522610052312572, 0.0 ], [ 16.458172777621336, 54.523110320832203, 0.0 ], [ 16.459237401580296, 54.523739035718023, 0.0 ], [ 16.46037041061069, 54.524325983850879, 0.0 ], [ 16.461058268298956, 54.524646852354813, 0.0 ], [ 16.46122399777315, 54.524721197626683, 0.0 ], [ 16.461378527978894, 54.524802150910268, 0.0 ], [ 16.462049953177672, 54.525140581040141, 0.0 ], [ 16.462742821287385, 54.525463674309627, 0.0 ], [ 16.462905471549039, 54.52553659197121, 0.0 ], [ 16.463057666285117, 54.525616315968833, 0.0 ], [ 16.463729120372154, 54.525954737053141, 0.0 ], [ 16.464298901303319, 54.526222247144332, 0.0 ], [ 16.464367990101298, 54.526253650191869, 0.0 ], [ 16.464433536934809, 54.526287522037215, 0.0 ], [ 16.464988539735959, 54.526565340055065, 0.0 ], [ 16.466185209133741, 54.527107962140803, 0.0 ], [ 16.467440283612, 54.527603976126855, 0.0 ], [ 16.467872708289356, 54.527759286692358, 0.0 ], [ 16.467934125306936, 54.527780809437388, 0.0 ], [ 16.468312007119948, 54.527969940352904, 0.0 ], [ 16.469508763770634, 54.528512529462333, 0.0 ], [ 16.470763922222222, 54.529008509721855, 0.0 ], [ 16.471196374582032, 54.529163808656769, 0.0 ], [ 16.471468511319564, 54.529259160065088, 0.0 ], [ 16.471572905714375, 54.529306485985657, 0.0 ], [ 16.47189910665999, 54.529442153695456, 0.0 ], [ 16.473866551409088, 54.530245544812033, 0.0 ], [ 16.474505782701385, 54.530541624336365, 0.0 ], [ 16.474558094016267, 54.530564769913553, 0.0 ], [ 16.474606682545371, 54.53059051121658, 0.0 ], [ 16.475379101270143, 54.530981948701637, 0.0 ], [ 16.476576042341605, 54.531524469558512, 0.0 ], [ 16.477831381843828, 54.532020375435728, 0.0 ], [ 16.478313102074246, 54.532192681257754, 0.0 ], [ 16.478703293675725, 54.532386265566025, 0.0 ], [ 16.479900322014576, 54.53292875342985, 0.0 ], [ 16.481155745501926, 54.533424625563896, 0.0 ], [ 16.482464189249864, 54.53387175839196, 0.0 ], [ 16.483820045232154, 54.534268234080066, 0.0 ], [ 16.484136976475618, 54.534350563444363, 0.0 ], [ 16.484268221710188, 54.534419245838869, 0.0 ], [ 16.484833356101042, 54.534793281460416, 0.0 ], [ 16.485898704039009, 54.535421761816991, 0.0 ], [ 16.487032430104385, 54.536008462118325, 0.0 ], [ 16.487836604140242, 54.536380780907216, 0.0 ], [ 16.487888906114847, 54.536403915849547, 0.0 ], [ 16.487937487138442, 54.536429646961359, 0.0 ], [ 16.488712553304126, 54.536822273559018, 0.0 ], [ 16.489400848938054, 54.537142981197306, 0.0 ], [ 16.48956668270591, 54.537217287678473, 0.0 ], [ 16.489721316674377, 54.537298204764696, 0.0 ], [ 16.490393188181109, 54.537636478849286, 0.0 ], [ 16.491015110064804, 54.537926032687444, 0.0 ], [ 16.49118135240942, 54.538013056434345, 0.0 ], [ 16.491856963968228, 54.538353265683114, 0.0 ], [ 16.492555292678134, 54.538678425414034, 0.0 ], [ 16.492731476748322, 54.538757271124929, 0.0 ], [ 16.493333686421149, 54.539060551923782, 0.0 ], [ 16.494064192582101, 54.5393914209534, 0.0 ], [ 16.494413031374577, 54.539659547362461, 0.0 ], [ 16.495405752812317, 54.540327028173117, 0.0 ], [ 16.496471412579591, 54.540955415460395, 0.0 ], [ 16.497605447750075, 54.541542016695537, 0.0 ], [ 16.497777847175119, 54.541622303403742, 0.0 ], [ 16.500940929355984, 54.543621619679612, 0.0 ], [ 16.500973634014112, 54.543642246627691, 0.0 ], [ 16.502039468917189, 54.544270585492256, 0.0 ], [ 16.502614743139294, 54.544568087450919, 0.0 ], [ 16.502761206901916, 54.544676804300884, 0.0 ], [ 16.502992720128852, 54.544845847065005, 0.0 ], [ 16.503985713571094, 54.545513257123453, 0.0 ], [ 16.505051645114808, 54.546141569387188, 0.0 ], [ 16.506185952342847, 54.546728089876702, 0.0 ], [ 16.50652716926496, 54.546886794945777, 0.0 ], [ 16.506761143193213, 54.547009139279119, 0.0 ], [ 16.507433320630426, 54.547347318712951, 0.0 ], [ 16.508126934571244, 54.547670153194836, 0.0 ], [ 16.508289756424563, 54.547743010442829, 0.0 ], [ 16.508442124394236, 54.54782267794841, 0.0 ], [ 16.509114329260985, 54.548160847382768, 0.0 ], [ 16.509807970391119, 54.548483672464805, 0.0 ], [ 16.509995881346683, 54.548567750592461, 0.0 ], [ 16.510575160992449, 54.548859106176259, 0.0 ], [ 16.511773107573468, 54.549401279536944, 0.0 ], [ 16.512469825928278, 54.549684680232097, 0.0 ], [ 16.513825332887357, 54.550214826159731, 0.0 ], [ 16.514912933947059, 54.550706997604401, 0.0 ], [ 16.516169342622241, 54.551202508802966, 0.0 ], [ 16.517478749423557, 54.551649264270779, 0.0 ], [ 16.517800470554228, 54.551749073037477, 0.0 ], [ 16.518734462488872, 54.552033372871946, 0.0 ], [ 16.519590642009344, 54.552313107085965, 0.0 ], [ 16.519598820893066, 54.552315813451216, 0.0 ], [ 16.519658762878148, 54.552339481194288, 0.0 ], [ 16.520306072441379, 54.552586020948134, 0.0 ], [ 16.521615571274381, 54.55303273248861, 0.0 ], [ 16.522972455595951, 54.553428773160178, 0.0 ], [ 16.523623674844288, 54.553596611029398, 0.0 ], [ 16.52368274275652, 54.553611208745764, 0.0 ], [ 16.52373928776948, 54.553628863487091, 0.0 ], [ 16.524992227660231, 54.553992217403611, 0.0 ], [ 16.526390718992388, 54.554335866298601, 0.0 ], [ 16.52782478614343, 54.554625673839084, 0.0 ], [ 16.529288284574903, 54.554860396400457, 0.0 ], [ 16.529752297685917, 54.554922492219987, 0.0 ], [ 16.529823717979681, 54.554931602896787, 0.0 ], [ 16.530024212552323, 54.554990103912836, 0.0 ], [ 16.531422781897056, 54.555333695351337, 0.0 ], [ 16.532856921381711, 54.555623443902384, 0.0 ], [ 16.534320486102711, 54.555858107092284, 0.0 ], [ 16.535032237971304, 54.555950950294168, 0.0 ], [ 16.535085810985755, 54.555957427021127, 0.0 ], [ 16.535137871113321, 54.555967233385495, 0.0 ], [ 16.535394234688269, 54.556014570471881, 0.0 ], [ 16.536857827321334, 54.556249203202334, 0.0 ], [ 16.538344569252715, 54.556427744455277, 0.0 ], [ 16.538562092836163, 54.556447752647159, 0.0 ], [ 16.539169795603893, 54.55659323832775, 0.0 ], [ 16.540604036782788, 54.556882895967455, 0.0 ], [ 16.541702203458733, 54.557064473855533, 0.0 ], [ 16.54174939595535, 54.557071553481826, 0.0 ], [ 16.541794751186433, 54.557081936451347, 0.0 ], [ 16.541970973756221, 54.557121796002981, 0.0 ], [ 16.543405252654097, 54.557411421658806, 0.0 ], [ 16.544367025063313, 54.557570981011104, 0.0 ], [ 16.545376838524387, 54.557861602857081, 0.0 ], [ 16.546775639915573, 54.558205019816278, 0.0 ], [ 16.547825432272131, 54.558422914797333, 0.0 ], [ 16.547878027230219, 54.558433010615254, 0.0 ], [ 16.547928472458068, 54.55844631270044, 0.0 ], [ 16.549192103227384, 54.558753745812261, 0.0 ], [ 16.550241923125043, 54.55897162007502, 0.0 ], [ 16.550294519360868, 54.558981715752665, 0.0 ], [ 16.550344966132343, 54.558995015945605, 0.0 ], [ 16.550494113946119, 54.559033165216611, 0.0 ], [ 16.551566698946608, 54.559455634927716, 0.0 ], [ 16.552647054881575, 54.559828518435381, 0.0 ], [ 16.552709331289577, 54.559848710540024, 0.0 ], [ 16.552768605361543, 54.5598717536149, 0.0 ], [ 16.553287976315673, 54.560067895658463, 0.0 ], [ 16.554598084037899, 54.560514254752157, 0.0 ], [ 16.555955542538904, 54.560909930609405, 0.0 ], [ 16.557354540193273, 54.561253227022611, 0.0 ], [ 16.557917937476248, 54.561369601793949, 0.0 ], [ 16.558998369168901, 54.561795040069548, 0.0 ], [ 16.56030859599802, 54.562241338387651, 0.0 ], [ 16.5615052237501, 54.562593380468876, 0.0 ], [ 16.561621111844509, 54.562625066591892, 0.0 ], [ 16.5627612115345, 54.563013375578116, 0.0 ], [ 16.564118835816156, 54.563408960442793, 0.0 ], [ 16.564734888979913, 54.563567802369825, 0.0 ], [ 16.564793560084397, 54.56358234291622, 0.0 ], [ 16.564849701535476, 54.563599939382925, 0.0 ], [ 16.566150880562574, 54.563977739258561, 0.0 ], [ 16.567550070286988, 54.564320918583725, 0.0 ], [ 16.568984789366574, 54.564610245821967, 0.0 ], [ 16.570448890501055, 54.564844478516392, 0.0 ], [ 16.570923901104951, 54.564907793568686, 0.0 ], [ 16.571178611306536, 54.564940113788445, 0.0 ], [ 16.571572721239448, 54.565010602433624, 0.0 ], [ 16.572348582284988, 54.565193930196024, 0.0 ], [ 16.573783367556643, 54.565483201127996, 0.0 ], [ 16.574688393382445, 54.56562795189646, 0.0 ], [ 16.575783325955033, 54.565946841061319, 0.0 ], [ 16.575805606902737, 54.565952584184906, 0.0 ], [ 16.576638686871743, 54.566326079014502, 0.0 ], [ 16.577896338551618, 54.566820955568758, 0.0 ], [ 16.579206937695485, 54.567267051629358, 0.0 ], [ 16.580564866991956, 54.567662454665516, 0.0 ], [ 16.581343117105611, 54.567860927290141, 0.0 ], [ 16.582706531513367, 54.568191478819358, 0.0 ], [ 16.583327731002029, 54.568336015027555, 0.0 ], [ 16.584762707679811, 54.5686251574732, 0.0 ], [ 16.586227046685885, 54.568859202253456, 0.0 ], [ 16.5873036444539, 54.56899387001647, 0.0 ], [ 16.587352647352223, 54.568999296041419, 0.0 ], [ 16.587400191786998, 54.569008084877304, 0.0 ], [ 16.587553828002264, 54.569036144584551, 0.0 ], [ 16.588762586179921, 54.569233595092847, 0.0 ], [ 16.588829577157952, 54.569243411298544, 0.0 ], [ 16.588894927834907, 54.569256448207121, 0.0 ], [ 16.58955060849927, 54.569380965951346, 0.0 ], [ 16.591015003601814, 54.569614954184857, 0.0 ], [ 16.592502480424699, 54.569792840875955, 0.0 ], [ 16.592903427081012, 54.56983080687008, 0.0 ], [ 16.592942019065585, 54.569834260916515, 0.0 ], [ 16.592979242845235, 54.5698411290984, 0.0 ], [ 16.593123360243094, 54.569867423056138, 0.0 ], [ 16.59418285754283, 54.57004264084653, 0.0 ], [ 16.594248660111088, 54.57005254908276, 0.0 ], [ 16.594312776286674, 54.570065678974174, 0.0 ], [ 16.595148323893536, 54.570226513346206, 0.0 ], [ 16.596344828294392, 54.570422081684249, 0.0 ], [ 16.596392661342339, 54.570429102986829, 0.0 ], [ 16.596438687008931, 54.570439431710447, 0.0 ], [ 16.596487944070986, 54.570450447799232, 0.0 ], [ 16.597923090846677, 54.570739436562832, 0.0 ], [ 16.599387585379787, 54.570973325247458, 0.0 ], [ 16.599858657869721, 54.571036014701995, 0.0 ], [ 16.600308301469543, 54.571092998657917, 0.0 ], [ 16.600779769454903, 54.571192568134791, 0.0 ], [ 16.601469306386171, 54.571359672836095, 0.0 ], [ 16.602093807766543, 54.571504886388141, 0.0 ], [ 16.602479872738805, 54.571588638932859, 0.0 ], [ 16.602792261499705, 54.571654581087202, 0.0 ], [ 16.603831020592676, 54.571906121207213, 0.0 ], [ 16.604450376351185, 54.572050072152109, 0.0 ], [ 16.605885636631808, 54.572338967464198, 0.0 ], [ 16.607350235139283, 54.572572761579238, 0.0 ], [ 16.608735411672701, 54.572740089853781, 0.0 ], [ 16.608791896450604, 54.57274587623791, 0.0 ], [ 16.608847064733048, 54.572755007791606, 0.0 ], [ 16.609793469309516, 54.572899202917469, 0.0 ], [ 16.610270729773287, 54.572962631024872, 0.0 ], [ 16.610524831523655, 54.572994767353521, 0.0 ], [ 16.611577909878765, 54.573182705366769, 0.0 ], [ 16.612982121203451, 54.573405592136275, 0.0 ], [ 16.614469836009452, 54.57358321442922, 0.0 ], [ 16.615974227635551, 54.573703970299789, 0.0 ], [ 16.616156971252209, 54.573714691155566, 0.0 ], [ 16.616514325369881, 54.573734827052164, 0.0 ], [ 16.61739923302849, 54.573843066107599, 0.0 ], [ 16.617457071782187, 54.573849169133631, 0.0 ], [ 16.617513573642828, 54.573858607121942, 0.0 ], [ 16.61851674667497, 54.574012161306456, 0.0 ], [ 16.620004507994715, 54.57418971683709, 0.0 ], [ 16.620968549012751, 54.574273749728974, 0.0 ], [ 16.621019151776274, 54.574277531686967, 0.0 ], [ 16.621068658527118, 54.574284716333729, 0.0 ], [ 16.621284122904274, 54.574315353297429, 0.0 ], [ 16.622771908272583, 54.574492875011259, 0.0 ], [ 16.624252224569517, 54.574612052390826, 0.0 ], [ 16.624291726572107, 54.574614482814866, 0.0 ], [ 16.624330145613378, 54.574620362079862, 0.0 ], [ 16.624833224168221, 54.574693860178037, 0.0 ], [ 16.625832728905159, 54.574819568719448, 0.0 ], [ 16.6258813310323, 54.574825033183849, 0.0 ], [ 16.625928453000601, 54.574833858668406, 0.0 ], [ 16.626179359888329, 54.574879941493499, 0.0 ], [ 16.627644169291933, 54.575113494476945, 0.0 ], [ 16.629132013546023, 54.575290939401725, 0.0 ], [ 16.630636514962511, 54.575411516598635, 0.0 ], [ 16.632151224169242, 54.575474708996126, 0.0 ], [ 16.632424746079685, 54.575479969409045, 0.0 ], [ 16.635098987996486, 54.575522204894526, 0.0 ], [ 16.635767164511432, 54.575601853210372, 0.0 ], [ 16.63605810378764, 54.575628372603376, 0.0 ], [ 16.636565073724306, 54.575752342369718, 0.0 ], [ 16.637615811240515, 54.575969470831446, 0.0 ], [ 16.637668451949747, 54.575979528908633, 0.0 ], [ 16.637718947475268, 54.575992793971636, 0.0 ], [ 16.638983815740236, 54.576299302563754, 0.0 ], [ 16.639944434449333, 54.576499068831382, 0.0 ], [ 16.639996296964451, 54.576509114296094, 0.0 ], [ 16.640045986772733, 54.576522363552215, 0.0 ], [ 16.641430737848225, 54.576860563561965, 0.0 ], [ 16.642866438887769, 54.577149028540077, 0.0 ], [ 16.644063384067781, 54.577344134184273, 0.0 ], [ 16.644111232398789, 54.577351136738081, 0.0 ], [ 16.644157279963373, 54.577361447517433, 0.0 ], [ 16.64420655721587, 54.577372444339382, 0.0 ], [ 16.645257378761748, 54.577589507180264, 0.0 ], [ 16.645310023528218, 54.577599561968583, 0.0 ], [ 16.645360523618493, 54.577612823882511, 0.0 ], [ 16.646625501380182, 54.577919254449675, 0.0 ], [ 16.648061276396511, 54.578207658422478, 0.0 ], [ 16.649526335839656, 54.578440951364733, 0.0 ], [ 16.650791400954269, 54.578595315098028, 0.0 ], [ 16.650849250277222, 54.578601403135536, 0.0 ], [ 16.650905768453377, 54.578610824790687, 0.0 ], [ 16.651909186525614, 54.578764107799337, 0.0 ], [ 16.653397275695017, 54.578941260956952, 0.0 ], [ 16.654901988447889, 54.579061541829368, 0.0 ], [ 16.656416875932884, 54.579124436457505, 0.0 ], [ 16.65681183481103, 54.579131353778756, 0.0 ], [ 16.65684811713697, 54.579131809284078, 0.0 ], [ 16.656883773097736, 54.579135760507931, 0.0 ], [ 16.657320471523356, 54.579181643984207, 0.0 ], [ 16.658825204443332, 54.579301878018036, 0.0 ], [ 16.65973179602166, 54.579341616710636, 0.0 ], [ 16.659903240524027, 54.57937603469545, 0.0 ], [ 16.661368411940455, 54.579609186113302, 0.0 ], [ 16.662856574632869, 54.579786224454516, 0.0 ], [ 16.664361348036262, 54.579906390888191, 0.0 ], [ 16.6658762831347, 54.579969170160886, 0.0 ], [ 16.666699255127266, 54.57997910996211, 0.0 ], [ 16.666945912424403, 54.579979548334975, 0.0 ], [ 16.667164985820346, 54.580005600859103, 0.0 ], [ 16.668129268298429, 54.580089265414607, 0.0 ], [ 16.668179883139036, 54.580093028650467, 0.0 ], [ 16.668229404220821, 54.580100194107843, 0.0 ], [ 16.668444936919911, 54.580130748576373, 0.0 ], [ 16.669933150117764, 54.58030770209858, 0.0 ], [ 16.670580573828918, 54.580366508230924, 0.0 ], [ 16.670931489098145, 54.580395442354536, 0.0 ], [ 16.671116357164969, 54.5804372506296, 0.0 ], [ 16.672552399879073, 54.580725369904314, 0.0 ], [ 16.674017694469459, 54.580958371904671, 0.0 ], [ 16.674487839375249, 54.581020629028082, 0.0 ], [ 16.674941349455022, 54.58107781492847, 0.0 ], [ 16.675002095975596, 54.58109061291924, 0.0 ], [ 16.676001770722845, 54.581331799742365, 0.0 ], [ 16.676617089474593, 54.581474315657395, 0.0 ], [ 16.677490008837953, 54.581656661123915, 0.0 ], [ 16.677564194792801, 54.581671194138778, 0.0 ], [ 16.677636380292213, 54.581688808086412, 0.0 ], [ 16.678338663808169, 54.581852412149452, 0.0 ], [ 16.679774807925185, 54.582140446573469, 0.0 ], [ 16.681240198323422, 54.582373362859983, 0.0 ], [ 16.681711533304934, 54.58243573942417, 0.0 ], [ 16.682274909182507, 54.582506723283366, 0.0 ], [ 16.682964708035001, 54.582645045688032, 0.0 ], [ 16.684430134233864, 54.582877923638399, 0.0 ], [ 16.685918520489228, 54.583054684734357, 0.0 ], [ 16.687423488455774, 54.583174569615828, 0.0 ], [ 16.6888273257352, 54.5832344414437, 0.0 ], [ 16.691136891092558, 54.583292122836056, 0.0 ], [ 16.693422406699085, 54.583511121190334, 0.0 ], [ 16.69480351402942, 54.583618845223704, 0.0 ], [ 16.696318640961117, 54.583681251229592, 0.0 ], [ 16.697837394324743, 54.583686000280927, 0.0 ], [ 16.69935326345939, 54.583633071897268, 0.0 ], [ 16.700859750099784, 54.583522693441303, 0.0 ], [ 16.702350398048768, 54.583355337979498, 0.0 ], [ 16.703283976828502, 54.583220097774145, 0.0 ], [ 16.70490576781609, 54.582964276951756, 0.0 ], [ 16.705671365966673, 54.582940517744987, 0.0 ], [ 16.706585108099706, 54.582901639159175, 0.0 ], [ 16.708091552026261, 54.582791173811444, 0.0 ], [ 16.709582145893304, 54.582623731377652, 0.0 ], [ 16.710513178458442, 54.582488832623476, 0.0 ], [ 16.711038781997555, 54.582405929768832, 0.0 ], [ 16.711854111577829, 54.58237118673749, 0.0 ], [ 16.712767452737783, 54.582311122602874, 0.0 ], [ 16.714097953714116, 54.582208078167938, 0.0 ], [ 16.714196740376877, 54.582219785686476, 0.0 ], [ 16.715701766993806, 54.582339328212989, 0.0 ], [ 16.717216883909714, 54.582401478607714, 0.0 ], [ 16.718735597473042, 54.582405972925713, 0.0 ], [ 16.71974168453421, 54.582377130558115, 0.0 ], [ 16.719777888499927, 54.582375635069141, 0.0 ], [ 16.71981402620419, 54.582377653323348, 0.0 ], [ 16.721160709020033, 54.582429988260522, 0.0 ], [ 16.722679425474656, 54.582434433082632, 0.0 ], [ 16.722993593063876, 54.582428146240723, 0.0 ], [ 16.723041068863946, 54.582427008501512, 0.0 ], [ 16.723088421822268, 54.582429349262078, 0.0 ], [ 16.724181982893647, 54.582468330278836, 0.0 ], [ 16.725002731220478, 54.582477880246081, 0.0 ], [ 16.730969262783042, 54.582485886375707, 0.0 ], [ 16.732002538180353, 54.582566102949087, 0.0 ], [ 16.732843455576152, 54.582607628887665, 0.0 ], [ 16.732916168584183, 54.582610447337075, 0.0 ], [ 16.732988282536709, 54.582616581575373, 0.0 ], [ 16.733967246446184, 54.582687561888164, 0.0 ], [ 16.735482410184495, 54.58274948929509, 0.0 ], [ 16.736329620127457, 54.582758989128898, 0.0 ], [ 16.745291534942925, 54.582764160624272, 0.0 ], [ 16.74596305835848, 54.582758882450698, 0.0 ], [ 16.747478844784645, 54.582705367166135, 0.0 ], [ 16.748389321476466, 54.582645260693234, 0.0 ], [ 16.750118669911984, 54.582510946173457, 0.0 ], [ 16.750624795300954, 54.582570775904998, 0.0 ], [ 16.752129950514977, 54.582689874377408, 0.0 ], [ 16.75364514636226, 54.582751579928122, 0.0 ], [ 16.754467590577857, 54.582760936987455, 0.0 ], [ 16.758941696105467, 54.582765716473197, 0.0 ], [ 16.759155400661943, 54.582784652068909, 0.0 ], [ 16.762078267538001, 54.58302391669374, 0.0 ], [ 16.763560116634551, 54.583164949138109, 0.0 ], [ 16.763584355164976, 54.583171285160851, 0.0 ], [ 16.764850411917358, 54.583476502098826, 0.0 ], [ 16.765234232394103, 54.583559179258351, 0.0 ], [ 16.765955638151567, 54.583710389554994, 0.0 ], [ 16.766646076798843, 54.58387656827508, 0.0 ], [ 16.767271372206324, 54.584020944667529, 0.0 ], [ 16.76765520288933, 54.584103614233022, 0.0 ], [ 16.768376391862365, 54.58425476094633, 0.0 ], [ 16.768454078979211, 54.584293516020907, 0.0 ], [ 16.769656530531883, 54.584833162251684, 0.0 ], [ 16.770917122474515, 54.585326058915975, 0.0 ], [ 16.772000196211732, 54.585697010678516, 0.0 ], [ 16.772062623217234, 54.585717091076852, 0.0 ], [ 16.772122059564033, 54.585740027969678, 0.0 ], [ 16.772642828834876, 54.585935240403082, 0.0 ], [ 16.773123591205309, 54.586105557265142, 0.0 ], [ 16.77317467571044, 54.586123165027935, 0.0 ], [ 16.773222508294758, 54.586143622715625, 0.0 ], [ 16.773402857103168, 54.586219983678596, 0.0 ], [ 16.774663537793906, 54.586712841123543, 0.0 ], [ 16.775976959168663, 54.587156836480354, 0.0 ], [ 16.776630445030946, 54.587349610775227, 0.0 ], [ 16.77679675834689, 54.587424228552514, 0.0 ], [ 16.778057519349016, 54.587917051295776, 0.0 ], [ 16.77937101556423, 54.588361009501028, 0.0 ], [ 16.780731621737782, 54.588754200814797, 0.0 ], [ 16.781465771328591, 54.588940435113621, 0.0 ], [ 16.7815260496746, 54.588955013920405, 0.0 ], [ 16.781583853019892, 54.5889726549321, 0.0 ], [ 16.782728593257357, 54.589299087946152, 0.0 ], [ 16.782827174428487, 54.589325115192182, 0.0 ], [ 16.782879211112046, 54.58933876897737, 0.0 ], [ 16.782928541280498, 54.589355472666746, 0.0 ], [ 16.783608961957032, 54.589577077991784, 0.0 ], [ 16.784969648953702, 54.589970222298, 0.0 ], [ 16.786371610415848, 54.590310911708826, 0.0 ], [ 16.78780883583584, 54.590597687951309, 0.0 ], [ 16.788038940817515, 54.590637455269018, 0.0 ], [ 16.789251378970611, 54.590987702153399, 0.0 ], [ 16.790653410672085, 54.59132834341986, 0.0 ], [ 16.792090704765403, 54.591615069391565, 0.0 ], [ 16.793288811599176, 54.591808726052122, 0.0 ], [ 16.793336703896745, 54.591815671745174, 0.0 ], [ 16.793382806893586, 54.591825926183382, 0.0 ], [ 16.793432143282168, 54.591836863609686, 0.0 ], [ 16.794484151737134, 54.592052653441741, 0.0 ], [ 16.794536853505782, 54.592062644661901, 0.0 ], [ 16.79458742151381, 54.592075844845596, 0.0 ], [ 16.795853993442648, 54.592380741586787, 0.0 ], [ 16.797291361090455, 54.592667406382922, 0.0 ], [ 16.797772054750364, 54.592749904345496, 0.0 ], [ 16.798554329299304, 54.5928788486153, 0.0 ], [ 16.798661045119118, 54.592903456074687, 0.0 ], [ 16.800098451664116, 54.593190088750099, 0.0 ], [ 16.801564950852846, 54.593421575588799, 0.0 ], [ 16.803054254212444, 54.593596923799367, 0.0 ], [ 16.804019155723552, 54.593679527331901, 0.0 ], [ 16.804069799828213, 54.593683234839268, 0.0 ], [ 16.804099229554911, 54.593687457413324, 0.0 ], [ 16.80414619113736, 54.593694247018256, 0.0 ], [ 16.804211650924522, 54.593707170270136, 0.0 ], [ 16.804868401378471, 54.593830541189369, 0.0 ], [ 16.806334950527319, 54.594061971521832, 0.0 ], [ 16.806533204997013, 54.594088718845072, 0.0 ], [ 16.806572584221392, 54.594093925949679, 0.0 ], [ 16.80661019308744, 54.594102481899171, 0.0 ], [ 16.806828008519688, 54.594151301426166, 0.0 ], [ 16.808265518797349, 54.594437837952128, 0.0 ], [ 16.808667837246215, 54.594507288280369, 0.0 ], [ 16.808726946048171, 54.594517155497208, 0.0 ], [ 16.808784172012388, 54.594530249044773, 0.0 ], [ 16.809045475337673, 54.594588985110043, 0.0 ], [ 16.810483017241939, 54.594875495555783, 0.0 ], [ 16.811016173093655, 54.594962895556364, 0.0 ], [ 16.811680189930236, 54.595154524366968, 0.0 ], [ 16.813082558108984, 54.595494909426073, 0.0 ], [ 16.814134767315, 54.595710530959579, 0.0 ], [ 16.814187478827851, 54.595720513701835, 0.0 ], [ 16.81423805791723, 54.59573370576463, 0.0 ], [ 16.814718019689916, 54.595855140903112, 0.0 ], [ 16.814776834989367, 54.595869566800374, 0.0 ], [ 16.814833135558921, 54.595887054845313, 0.0 ], [ 16.816139313288467, 54.596262705235915, 0.0 ], [ 16.817541759411792, 54.596603040169001, 0.0 ], [ 16.818955962400786, 54.596884776354706, 0.0 ], [ 16.81923814977991, 54.596977934891868, 0.0 ], [ 16.819963176933197, 54.59719512256499, 0.0 ], [ 16.820002696372697, 54.597206456628214, 0.0 ], [ 16.82003919437048, 54.597220806065408, 0.0 ], [ 16.820742759801412, 54.597486807566568, 0.0 ], [ 16.822057038262848, 54.597930307802244, 0.0 ], [ 16.823418385331788, 54.598323025110275, 0.0 ], [ 16.82482096327648, 54.598663276735643, 0.0 ], [ 16.826258762220871, 54.59894960275652, 0.0 ], [ 16.827725622825362, 54.599180778208542, 0.0 ], [ 16.8292152551521, 54.599355809850806, 0.0 ], [ 16.829336619242479, 54.59936749582625, 0.0 ], [ 16.830977728781193, 54.599522911320648, 0.0 ], [ 16.831828905320716, 54.599588340589612, 0.0 ], [ 16.832040667360101, 54.599639233855761, 0.0 ], [ 16.833478553449893, 54.599925475716304, 0.0 ], [ 16.834945490712769, 54.600156564273263, 0.0 ], [ 16.834977106017444, 54.600160604357797, 0.0 ], [ 16.83519985014949, 54.60027144906892, 0.0 ], [ 16.836403672325964, 54.600810438294857, 0.0 ], [ 16.837665580887002, 54.601302647270238, 0.0 ], [ 16.838980173186592, 54.601745966258449, 0.0 ], [ 16.840341813039874, 54.60213849642782, 0.0 ], [ 16.841744667734737, 54.602478554143531, 0.0 ], [ 16.843182724515689, 54.602764682982098, 0.0 ], [ 16.844649821531419, 54.60299565610925, 0.0 ], [ 16.846139670820179, 54.603170483007439, 0.0 ], [ 16.847645884448411, 54.603288415355635, 0.0 ], [ 16.849162010227072, 54.603348947679457, 0.0 ], [ 16.850681545628326, 54.603351820305591, 0.0 ], [ 16.852197979654292, 54.603297021009496, 0.0 ], [ 16.853704811543899, 54.603184785346642, 0.0 ], [ 16.855195583641947, 54.603015592733968, 0.0 ], [ 16.856663906102362, 54.60279017047344, 0.0 ], [ 16.856776158735997, 54.602768283599083, 0.0 ], [ 16.861500635695201, 54.602761679079542, 0.0 ], [ 16.862131737737975, 54.602755806652546, 0.0 ], [ 16.863648137750275, 54.60270086802629, 0.0 ], [ 16.863765591230457, 54.602694192460838, 0.0 ], [ 16.863800353991817, 54.602692165229286, 0.0 ], [ 16.863835208269862, 54.602693654484113, 0.0 ], [ 16.864710621376751, 54.602721437271391, 0.0 ], [ 16.864925154257421, 54.602725315091462, 0.0 ], [ 16.866550605910543, 54.602750326036443, 0.0 ], [ 16.866638958255894, 54.602758363082536, 0.0 ], [ 16.867434785103367, 54.602822597266766, 0.0 ], [ 16.870584381574414, 54.603044633265057, 0.0 ], [ 16.871758865250388, 54.603151425041858, 0.0 ], [ 16.872022684785424, 54.603174512769776, 0.0 ], [ 16.873120732550827, 54.603266863275785, 0.0 ], [ 16.875401671922805, 54.603516253746591, 0.0 ], [ 16.875854957251697, 54.603563118139078, 0.0 ], [ 16.876373442518922, 54.603610166461387, 0.0 ], [ 16.878218963558659, 54.603765253503482, 0.0 ], [ 16.880356191510899, 54.604310078282936, 0.0 ], [ 16.881464271143063, 54.604573013287457, 0.0 ], [ 16.881598510193168, 54.604602276324741, 0.0 ], [ 16.88215809601563, 54.604723119164028, 0.0 ], [ 16.882377842030309, 54.604774000260747, 0.0 ], [ 16.882409965341576, 54.604783951519344, 0.0 ], [ 16.883715450949737, 54.605158384025565, 0.0 ], [ 16.885118780179464, 54.605497948181757, 0.0 ], [ 16.886557257115228, 54.60578357128292, 0.0 ], [ 16.887605417910624, 54.605954255664727, 0.0 ], [ 16.887652394407187, 54.605961221456774, 0.0 ], [ 16.88769753923193, 54.605971492985041, 0.0 ], [ 16.887943678562152, 54.606026564163571, 0.0 ], [ 16.889377234796495, 54.606311169229294, 0.0 ], [ 16.889624989646382, 54.606392573967838, 0.0 ], [ 16.890987282358058, 54.60678454314079, 0.0 ], [ 16.892390729938352, 54.607124023911901, 0.0 ], [ 16.89274011443764, 54.607195347225037, 0.0 ], [ 16.893702660499322, 54.607519320954708, 0.0 ], [ 16.895065032505435, 54.607911244859977, 0.0 ], [ 16.896468553794538, 54.608250678921785, 0.0 ], [ 16.896773199392179, 54.608312855936028, 0.0 ], [ 16.896791204850402, 54.608319262512978, 0.0 ], [ 16.897188139934784, 54.608457887330445, 0.0 ], [ 16.897278805685293, 54.608498400241658, 0.0 ], [ 16.898541699169737, 54.608989983133419, 0.0 ], [ 16.899531445078491, 54.609329182242263, 0.0 ], [ 16.899596534620958, 54.609350249150637, 0.0 ], [ 16.899658648026683, 54.609374151605394, 0.0 ], [ 16.900195516775835, 54.609574657657525, 0.0 ], [ 16.900676628305987, 54.609743930816869, 0.0 ], [ 16.90072545461873, 54.609768199283138, 0.0 ], [ 16.901072925923589, 54.609937530105874, 0.0 ], [ 16.902277917651869, 54.610475871420647, 0.0 ], [ 16.903540934977297, 54.610967402186844, 0.0 ], [ 16.904856567395509, 54.611410015518011, 0.0 ], [ 16.905031931436149, 54.611464093248586, 0.0 ], [ 16.906115327105564, 54.611794740048012, 0.0 ], [ 16.906531781914065, 54.61192649951613, 0.0 ], [ 16.907662790004547, 54.61243168289765, 0.0 ], [ 16.90892593526749, 54.612923157542198, 0.0 ], [ 16.90925211801046, 54.613039144555962, 0.0 ], [ 16.909649142002738, 54.613177730070483, 0.0 ], [ 16.909739830795555, 54.613218232917738, 0.0 ], [ 16.911003025733219, 54.613709687154063, 0.0 ], [ 16.911582104473499, 54.613912675626864, 0.0 ], [ 16.911634334582995, 54.613930387641204, 0.0 ], [ 16.911683356960481, 54.613950959382471, 0.0 ], [ 16.911737245102135, 54.613973506000796, 0.0 ], [ 16.912285245849827, 54.614195244633812, 0.0 ], [ 16.9140619291218, 54.614892345111102, 0.0 ], [ 16.914740142707696, 54.615195193869944, 0.0 ], [ 16.916003459952705, 54.615686595925609, 0.0 ], [ 16.916484711795391, 54.615855806407616, 0.0 ], [ 16.916533554861712, 54.615880069516848, 0.0 ], [ 16.916881146018522, 54.616049354943193, 0.0 ], [ 16.918086532282082, 54.616587539986853, 0.0 ], [ 16.919349933524241, 54.617078906833974, 0.0 ], [ 16.919959816495194, 54.617292248589251, 0.0 ], [ 16.920010063948371, 54.617309223289993, 0.0 ], [ 16.920057084941277, 54.617329066607084, 0.0 ], [ 16.920163991637391, 54.617373912449267, 0.0 ], [ 16.921427444153352, 54.617865258006546, 0.0 ], [ 16.921997369804551, 54.618065054954151, 0.0 ], [ 16.92204927684352, 54.618082668713299, 0.0 ], [ 16.922097968798994, 54.61810314234441, 0.0 ], [ 16.922172999050566, 54.618134557730151, 0.0 ], [ 16.92312346715908, 54.618510555988983, 0.0 ], [ 16.924103634278271, 54.618878046346396, 0.0 ], [ 16.92518779098442, 54.619361968768331, 0.0 ], [ 16.926451367953597, 54.619853262815909, 0.0 ], [ 16.927767542979129, 54.620295629364719, 0.0 ], [ 16.928566624883487, 54.620532939941938, 0.0 ], [ 16.928607742587765, 54.62054457648923, 0.0 ], [ 16.928645881969445, 54.620559236290894, 0.0 ], [ 16.929183489408537, 54.620759785399827, 0.0 ], [ 16.930366338781006, 54.621160287140128, 0.0 ], [ 16.931729648475375, 54.621591201473265, 0.0 ], [ 16.931863037944957, 54.621633035565338, 0.0 ], [ 16.933226259156275, 54.622024534494706, 0.0 ], [ 16.934630595508558, 54.622363531309446, 0.0 ], [ 16.93513043070471, 54.622469442242988, 0.0 ], [ 16.935207804663154, 54.62248525744841, 0.0 ], [ 16.935283132616334, 54.622504113732809, 0.0 ], [ 16.936270118738818, 54.622735786457241, 0.0 ], [ 16.936336799239378, 54.622750271292801, 0.0 ], [ 16.936667337556582, 54.62287873569737, 0.0 ], [ 16.937657747592269, 54.623217627070986, 0.0 ], [ 16.937722877850074, 54.623238672863145, 0.0 ], [ 16.937785035018091, 54.62326255697014, 0.0 ], [ 16.938322281551219, 54.623462894018225, 0.0 ], [ 16.939312718216243, 54.623801772034142, 0.0 ], [ 16.939377851825412, 54.623822816975647, 0.0 ], [ 16.939440010867102, 54.623846700246645, 0.0 ], [ 16.939977271801141, 54.624047030040941, 0.0 ], [ 16.94129373473756, 54.62448925169717, 0.0 ], [ 16.94168927521994, 54.624603729568761, 0.0 ], [ 16.941810079933791, 54.624660195322875, 0.0 ], [ 16.941974609209389, 54.624735542163435, 0.0 ], [ 16.944482067758344, 54.626110582555114, 0.0 ], [ 16.944546625278651, 54.626145846747356, 0.0 ], [ 16.945689551579434, 54.626728273544728, 0.0 ], [ 16.94601115565084, 54.626878577892725, 0.0 ], [ 16.94629366948358, 54.627060047487632, 0.0 ], [ 16.947368622132306, 54.627684478683527, 0.0 ], [ 16.947467242228083, 54.627737829018955, 0.0 ], [ 16.947509884645157, 54.627760763906338, 0.0 ], [ 16.947548293769611, 54.6277860870997, 0.0 ], [ 16.948025107610139, 54.62809094884777, 0.0 ], [ 16.949100113974367, 54.628715365027617, 0.0 ], [ 16.950243180772095, 54.629297748026936, 0.0 ], [ 16.950596699646368, 54.629462996370947, 0.0 ], [ 16.950885540635742, 54.629595336741879, 0.0 ], [ 16.951165268105107, 54.629734104891277, 0.0 ], [ 16.951513173896934, 54.629903315178716, 0.0 ], [ 16.952719439314833, 54.630441157177792, 0.0 ], [ 16.952943268795483, 54.630532914719986, 0.0 ], [ 16.953566308770053, 54.630938523009647, 0.0 ], [ 16.954641478459997, 54.631562890222696, 0.0 ], [ 16.955783729992483, 54.632144722690683, 0.0 ], [ 16.955970935938577, 54.632264706358846, 0.0 ], [ 16.956232780778937, 54.63242975032977, 0.0 ], [ 16.95730803229679, 54.633054093526411, 0.0 ], [ 16.958451343219657, 54.633636399841585, 0.0 ], [ 16.958765321104341, 54.633783047473678, 0.0 ], [ 16.959401929824867, 54.634165242504679, 0.0 ], [ 16.96022160885984, 54.634633605869169, 0.0 ], [ 16.961365005922456, 54.63521588435713, 0.0 ], [ 16.961738800069352, 54.635390329643329, 0.0 ], [ 16.96176618478902, 54.635402842935392, 0.0 ], [ 16.961789415985837, 54.635417916320762, 0.0 ], [ 16.96214829563036, 54.635645482981204, 0.0 ], [ 16.963223725902509, 54.63626977396693, 0.0 ], [ 16.963867248316124, 54.636597451832422, 0.0 ], [ 16.965590067930471, 54.637589538381199, 0.0 ], [ 16.966070972947833, 54.637858622457678, 0.0 ], [ 16.967214547512707, 54.638440846036403, 0.0 ], [ 16.968421280452453, 54.638978532163591, 0.0 ], [ 16.968538716470107, 54.639025417080326, 0.0 ], [ 16.968822543866295, 54.639239996099434, 0.0 ], [ 16.969825545042891, 54.639903588270364, 0.0 ], [ 16.970079447060453, 54.640058417319729, 0.0 ], [ 16.971984438051631, 54.641201776201072, 0.0 ], [ 16.972537069409256, 54.641522494560235, 0.0 ], [ 16.972576925102889, 54.641544860251344, 0.0 ], [ 16.972612430593053, 54.641569565509414, 0.0 ], [ 16.973501147879297, 54.642152899016025, 0.0 ], [ 16.974576930327952, 54.64277708884417, 0.0 ], [ 16.974672321940229, 54.642828642209253, 0.0 ], [ 16.974738315060662, 54.642864107999948, 0.0 ], [ 16.974800435606472, 54.642901849469204, 0.0 ], [ 16.975721880505159, 54.643431330149909, 0.0 ], [ 16.976513223839984, 54.643842146349087, 0.0 ], [ 16.977178245346373, 54.64417185302743, 0.0 ], [ 16.977543958486006, 54.644437417179851, 0.0 ], [ 16.978547235736702, 54.645100937140278, 0.0 ], [ 16.979623176533206, 54.645725082304764, 0.0 ], [ 16.980767172438327, 54.646307178051345, 0.0 ], [ 16.98197432445377, 54.646844730202695, 0.0 ], [ 16.983239461180165, 54.647335434359782, 0.0 ], [ 16.984230867325845, 54.647673946367533, 0.0 ], [ 16.984296062610227, 54.647694967574935, 0.0 ], [ 16.984358286238539, 54.647718827343745, 0.0 ], [ 16.984867882936076, 54.647908462182947, 0.0 ], [ 16.985119944647405, 54.648059625100771, 0.0 ], [ 16.985940208916009, 54.648527814697722, 0.0 ], [ 16.987084377537155, 54.649109850176309, 0.0 ], [ 16.98724505415419, 54.649184812482005, 0.0 ], [ 16.993671805327963, 54.653297495035687, 0.0 ], [ 16.993933485893795, 54.653462164099423, 0.0 ], [ 16.995009890087612, 54.654086172040401, 0.0 ], [ 16.99525929635567, 54.654216475485129, 0.0 ], [ 16.99556642203596, 54.654445291935303, 0.0 ], [ 16.995606851034204, 54.654474000951765, 0.0 ], [ 16.995642578039657, 54.654504728935962, 0.0 ], [ 16.99602816656741, 54.654826215723418, 0.0 ], [ 16.996955082653784, 54.655526118394924, 0.0 ], [ 16.997958961579403, 54.656189477878286, 0.0 ], [ 16.999035502542046, 54.656813450936049, 0.0 ], [ 17.000180097713482, 54.657395362820708, 0.0 ], [ 17.000534070293302, 54.657560465718241, 0.0 ], [ 17.000823266180412, 54.657692682039517, 0.0 ], [ 17.001311901169306, 54.657934564320819, 0.0 ], [ 17.001660286004938, 54.658103642039606, 0.0 ], [ 17.001771554871628, 54.658155516265602, 0.0 ], [ 17.003525552292629, 54.65929342337391, 0.0 ], [ 17.003848936873254, 54.659573684074822, 0.0 ], [ 17.004735312956861, 54.660244656682259, 0.0 ], [ 17.004775754200558, 54.660273361814568, 0.0 ], [ 17.004811493132404, 54.660304088063825, 0.0 ], [ 17.005197211790872, 54.660625544674616, 0.0 ], [ 17.006124424711825, 54.661325377259914, 0.0 ], [ 17.00712860043269, 54.661988659933129, 0.0 ], [ 17.008205441459687, 54.66261255164752, 0.0 ], [ 17.009021517015746, 54.663027277594864, 0.0 ], [ 17.009064705229189, 54.663063201542634, 0.0 ], [ 17.00999204148042, 54.663763004387391, 0.0 ], [ 17.010996343336618, 54.664426254909785, 0.0 ], [ 17.012073311270846, 54.66505011127294, 0.0 ], [ 17.01268561330118, 54.665370746277731, 0.0 ], [ 17.012720352244575, 54.665388300148301, 0.0 ], [ 17.012750852356966, 54.665408321833411, 0.0 ], [ 17.013217256840765, 54.66570546717125, 0.0 ], [ 17.014294292679903, 54.666329304220945, 0.0 ], [ 17.015439381742805, 54.666911072454027, 0.0 ], [ 17.015709717251866, 54.667033916596552, 0.0 ], [ 17.016159568006188, 54.667325553200563, 0.0 ], [ 17.016605632809892, 54.667772552237572, 0.0 ], [ 17.017452304853563, 54.668505850410838, 0.0 ], [ 17.018339108100783, 54.669176722520362, 0.0 ], [ 17.01836217949969, 54.669193088477307, 0.0 ], [ 17.018489849790615, 54.669307437388611, 0.0 ], [ 17.019634299503494, 54.6703874036873, 0.0 ], [ 17.01971182848126, 54.670460045781645, 0.0 ], [ 17.020384065219993, 54.67105041686365, 0.0 ], [ 17.020428185607944, 54.671087039640568, 0.0 ], [ 17.020467509203645, 54.671125447921177, 0.0 ], [ 17.020728845234871, 54.671374527029691, 0.0 ], [ 17.021575670402598, 54.672107795472158, 0.0 ], [ 17.022503437537363, 54.672807501572017, 0.0 ], [ 17.023024563183174, 54.673162350666054, 0.0 ], [ 17.023301309129966, 54.67334433541015, 0.0 ], [ 17.023811531025533, 54.673786083604952, 0.0 ], [ 17.02473937615293, 54.674485773049945, 0.0 ], [ 17.025496987416915, 54.674988161872292, 0.0 ], [ 17.026056615379947, 54.675472632223524, 0.0 ], [ 17.026984538896293, 54.676172304044641, 0.0 ], [ 17.02798943678464, 54.676835412877431, 0.0 ], [ 17.029067003878936, 54.677459118320414, 0.0 ], [ 17.030212628038118, 54.678040746740812, 0.0 ], [ 17.031421400300054, 54.678577805865885, 0.0 ], [ 17.032688145470722, 54.679067994311296, 0.0 ], [ 17.034007434083151, 54.679509211704229, 0.0 ], [ 17.035294818943033, 54.679878776384044, 0.0 ], [ 17.035342042569564, 54.679891297563302, 0.0 ], [ 17.035386479066208, 54.679906876436156, 0.0 ], [ 17.035630950040201, 54.679991214624771, 0.0 ], [ 17.036039995570817, 54.68019356154479, 0.0 ], [ 17.036396529950618, 54.680366400467996, 0.0 ], [ 17.037605455284016, 54.680903398942192, 0.0 ], [ 17.038872349853527, 54.681393523761336, 0.0 ], [ 17.040191783600566, 54.681834673926943, 0.0 ], [ 17.041558104345004, 54.682224959912475, 0.0 ], [ 17.04296545619977, 54.682562709390098, 0.0 ], [ 17.044407810405431, 54.682846473155124, 0.0 ], [ 17.04582338465012, 54.683067475914001, 0.0 ], [ 17.046782798344925, 54.683198652346192, 0.0 ], [ 17.047034344942745, 54.683256783388103, 0.0 ], [ 17.048090107462301, 54.683470392987104, 0.0 ], [ 17.048142990293741, 54.683480275015967, 0.0 ], [ 17.048193757386407, 54.683493370598399, 0.0 ], [ 17.048677483037384, 54.683614373681621, 0.0 ], [ 17.04873650400112, 54.683628681838229, 0.0 ], [ 17.048793023689949, 54.683646057078541, 0.0 ], [ 17.050102622995073, 54.684018707775877, 0.0 ], [ 17.051510109913703, 54.684356358967932, 0.0 ], [ 17.052079372718698, 54.684471512083853, 0.0 ], [ 17.053165611985804, 54.684891523662515, 0.0 ], [ 17.054485318601749, 54.685332520994073, 0.0 ], [ 17.054665168050644, 54.685387582907033, 0.0 ], [ 17.055038778115502, 54.685500759717307, 0.0 ], [ 17.055641251608623, 54.685768196825386, 0.0 ], [ 17.056908519804129, 54.686258134743113, 0.0 ], [ 17.057455975103629, 54.686449152365959, 0.0 ], [ 17.057507287237073, 54.686466505607996, 0.0 ], [ 17.057555375795001, 54.686486722121835, 0.0 ], [ 17.057681277302098, 54.686539283469671, 0.0 ], [ 17.058948594396561, 54.687029200379712, 0.0 ], [ 17.060001188623357, 54.687386169390209, 0.0 ], [ 17.060064979054328, 54.687406523928601, 0.0 ], [ 17.060125794762538, 54.68742973319074, 0.0 ], [ 17.060651682423874, 54.68762463193805, 0.0 ], [ 17.061971561764576, 54.688065548022081, 0.0 ], [ 17.063338306881025, 54.68845559135513, 0.0 ], [ 17.063747085941174, 54.688558673514727, 0.0 ], [ 17.064129278212011, 54.68877140254844, 0.0 ], [ 17.065275734495273, 54.689352701416198, 0.0 ], [ 17.066485318721028, 54.689889413513143, 0.0 ], [ 17.067752849142185, 54.690379238879686, 0.0 ], [ 17.069072896041725, 54.690820078741034, 0.0 ], [ 17.070439804706147, 54.691210043103105, 0.0 ], [ 17.071847716736627, 54.691547461016697, 0.0 ], [ 17.071982418443287, 54.691576521785436, 0.0 ], [ 17.0729516752065, 54.691783659044297, 0.0 ], [ 17.07481162841863, 54.692210090206821, 0.0 ], [ 17.074838411234662, 54.692218971156912, 0.0 ], [ 17.075445125427393, 54.692413283298002, 0.0 ], [ 17.076812150122691, 54.692803176583453, 0.0 ], [ 17.078220171653708, 54.693140521222595, 0.0 ], [ 17.079663155210149, 54.693423871493131, 0.0 ], [ 17.080297232220556, 54.693529492072528, 0.0 ], [ 17.080358861990792, 54.69353921341812, 0.0 ], [ 17.080418701680273, 54.693552164800039, 0.0 ], [ 17.081769172010706, 54.693816500954618, 0.0 ], [ 17.08181899980714, 54.693832496709987, 0.0 ], [ 17.081881351802824, 54.69385630630115, 0.0 ], [ 17.082420262657781, 54.694056007554984, 0.0 ], [ 17.083740592371051, 54.694496689585264, 0.0 ], [ 17.083916561984811, 54.694550509494718, 0.0 ], [ 17.085003673306105, 54.694879567293057, 0.0 ], [ 17.08607847411654, 54.69521685899749, 0.0 ], [ 17.086211300719988, 54.695258220895468, 0.0 ], [ 17.086901433305759, 54.695462999359172, 0.0 ], [ 17.087802558337621, 54.695719518039027, 0.0 ], [ 17.088602899723501, 54.696074353342425, 0.0 ], [ 17.08987089627038, 54.696563950511873, 0.0 ], [ 17.091191391079182, 54.697004551585323, 0.0 ], [ 17.092558725890374, 54.697394269360387, 0.0 ], [ 17.093967040481484, 54.697731433944902, 0.0 ], [ 17.094061358732453, 54.697751817119403, 0.0 ], [ 17.094104662616129, 54.697761113653442, 0.0 ], [ 17.094145516735701, 54.697773591395176, 0.0 ], [ 17.095416144174138, 54.698133557952858, 0.0 ], [ 17.095968829235339, 54.698272722735503, 0.0 ], [ 17.096434817613293, 54.698445307306244, 0.0 ], [ 17.09775544589252, 54.698885837755924, 0.0 ], [ 17.098936808768897, 54.69922619058525, 0.0 ], [ 17.098984254163398, 54.699238904049139, 0.0 ], [ 17.099028893055561, 54.699254665541524, 0.0 ], [ 17.100197053436606, 54.699640848130166, 0.0 ], [ 17.10082884745832, 54.699828850827302, 0.0 ], [ 17.100919733250592, 54.699854890500553, 0.0 ], [ 17.101008130182766, 54.699883663087839, 0.0 ], [ 17.101462348571602, 54.700027691544584, 0.0 ], [ 17.102829885554218, 54.700417295699282, 0.0 ], [ 17.10345016228473, 54.70057342549746, 0.0 ], [ 17.103509227629104, 54.700587707274188, 0.0 ], [ 17.103565794731427, 54.700605057281138, 0.0 ], [ 17.104876457236657, 54.700977123136887, 0.0 ], [ 17.106285002352468, 54.701314146161266, 0.0 ], [ 17.10663737979484, 54.701385603907667, 0.0 ], [ 17.107601739705942, 54.701707162691477, 0.0 ], [ 17.108969394845136, 54.702096698381652, 0.0 ], [ 17.109527812341881, 54.702237772645979, 0.0 ], [ 17.109586057223751, 54.702251965791859, 0.0 ], [ 17.109641780983772, 54.702269226034502, 0.0 ], [ 17.109671379941066, 54.702278378658626, 0.0 ], [ 17.111039074598938, 54.702667890361532, 0.0 ], [ 17.111725423149473, 54.702839864188959, 0.0 ], [ 17.111785337260688, 54.702854220738843, 0.0 ], [ 17.111842776879932, 54.702871646054113, 0.0 ], [ 17.113063317053996, 54.703216092976916, 0.0 ], [ 17.113619762526397, 54.703356661563866, 0.0 ], [ 17.113678016474953, 54.703370857353036, 0.0 ], [ 17.113733749495459, 54.703388121223888, 0.0 ], [ 17.113764961882161, 54.703397772681718, 0.0 ], [ 17.115132734272748, 54.703787238712259, 0.0 ], [ 17.115819119480079, 54.703959189605214, 0.0 ], [ 17.115879036725548, 54.703973544152682, 0.0 ], [ 17.115936479716133, 54.703990967550432, 0.0 ], [ 17.117157088942992, 54.704335373711508, 0.0 ], [ 17.117777481825893, 54.704491431865378, 0.0 ], [ 17.117836559581114, 54.704505706757097, 0.0 ], [ 17.117893138411503, 54.70452304925648, 0.0 ], [ 17.118012270627922, 54.704559312304106, 0.0 ], [ 17.119100907848217, 54.704888362674552, 0.0 ], [ 17.120217883060086, 54.705238319174669, 0.0 ], [ 17.120348846337315, 54.705279038711836, 0.0 ], [ 17.121716748003113, 54.705668431318962, 0.0 ], [ 17.123125598965281, 54.706005261582668, 0.0 ], [ 17.124569365594798, 54.706288084268493, 0.0 ], [ 17.124947517888199, 54.706352258010646, 0.0 ], [ 17.126322923256954, 54.706578370870702, 0.0 ], [ 17.127526342489325, 54.706866028147864, 0.0 ], [ 17.128970171362532, 54.707148799737013, 0.0 ], [ 17.129347831891316, 54.70721287650143, 0.0 ], [ 17.129399838275081, 54.70722142515514, 0.0 ], [ 17.129962225646999, 54.707470386009433, 0.0 ], [ 17.131231087539852, 54.707959554318627, 0.0 ], [ 17.132552413198308, 54.708399710217371, 0.0 ], [ 17.133920539305137, 54.708788967488552, 0.0 ], [ 17.13532960384526, 54.709125657343307, 0.0 ], [ 17.135458851059042, 54.709153439720339, 0.0 ], [ 17.136349417151923, 54.709432480103878, 0.0 ], [ 17.136486622523506, 54.709475127408496, 0.0 ], [ 17.137854824868715, 54.709864340791739, 0.0 ], [ 17.138883378933176, 54.710116176788048, 0.0 ], [ 17.13940883486352, 54.710236331204165, 0.0 ], [ 17.139845983507058, 54.710397966117284, 0.0 ], [ 17.140197708228879, 54.710521646097277, 0.0 ], [ 17.140240949902704, 54.710536551623946, 0.0 ], [ 17.140280832037469, 54.71055432320054, 0.0 ], [ 17.140956476284259, 54.710844325890577, 0.0 ], [ 17.142225580720652, 54.711333380697305, 0.0 ], [ 17.143411693953642, 54.711731334737031, 0.0 ], [ 17.145856176951916, 54.712496822389554, 0.0 ], [ 17.145991625243383, 54.712538903195409, 0.0 ], [ 17.147337318740238, 54.712922070116711, 0.0 ], [ 17.147381174754944, 54.712933559526547, 0.0 ], [ 17.147422222810913, 54.712948119618233, 0.0 ], [ 17.148647870778284, 54.713353859215701, 0.0 ], [ 17.149210977894988, 54.713514170362352, 0.0 ], [ 17.149380416263899, 54.713587482692589, 0.0 ], [ 17.150649709102204, 54.71407644960393, 0.0 ], [ 17.151971450541136, 54.714516395621658, 0.0 ], [ 17.153339973898376, 54.71490543629946, 0.0 ], [ 17.154026714027037, 54.715077173157951, 0.0 ], [ 17.154086661466049, 54.715091509914267, 0.0 ], [ 17.154144138415131, 54.715108915437447, 0.0 ], [ 17.155365413675931, 54.715452941159263, 0.0 ], [ 17.155986128059187, 54.715608806754346, 0.0 ], [ 17.156045235738315, 54.715623063218317, 0.0 ], [ 17.156101846656931, 54.715640388089113, 0.0 ], [ 17.157413489600117, 54.716011893098404, 0.0 ], [ 17.158823005712666, 54.716348313717063, 0.0 ], [ 17.159880236252739, 54.716560963420783, 0.0 ], [ 17.159933191789001, 54.716570797152123, 0.0 ], [ 17.159984037049391, 54.716583846401335, 0.0 ], [ 17.161257306899035, 54.716884959496412, 0.0 ], [ 17.162314563016178, 54.717097588126968, 0.0 ], [ 17.162367519862542, 54.717107420803636, 0.0 ], [ 17.162392136432036, 54.717113738036076, 0.0 ], [ 17.162521777575332, 54.717176270136392, 0.0 ], [ 17.163733503682852, 54.717712019660041, 0.0 ], [ 17.165003103598394, 54.718200837364385, 0.0 ], [ 17.165486629639172, 54.718369062942017, 0.0 ], [ 17.165744994552039, 54.718496158100983, 0.0 ], [ 17.16609457559505, 54.71866475285259, 0.0 ], [ 17.166457505005095, 54.71883288406174, 0.0 ], [ 17.167603859713449, 54.719353177980636, 0.0 ], [ 17.168504665434209, 54.719796691939592, 0.0 ], [ 17.168862872560453, 54.719969512367172, 0.0 ], [ 17.169188191984528, 54.720120519833777, 0.0 ], [ 17.169292111947019, 54.720167880977982, 0.0 ], [ 17.169393041534718, 54.720217359216598, 0.0 ], [ 17.169713649617833, 54.720371702591216, 0.0 ], [ 17.170038975444477, 54.720522707813018, 0.0 ], [ 17.170142897474527, 54.720570067341576, 0.0 ], [ 17.170243829103097, 54.720619544883974, 0.0 ], [ 17.170564445162757, 54.720773886070248, 0.0 ], [ 17.171776386987936, 54.721309556517184, 0.0 ], [ 17.17304620023021, 54.721798290421681, 0.0 ], [ 17.174041050259333, 54.722135260990569, 0.0 ], [ 17.174106466069201, 54.722156181391959, 0.0 ], [ 17.174168917855383, 54.722179944135235, 0.0 ], [ 17.17470867030864, 54.72237923939651, 0.0 ], [ 17.175655785806676, 54.722700880660895, 0.0 ], [ 17.175719814095668, 54.722721468202423, 0.0 ], [ 17.175780851838077, 54.722744902222317, 0.0 ], [ 17.176401634420021, 54.722975153468425, 0.0 ], [ 17.177723951633912, 54.723414822338846, 0.0 ], [ 17.178835097384411, 54.723735198133014, 0.0 ], [ 17.181075580672008, 54.724338673906146, 0.0 ], [ 17.182216648798004, 54.724718007893266, 0.0 ], [ 17.182785989990197, 54.724880147539004, 0.0 ], [ 17.182949598565262, 54.724951430175388, 0.0 ], [ 17.184219663345406, 54.725440048628677, 0.0 ], [ 17.185542148373454, 54.725879632399021, 0.0 ], [ 17.18671170090505, 54.726215573311066, 0.0 ], [ 17.186759040722166, 54.726228228741128, 0.0 ], [ 17.18680357241886, 54.726243935059685, 0.0 ], [ 17.187993781950958, 54.726636471497073, 0.0 ], [ 17.18936307147295, 54.727025110383508, 0.0 ], [ 17.190033949691291, 54.727192769061041, 0.0 ], [ 17.190093723865168, 54.727207068076623, 0.0 ], [ 17.190151021653758, 54.727224438283073, 0.0 ], [ 17.190717140945008, 54.727390424670027, 0.0 ], [ 17.192315983221665, 54.727843493103322, 0.0 ], [ 17.192455329507712, 54.727897083253403, 0.0 ], [ 17.192939093948123, 54.728065202674195, 0.0 ], [ 17.192988240898345, 54.728089354208009, 0.0 ], [ 17.193337974469976, 54.728257848449651, 0.0 ], [ 17.193693369131189, 54.728422389948712, 0.0 ], [ 17.19398372745297, 54.728554153045728, 0.0 ], [ 17.194264989363912, 54.728692361345267, 0.0 ], [ 17.194614780583262, 54.728860875144967, 0.0 ], [ 17.195827290302631, 54.7293963068755, 0.0 ], [ 17.197097652488626, 54.729884791365407, 0.0 ], [ 17.197420428967998, 54.729998216309824, 0.0 ], [ 17.197462284441706, 54.730012657867341, 0.0 ], [ 17.197500756382492, 54.730029965779842, 0.0 ], [ 17.197757365041557, 54.730143769847309, 0.0 ], [ 17.19785747739245, 54.73018753658868, 0.0 ], [ 17.197954575496162, 54.730233519673305, 0.0 ], [ 17.197980003801195, 54.730245544620928, 0.0 ], [ 17.199192601188045, 54.730780942335585, 0.0 ], [ 17.200463049155847, 54.73126939209692, 0.0 ], [ 17.201013909777213, 54.731460475620402, 0.0 ], [ 17.201065338123353, 54.731477763362314, 0.0 ], [ 17.201113550841047, 54.731497918244351, 0.0 ], [ 17.201238062086983, 54.731549611912442, 0.0 ], [ 17.202508558988999, 54.732038040538718, 0.0 ], [ 17.203523292877431, 54.732380955070596, 0.0 ], [ 17.203586219383148, 54.732401008715151, 0.0 ], [ 17.203646160651321, 54.732423922179677, 0.0 ], [ 17.204238296295603, 54.732642944892426, 0.0 ], [ 17.205561240450645, 54.733082313159898, 0.0 ], [ 17.206930920149283, 54.733470755178743, 0.0 ], [ 17.207618207415948, 54.733642191875951, 0.0 ], [ 17.207678203215487, 54.733656501548225, 0.0 ], [ 17.207735728206213, 54.733673882843064, 0.0 ], [ 17.208958032055389, 54.734017375089898, 0.0 ], [ 17.209579243550394, 54.734172968502612, 0.0 ], [ 17.209638397500157, 54.734187199125067, 0.0 ], [ 17.209695057542806, 54.734204499270433, 0.0 ], [ 17.2110078057054, 54.734575431289564, 0.0 ], [ 17.211364527606584, 54.734664771329619, 0.0 ], [ 17.212340470108526, 54.735039548074695, 0.0 ], [ 17.212445998623284, 54.735077063539705, 0.0 ], [ 17.214223197041544, 54.735705091984023, 0.0 ], [ 17.215113207108455, 54.736004214956942, 0.0 ], [ 17.215178666797001, 54.736025112566757, 0.0 ], [ 17.215241164242038, 54.736048854428596, 0.0 ], [ 17.215781308352906, 54.736247968332158, 0.0 ], [ 17.216265271783818, 54.736415995005565, 0.0 ], [ 17.216314442819844, 54.736440137226225, 0.0 ], [ 17.216664347459631, 54.736608564309158, 0.0 ], [ 17.217019913677809, 54.736773037579539, 0.0 ], [ 17.217305759868943, 54.736902638122153, 0.0 ], [ 17.217964799986483, 54.737226525349278, 0.0 ], [ 17.218323767109645, 54.737399391895991, 0.0 ], [ 17.219034222915138, 54.737721596712433, 0.0 ], [ 17.219102652348528, 54.737751413458298, 0.0 ], [ 17.219167573005173, 54.737783750036982, 0.0 ], [ 17.219644685645008, 54.738015059325669, 0.0 ], [ 17.220009055375254, 54.738183501920496, 0.0 ], [ 17.220509828325849, 54.73841029549083, 0.0 ], [ 17.220994024117896, 54.738648101262569, 0.0 ], [ 17.221348424374842, 54.738818703215678, 0.0 ], [ 17.222561595022707, 54.739353868870417, 0.0 ], [ 17.223832600317699, 54.739842076244223, 0.0 ], [ 17.22515599733093, 54.740281232590881, 0.0 ], [ 17.226526113955575, 54.740669455067831, 0.0 ], [ 17.227083478531352, 54.740809508428619, 0.0 ], [ 17.227141826729817, 54.740823651162863, 0.0 ], [ 17.227197660214724, 54.740840862567893, 0.0 ], [ 17.227228930349071, 54.740850485168721, 0.0 ], [ 17.228599086413393, 54.741238684469856, 0.0 ], [ 17.229286601766322, 54.741410000681626, 0.0 ], [ 17.22934661686131, 54.74142429975209, 0.0 ], [ 17.22940416233121, 54.741441669992881, 0.0 ], [ 17.230626889917918, 54.74178494642716, 0.0 ], [ 17.231180647062573, 54.741923502100008, 0.0 ], [ 17.231647727584122, 54.742095570644707, 0.0 ], [ 17.23297128397558, 54.742534642678372, 0.0 ], [ 17.234341554405127, 54.742922778715403, 0.0 ], [ 17.234963001559251, 54.743078244431977, 0.0 ], [ 17.235022177628665, 54.743092461908745, 0.0 ], [ 17.235078861059424, 54.743109751233263, 0.0 ], [ 17.236392138148105, 54.743480410800032, 0.0 ], [ 17.237803286622636, 54.743815924096872, 0.0 ], [ 17.238861662557156, 54.744027893046116, 0.0 ], [ 17.238914673615376, 54.744037693521214, 0.0 ], [ 17.23896557918853, 54.744050710011024, 0.0 ], [ 17.240240317591518, 54.744351002601064, 0.0 ], [ 17.241686293618748, 54.744632449404612, 0.0 ], [ 17.242219900889015, 54.744717254012272, 0.0 ], [ 17.242890926920527, 54.744907255345943, 0.0 ], [ 17.244302180126628, 54.745242693675948, 0.0 ], [ 17.24574821701415, 54.745524092431438, 0.0 ], [ 17.24722284154409, 54.745750245069594, 0.0 ], [ 17.248417720187611, 54.745890613219885, 0.0 ], [ 17.251763386225935, 54.746231217635113, 0.0 ], [ 17.252307288513485, 54.746355656198212, 0.0 ], [ 17.2537534224249, 54.746636961015241, 0.0 ], [ 17.255228135447627, 54.746863018684095, 0.0 ], [ 17.256725102314618, 54.747032858856592, 0.0 ], [ 17.257704537930191, 54.747108694217957, 0.0 ], [ 17.257914728531233, 54.747156776647792, 0.0 ], [ 17.259360932699114, 54.747438015953698, 0.0 ], [ 17.259934550463075, 54.747533021131638, 0.0 ], [ 17.259978578027468, 54.747539961859154, 0.0 ], [ 17.260020645817345, 54.747550198374505, 0.0 ], [ 17.260915678061494, 54.747755522838204, 0.0 ], [ 17.262361925048602, 54.74803672662572, 0.0 ], [ 17.263779257575862, 54.748254983661425, 0.0 ], [ 17.266210106408721, 54.748582358357396, 0.0 ], [ 17.266267585613104, 54.748590054652986, 0.0 ], [ 17.26656976547844, 54.748629062649606, 0.0 ], [ 17.266698713866642, 54.748645190712338, 0.0 ], [ 17.266736159654553, 54.748654245734699, 0.0 ], [ 17.267585905139192, 54.748848523748791, 0.0 ], [ 17.269032238811111, 54.7491296494333, 0.0 ], [ 17.270507129581311, 54.749355524207616, 0.0 ], [ 17.27200425754803, 54.749525180401697, 0.0 ], [ 17.2725242307699, 54.749570485869199, 0.0 ], [ 17.273028869593944, 54.749611096849584, 0.0 ], [ 17.273194385062279, 54.749648929302573, 0.0 ], [ 17.274640787393437, 54.749929989429901, 0.0 ], [ 17.276115739797152, 54.75015579728197, 0.0 ], [ 17.276705861966015, 54.750229669514788, 0.0 ], [ 17.276759990657418, 54.750236022998081, 0.0 ], [ 17.27681263021945, 54.750245708880549, 0.0 ], [ 17.277183019377883, 54.750311906541157, 0.0 ], [ 17.278658000387995, 54.75053768455318, 0.0 ], [ 17.279889603550338, 54.750679126830548, 0.0 ], [ 17.279910638030646, 54.750683575390084, 0.0 ], [ 17.280865100334807, 54.750900180989348, 0.0 ], [ 17.28124107800004, 54.750983349061769, 0.0 ], [ 17.282687585444574, 54.751264314772868, 0.0 ], [ 17.283905231746871, 54.75145491305684, 0.0 ], [ 17.283972695184342, 54.751464349762813, 0.0 ], [ 17.28403856715811, 54.751477015894146, 0.0 ], [ 17.284699369638339, 54.751597813890278, 0.0 ], [ 17.286174442521947, 54.751823501971636, 0.0 ], [ 17.287447406789191, 54.75197130637472, 0.0 ], [ 17.287505603111168, 54.751977094807479, 0.0 ], [ 17.287562512878463, 54.7519862231172, 0.0 ], [ 17.288572686629379, 54.752134298802829, 0.0 ], [ 17.290069997008032, 54.752303735814657, 0.0 ], [ 17.29158310279292, 54.752416224832864, 0.0 ], [ 17.291725873224379, 54.752423849198379, 0.0 ], [ 17.291767414784985, 54.752425993426023, 0.0 ], [ 17.291807991729524, 54.752431591810073, 0.0 ], [ 17.291996938386148, 54.752457179056329, 0.0 ], [ 17.293342020100866, 54.752612022027655, 0.0 ], [ 17.298658390763133, 54.753130509960556, 0.0 ], [ 17.298810650419465, 54.75314505704155, 0.0 ], [ 17.300323813976025, 54.753257439162965, 0.0 ], [ 17.301846275820026, 54.7533123905108, 0.0 ], [ 17.302373412176838, 54.753317977754122, 0.0 ], [ 17.302947765866104, 54.753320308924081, 0.0 ], [ 17.303141112139393, 54.753342165053745, 0.0 ], [ 17.304654296123324, 54.753454494167336, 0.0 ], [ 17.305468448006366, 54.753491041927653, 0.0 ], [ 17.307097829719993, 54.753547604688087, 0.0 ], [ 17.307261787996996, 54.753573362219896, 0.0 ], [ 17.307317565794296, 54.753581238161374, 0.0 ], [ 17.307371647282853, 54.75359240260785, 0.0 ], [ 17.308136565155753, 54.753741732356197, 0.0 ], [ 17.308189600147713, 54.753751499049699, 0.0 ], [ 17.308240536117349, 54.75376448391016, 0.0 ], [ 17.309514875090859, 54.754063746667256, 0.0 ], [ 17.309649960145617, 54.754092547293695, 0.0 ], [ 17.310622703263601, 54.75429796640902, 0.0 ], [ 17.311577419069085, 54.75451433455526, 0.0 ], [ 17.311953496523035, 54.754597408938878, 0.0 ], [ 17.312455976205865, 54.75470177913455, 0.0 ], [ 17.312533752473179, 54.754717356409479, 0.0 ], [ 17.312609507171764, 54.754735979453201, 0.0 ], [ 17.312811679412206, 54.754785035713532, 0.0 ], [ 17.312870900490303, 54.754799216370706, 0.0 ], [ 17.312927634091373, 54.754816469606901, 0.0 ], [ 17.314242019179975, 54.755186299047892, 0.0 ], [ 17.314863969129512, 54.75534136192173, 0.0 ], [ 17.314923191754033, 54.755355541585999, 0.0 ], [ 17.314979927021135, 54.755372793871977, 0.0 ], [ 17.316294349203687, 54.755742601290351, 0.0 ], [ 17.316938161053017, 54.755902875787335, 0.0 ], [ 17.316997639366178, 54.755917074158404, 0.0 ], [ 17.317054639727701, 54.755934346221991, 0.0 ], [ 17.318339994349689, 54.756295298017506, 0.0 ], [ 17.319752286230401, 54.756629872650528, 0.0 ], [ 17.321199271700355, 54.756910387331125, 0.0 ], [ 17.32236046956692, 54.757092637045886, 0.0 ], [ 17.322408377516922, 54.757099394642566, 0.0 ], [ 17.322454516042061, 54.757109467812782, 0.0 ], [ 17.322561726311598, 54.757132701305842, 0.0 ], [ 17.322704569165786, 54.757163120279351, 0.0 ], [ 17.32342571835299, 54.757315143944645, 0.0 ], [ 17.325662929143817, 54.757893436127702, 0.0 ], [ 17.327053317561909, 54.758222227953453, 0.0 ], [ 17.327188395373494, 54.758251001544224, 0.0 ], [ 17.327747876585654, 54.758369049666534, 0.0 ], [ 17.329045643810268, 54.758663204345964, 0.0 ], [ 17.329428873997646, 54.758747828458802, 0.0 ], [ 17.330204415727366, 54.758905658426407, 0.0 ], [ 17.330280969084118, 54.758920367628164, 0.0 ], [ 17.330355553771028, 54.758938148788936, 0.0 ], [ 17.331118537649921, 54.7591110590608, 0.0 ], [ 17.33217781612646, 54.759322227934938, 0.0 ], [ 17.332230870458773, 54.759331987874575, 0.0 ], [ 17.332281825853002, 54.759344965485582, 0.0 ], [ 17.333557755704572, 54.75964429408954, 0.0 ], [ 17.334542364743438, 54.759841622198195, 0.0 ], [ 17.334594792382077, 54.759851377881979, 0.0 ], [ 17.334645098007886, 54.759864349162228, 0.0 ], [ 17.336019695259509, 54.760188927253203, 0.0 ], [ 17.336163881776923, 54.760219608479581, 0.0 ], [ 17.337512878671728, 54.760503741110064, 0.0 ], [ 17.338060234051913, 54.760627632014781, 0.0 ], [ 17.338436389958357, 54.760710617285916, 0.0 ], [ 17.338571484319388, 54.760739379196572, 0.0 ], [ 17.339134622322405, 54.760858131931599, 0.0 ], [ 17.339354052958114, 54.760907795178007, 0.0 ], [ 17.339386153593043, 54.760917548239483, 0.0 ], [ 17.340702617774792, 54.761287591512271, 0.0 ], [ 17.342115272353407, 54.761621909677693, 0.0 ], [ 17.343562596796318, 54.761902161378657, 0.0 ], [ 17.345038386368554, 54.762127146793759, 0.0 ], [ 17.346536314321579, 54.762295899377257, 0.0 ], [ 17.346953281750604, 54.762331955963383, 0.0 ], [ 17.347329053143685, 54.762395132159519, 0.0 ], [ 17.348637770619376, 54.762591587796997, 0.0 ], [ 17.349911313987029, 54.762738749036295, 0.0 ], [ 17.349969533688206, 54.762744507624014, 0.0 ], [ 17.350026474676937, 54.762753607718594, 0.0 ], [ 17.351037155560441, 54.762901172436216, 0.0 ], [ 17.352535138429126, 54.763069853066348, 0.0 ], [ 17.354048835137757, 54.76318157801704, 0.0 ], [ 17.354860293877703, 54.763217700092333, 0.0 ], [ 17.354991307623081, 54.763222204099769, 0.0 ], [ 17.355133083383624, 54.76324964087803, 0.0 ], [ 17.356608988838655, 54.7634744871091, 0.0 ], [ 17.358107018920816, 54.763643100121797, 0.0 ], [ 17.359077144094897, 54.763721345050932, 0.0 ], [ 17.359128054614185, 54.763724822779636, 0.0 ], [ 17.359177925381569, 54.763731710078972, 0.0 ], [ 17.359394967895739, 54.763761051098051, 0.0 ], [ 17.360893020781749, 54.763929630739035, 0.0 ], [ 17.362406774589271, 54.764041253526678, 0.0 ], [ 17.36267921085954, 54.764054684915429, 0.0 ], [ 17.363104581921803, 54.764132122210803, 0.0 ], [ 17.364580565473904, 54.764356873711357, 0.0 ], [ 17.366078664683815, 54.764525390496026, 0.0 ], [ 17.367048827556385, 54.76460357279197, 0.0 ], [ 17.367099738378588, 54.764607047164951, 0.0 ], [ 17.367149611647683, 54.764613931201694, 0.0 ], [ 17.367366664925285, 54.764643258020925, 0.0 ], [ 17.368864785370402, 54.764811741409552, 0.0 ], [ 17.370378595922329, 54.764923266847099, 0.0 ], [ 17.370801570577196, 54.764944092477677, 0.0 ], [ 17.370846649179189, 54.764946072692553, 0.0 ], [ 17.370890881567981, 54.76495150653291, 0.0 ], [ 17.372037432433608, 54.765075123780505, 0.0 ], [ 17.373007620879712, 54.765153258568631, 0.0 ], [ 17.373058534469699, 54.765156731367419, 0.0 ], [ 17.37310840947363, 54.765163612964479, 0.0 ], [ 17.373325470208481, 54.76519292916543, 0.0 ], [ 17.37482363710895, 54.765361340133367, 0.0 ], [ 17.37633748595001, 54.765472793227779, 0.0 ], [ 17.376632165259775, 54.765487760424087, 0.0 ], [ 17.376676776503853, 54.765489861675427, 0.0 ], [ 17.376720501720754, 54.765495413359623, 0.0 ], [ 17.378025253844417, 54.765638726249854, 0.0 ], [ 17.379539122586905, 54.765750140403128, 0.0 ], [ 17.381062179131842, 54.765804117977851, 0.0 ], [ 17.381695395373491, 54.765809591916998, 0.0 ], [ 17.390074091975787, 54.765815984397832, 0.0 ], [ 17.390921966370048, 54.765911176451731, 0.0 ], [ 17.392435885291107, 54.76602243353809, 0.0 ], [ 17.393958972272486, 54.766076252930162, 0.0 ], [ 17.394488060747904, 54.766081454404151, 0.0 ], [ 17.395643262199378, 54.766085231129289, 0.0 ], [ 17.396058007836555, 54.766131776058707, 0.0 ], [ 17.397571948747785, 54.766242970056176, 0.0 ], [ 17.398627682706024, 54.766286374445194, 0.0 ], [ 17.400277339096956, 54.766332480115956, 0.0 ], [ 17.401590401434706, 54.766479783081891, 0.0 ], [ 17.403104373331097, 54.766590910017541, 0.0 ], [ 17.403527384323976, 54.766611623531197, 0.0 ], [ 17.403572466577838, 54.766613592503084, 0.0 ], [ 17.403616705434565, 54.766619013548556, 0.0 ], [ 17.404763410443984, 54.766742328655461, 0.0 ], [ 17.405666598286075, 54.766815592651632, 0.0 ], [ 17.405716442129599, 54.76681906281582, 0.0 ], [ 17.40576522507406, 54.766825945343008, 0.0 ], [ 17.406108130420471, 54.766872739564974, 0.0 ], [ 17.406415373164819, 54.766911998510821, 0.0 ], [ 17.407150453088228, 54.767002926186272, 0.0 ], [ 17.407938908206031, 54.767155117161963, 0.0 ], [ 17.409415261721975, 54.767379334252169, 0.0 ], [ 17.410913668989689, 54.767547308960594, 0.0 ], [ 17.41242770843969, 54.767658321721832, 0.0 ], [ 17.413950889580708, 54.767711896028267, 0.0 ], [ 17.414166775677469, 54.767714822315021, 0.0 ], [ 17.416354650306172, 54.767738597167735, 0.0 ], [ 17.417079849973163, 54.767819852990584, 0.0 ], [ 17.418593917894242, 54.767930790747293, 0.0 ], [ 17.420117118845106, 54.767984289530197, 0.0 ], [ 17.420333294609822, 54.76798720769969, 0.0 ], [ 17.425085918378681, 54.768038534377304, 0.0 ], [ 17.426324450564625, 54.768145089754476, 0.0 ], [ 17.427586854476647, 54.768233452758743, 0.0 ], [ 17.429110082284112, 54.768286841467066, 0.0 ], [ 17.429327199428215, 54.768289753981911, 0.0 ], [ 17.430985658122307, 54.768307526924367, 0.0 ], [ 17.43171236045691, 54.768388860957018, 0.0 ], [ 17.433226493035971, 54.768499619132442, 0.0 ], [ 17.434749739555471, 54.768552938921644, 0.0 ], [ 17.434967743144473, 54.768555850966507, 0.0 ], [ 17.438473316208928, 54.768593155970265, 0.0 ], [ 17.438560891696504, 54.768600673916325, 0.0 ], [ 17.439360920784754, 54.768661205375018, 0.0 ], [ 17.441632614193786, 54.768810029017509, 0.0 ], [ 17.443066162151151, 54.768970339970096, 0.0 ], [ 17.444580351517246, 54.769080961248562, 0.0 ], [ 17.446103637409234, 54.769134141373293, 0.0 ], [ 17.446500599772971, 54.769138526856601, 0.0 ], [ 17.446537062484701, 54.769138751120735, 0.0 ], [ 17.446572965126084, 54.769142472723608, 0.0 ], [ 17.447012628190144, 54.769185550378111, 0.0 ], [ 17.448526837289858, 54.769296122505267, 0.0 ], [ 17.449582714740885, 54.769339094087073, 0.0 ], [ 17.451232568775769, 54.769384522244216, 0.0 ], [ 17.452545926351146, 54.769531286078184, 0.0 ], [ 17.454060164679696, 54.769641791096412, 0.0 ], [ 17.45558348777179, 54.769694855088431, 0.0 ], [ 17.456113384019378, 54.76969979669714, 0.0 ], [ 17.458038735083473, 54.769705093667149, 0.0 ], [ 17.459489073335124, 54.769829524924525, 0.0 ], [ 17.460753052747641, 54.769917673317494, 0.0 ], [ 17.4611752729041, 54.76993815368899, 0.0 ], [ 17.46122036664665, 54.769940103129159, 0.0 ], [ 17.461264621818291, 54.76994550507208, 0.0 ], [ 17.462412079446235, 54.770068344796151, 0.0 ], [ 17.463926366950691, 54.770178728727068, 0.0 ], [ 17.465156877436939, 54.770225977671252, 0.0 ], [ 17.465197233083114, 54.770226909080215, 0.0 ], [ 17.465236903377082, 54.77023132103173, 0.0 ], [ 17.4659726606959, 54.770306114726331, 0.0 ], [ 17.467486969087236, 54.770416456134896, 0.0 ], [ 17.46829823326329, 54.770451821256046, 0.0 ], [ 17.469624843804251, 54.770496219521071, 0.0 ], [ 17.470174318144906, 54.770543245197473, 0.0 ], [ 17.470439583859523, 54.770565048135254, 0.0 ], [ 17.470988629341043, 54.770608319246712, 0.0 ], [ 17.471154627433584, 54.77063035086686, 0.0 ], [ 17.47120791238763, 54.770637385977778, 0.0 ], [ 17.472706712460745, 54.770804613950858, 0.0 ], [ 17.473228465226139, 54.770849176488689, 0.0 ], [ 17.475455784136372, 54.771024556470287, 0.0 ], [ 17.476299740253918, 54.771115945447939, 0.0 ], [ 17.477320143389758, 54.771312250480953, 0.0 ], [ 17.478797049592515, 54.771535640598408, 0.0 ], [ 17.480070058536594, 54.771681334863288, 0.0 ], [ 17.480128319820423, 54.771687035760991, 0.0 ], [ 17.480143148182957, 54.77168938827721, 0.0 ], [ 17.481028838312408, 54.771831976301542, 0.0 ], [ 17.481100873359054, 54.771847768448886, 0.0 ], [ 17.481720981694099, 54.771974486353614, 0.0 ], [ 17.481800269570112, 54.771989966090736, 0.0 ], [ 17.481877583509576, 54.772008492229467, 0.0 ], [ 17.482728875775145, 54.772201288871017, 0.0 ], [ 17.4841775805805, 54.772479894442512, 0.0 ], [ 17.485285881233054, 54.772653020710344, 0.0 ], [ 17.485333494389202, 54.772659736908622, 0.0 ], [ 17.485379333633475, 54.772669770011952, 0.0 ], [ 17.485557433180201, 54.772708271362845, 0.0 ], [ 17.487006177660088, 54.772986843382213, 0.0 ], [ 17.488483200193194, 54.773210118009636, 0.0 ], [ 17.488785762866758, 54.773248581337512, 0.0 ], [ 17.489179751666246, 54.773297084178495, 0.0 ], [ 17.489652460333946, 54.773375944190121, 0.0 ], [ 17.490400692576287, 54.773545339659037, 0.0 ], [ 17.491849501151318, 54.773823855983956, 0.0 ], [ 17.492228375068589, 54.773886819934432, 0.0 ], [ 17.49315662132317, 54.774036191431271, 0.0 ], [ 17.493229444192011, 54.774052146132334, 0.0 ], [ 17.493364695620745, 54.774080738268893, 0.0 ], [ 17.493924882133268, 54.774198030703182, 0.0 ], [ 17.494530454080987, 54.774334295445009, 0.0 ], [ 17.494914210817779, 54.774418411328909, 0.0 ], [ 17.496363082492515, 54.774696874089869, 0.0 ], [ 17.497021696288794, 54.774799633402466, 0.0 ], [ 17.497131327648312, 54.774834050653425, 0.0 ], [ 17.498505271343273, 54.77521924641151, 0.0 ], [ 17.499919748129624, 54.775551759756219, 0.0 ], [ 17.501368695657046, 54.775830163139851, 0.0 ], [ 17.502788338928497, 54.77604568018932, 0.0 ], [ 17.505222870828788, 54.776368355084173, 0.0 ], [ 17.505280436557118, 54.77637594034087, 0.0 ], [ 17.505583065839367, 54.77641436501532, 0.0 ], [ 17.505712201655278, 54.776430243503142, 0.0 ], [ 17.505749727590956, 54.776439226032011, 0.0 ], [ 17.506601230638189, 54.776631857178145, 0.0 ], [ 17.508050265480627, 54.776910183038687, 0.0 ], [ 17.509527552617737, 54.777133205575069, 0.0 ], [ 17.511026760332285, 54.777299969506061, 0.0 ], [ 17.511997530585454, 54.777377017270673, 0.0 ], [ 17.512048472403709, 54.777380432777932, 0.0 ], [ 17.512098388558222, 54.777387257453789, 0.0 ], [ 17.512315619285083, 54.777416330326773, 0.0 ], [ 17.513814849518109, 54.777583060825457, 0.0 ], [ 17.514785633803605, 54.777660086367284, 0.0 ], [ 17.51483657623351, 54.777663500707142, 0.0 ], [ 17.51488649163861, 54.777670325119999, 0.0 ], [ 17.515103726002785, 54.777699392121697, 0.0 ], [ 17.516602978782021, 54.777866088288242, 0.0 ], [ 17.517573775508826, 54.777943092486197, 0.0 ], [ 17.51762471855022, 54.777946505658626, 0.0 ], [ 17.51767463479333, 54.777953328928909, 0.0 ], [ 17.51789187428286, 54.777982391875369, 0.0 ], [ 17.519391149570236, 54.778149054607304, 0.0 ], [ 17.519916494546017, 54.778193690223738, 0.0 ], [ 17.520423340784873, 54.778233356367714, 0.0 ], [ 17.520582917864864, 54.778270423802368, 0.0 ], [ 17.522032110017413, 54.778548586206192, 0.0 ], [ 17.523509536655357, 54.778771441034678, 0.0 ], [ 17.524784258621079, 54.77891680380182, 0.0 ], [ 17.524842529284591, 54.778922480526006, 0.0 ], [ 17.524899532007723, 54.778931499735052, 0.0 ], [ 17.525911280504925, 54.779077636257632, 0.0 ], [ 17.527410632514357, 54.779244201208066, 0.0 ], [ 17.527931000751458, 54.77928841159855, 0.0 ], [ 17.528480230098268, 54.779331427086383, 0.0 ], [ 17.528646296411839, 54.779353382194586, 0.0 ], [ 17.528699603233214, 54.779360392168172, 0.0 ], [ 17.530198977731079, 54.779526923679171, 0.0 ], [ 17.531169841906223, 54.779603821243548, 0.0 ], [ 17.531220788280237, 54.779607228724899, 0.0 ], [ 17.531270710507908, 54.779614046443719, 0.0 ], [ 17.531487967510042, 54.779643085127908, 0.0 ], [ 17.532987364491202, 54.779809583198357, 0.0 ], [ 17.533507746490503, 54.779853769743369, 0.0 ], [ 17.53405698982894, 54.779896760959048, 0.0 ], [ 17.534223061611872, 54.779918708463136, 0.0 ], [ 17.534276371738457, 54.779925716014581, 0.0 ], [ 17.535141653108475, 54.780028939820738, 0.0 ], [ 17.535184555059022, 54.780033570985168, 0.0 ], [ 17.535225947398136, 54.780041583187618, 0.0 ], [ 17.536015117864796, 54.780185409388409, 0.0 ], [ 17.537492685371202, 54.780408098290529, 0.0 ], [ 17.537513448951529, 54.780410463157949, 0.0 ], [ 17.53869519396692, 54.78079819770609, 0.0 ], [ 17.540069745168545, 54.781182929502101, 0.0 ], [ 17.541484781741676, 54.781514965653137, 0.0 ], [ 17.542934238876043, 54.78179288247388, 0.0 ], [ 17.544411904356213, 54.78201548762182, 0.0 ], [ 17.54591144481325, 54.782181828527222, 0.0 ], [ 17.547426435419592, 54.782291191869156, 0.0 ], [ 17.548950378481976, 54.78234310920682, 0.0 ], [ 17.550476745556519, 54.782337357492963, 0.0 ], [ 17.551536826503739, 54.782299332150316, 0.0 ], [ 17.551954850765362, 54.782278807741477, 0.0 ], [ 17.552417013723023, 54.782253435919564, 0.0 ], [ 17.553928612260215, 54.782132662539233, 0.0 ], [ 17.555423086243714, 54.781955035036269, 0.0 ], [ 17.555619250211382, 54.781926993077271, 0.0 ], [ 17.55642629674561, 54.781928602185324, 0.0 ], [ 17.556842115053453, 54.781974688625809, 0.0 ], [ 17.55835712970848, 54.782083919190953, 0.0 ], [ 17.559168719711426, 54.782118689130662, 0.0 ], [ 17.560493492656835, 54.782162038898221, 0.0 ], [ 17.56256183580739, 54.782337679742234, 0.0 ], [ 17.563826451281273, 54.782424777258321, 0.0 ], [ 17.565350425386541, 54.782476493244417, 0.0 ], [ 17.565880315483767, 54.782480965746963, 0.0 ], [ 17.568168102474377, 54.782485244173976, 0.0 ], [ 17.569074038182006, 54.782585558201156, 0.0 ], [ 17.569594497683731, 54.782629593959747, 0.0 ], [ 17.570143808764431, 54.782672423883469, 0.0 ], [ 17.570907114351925, 54.782773057759876, 0.0 ], [ 17.570960458075636, 54.782780052216886, 0.0 ], [ 17.571263200066245, 54.782818316328729, 0.0 ], [ 17.571392383146925, 54.782834126046296, 0.0 ], [ 17.571429931448694, 54.78284308838434, 0.0 ], [ 17.572281889946257, 54.783035267178391, 0.0 ], [ 17.573731620230582, 54.783312822921538, 0.0 ], [ 17.575209519521213, 54.783535061418803, 0.0 ], [ 17.575517060469988, 54.783573900744791, 0.0 ], [ 17.576183636343064, 54.783655365791489, 0.0 ], [ 17.576198865330404, 54.783658325242762, 0.0 ], [ 17.576276245575414, 54.783676792451338, 0.0 ], [ 17.577128246663584, 54.783868937440971, 0.0 ], [ 17.578578040845489, 54.78414643649991, 0.0 ], [ 17.580055996480162, 54.784368617140778, 0.0 ], [ 17.581555780576224, 54.784534526869628, 0.0 ], [ 17.582076281089972, 54.784578510207943, 0.0 ], [ 17.582625645103661, 54.784621285774875, 0.0 ], [ 17.58279176517156, 54.784643167953362, 0.0 ], [ 17.582845088708712, 54.784650154222128, 0.0 ], [ 17.584041792848559, 54.784787226779571, 0.0 ], [ 17.585195455285234, 54.784901360901664, 0.0 ], [ 17.585714624503822, 54.785022951958631, 0.0 ], [ 17.587164520351742, 54.78530035073382, 0.0 ], [ 17.588584971859891, 54.785514882295715, 0.0 ], [ 17.59017324392547, 54.785724187501877, 0.0 ], [ 17.590383933889722, 54.785769925981107, 0.0 ], [ 17.591833890861835, 54.786047269277788, 0.0 ], [ 17.593054088699549, 54.786234821637109, 0.0 ], [ 17.59312168753798, 54.786244089732151, 0.0 ], [ 17.593187713432275, 54.786256590458393, 0.0 ], [ 17.593850035478187, 54.786375734562988, 0.0 ], [ 17.595328160641902, 54.786597731840494, 0.0 ], [ 17.596828094290192, 54.786763457158322, 0.0 ], [ 17.598122252134896, 54.786859941368512, 0.0 ], [ 17.598157702680624, 54.786862004312354, 0.0 ], [ 17.59819203650542, 54.786867522814759, 0.0 ], [ 17.599318924298267, 54.787031304978626, 0.0 ], [ 17.600818891105334, 54.787196982031297, 0.0 ], [ 17.601340271934099, 54.78724094736036, 0.0 ], [ 17.604742353885634, 54.787505179117517, 0.0 ], [ 17.60507536087432, 54.787545781434474, 0.0 ], [ 17.605625128172438, 54.787668755073163, 0.0 ], [ 17.60600209606228, 54.787750925169995, 0.0 ], [ 17.607452235237513, 54.788028085448673, 0.0 ], [ 17.608930499335266, 54.78824992042864, 0.0 ], [ 17.610430552434597, 54.788415480896603, 0.0 ], [ 17.610951136109399, 54.78845934258451, 0.0 ], [ 17.61150058682837, 54.788501990559055, 0.0 ], [ 17.611666739002693, 54.788523834263785, 0.0 ], [ 17.611720072828799, 54.78853080789407, 0.0 ], [ 17.612592687906165, 54.788634234093443, 0.0 ], [ 17.6165409016014, 54.789056986430154, 0.0 ], [ 17.616815591047001, 54.789121231740907, 0.0 ], [ 17.618265855206271, 54.789398265204696, 0.0 ], [ 17.618645080103157, 54.789460841464653, 0.0 ], [ 17.619574168055053, 54.789609263274464, 0.0 ], [ 17.619647069752514, 54.789625144266914, 0.0 ], [ 17.619782465956682, 54.789653597968758, 0.0 ], [ 17.620343245285394, 54.789770315822253, 0.0 ], [ 17.620949488810023, 54.789905960866776, 0.0 ], [ 17.621333664340206, 54.789989683378025, 0.0 ], [ 17.622783991292433, 54.790266663147825, 0.0 ], [ 17.624262425414898, 54.790488314889359, 0.0 ], [ 17.62457006958326, 54.790527033096154, 0.0 ], [ 17.625237147688164, 54.790608268017472, 0.0 ], [ 17.625272883388348, 54.790616778576087, 0.0 ], [ 17.626125269366174, 54.790808584980269, 0.0 ], [ 17.627186959507252, 54.791017222699622, 0.0 ], [ 17.627240129700841, 54.791026855937375, 0.0 ], [ 17.627291221062272, 54.791039712027313, 0.0 ], [ 17.628570383560813, 54.791335987995652, 0.0 ], [ 17.630020811008063, 54.791612882665582, 0.0 ], [ 17.630400075319738, 54.791675423278974, 0.0 ], [ 17.631072737957567, 54.791782806645557, 0.0 ], [ 17.631911954711867, 54.792051243677641, 0.0 ], [ 17.633287795634672, 54.792434936392311, 0.0 ], [ 17.634704011044278, 54.792765903616683, 0.0 ], [ 17.636154534198187, 54.79304272633739, 0.0 ], [ 17.637633145187444, 54.793264217828309, 0.0 ], [ 17.639133509748657, 54.793429429504421, 0.0 ], [ 17.63955107655692, 54.793464501948002, 0.0 ], [ 17.639927608301374, 54.793526787747417, 0.0 ], [ 17.641238806925479, 54.793720146349024, 0.0 ], [ 17.642514446074799, 54.793864296382566, 0.0 ], [ 17.64257275557237, 54.793869917648479, 0.0 ], [ 17.642629807889147, 54.79387888268834, 0.0 ], [ 17.643382656435264, 54.793989455219346, 0.0 ], [ 17.643450289308564, 54.793998700892296, 0.0 ], [ 17.643516356072208, 54.794011179001259, 0.0 ], [ 17.644180278880864, 54.794130302732881, 0.0 ], [ 17.645658976469829, 54.794351698660314, 0.0 ], [ 17.647159415553997, 54.794516813266696, 0.0 ], [ 17.648675165919514, 54.794624938559082, 0.0 ], [ 17.649582200495949, 54.794658388960713, 0.0 ], [ 17.649760799490689, 54.794690423788033, 0.0 ], [ 17.651239549071153, 54.794911752867556, 0.0 ], [ 17.652740032690456, 54.795076800487998, 0.0 ], [ 17.65425582152842, 54.795184858069774, 0.0 ], [ 17.655147064382405, 54.795217685262266, 0.0 ], [ 17.655398507371704, 54.795263101850786, 0.0 ], [ 17.656513539091225, 54.79543543797822, 0.0 ], [ 17.656562213759621, 54.79544222153276, 0.0 ], [ 17.65660914158488, 54.795452321110744, 0.0 ], [ 17.656723489789282, 54.79547673515097, 0.0 ], [ 17.658174265929389, 54.795753299482072, 0.0 ], [ 17.659653103367241, 54.795974528268502, 0.0 ], [ 17.660594506377663, 54.796080758699929, 0.0 ], [ 17.661573144000378, 54.796307093114933, 0.0 ], [ 17.66302398385119, 54.796583599769384, 0.0 ], [ 17.664243124208348, 54.796770214563878, 0.0 ], [ 17.664310766694932, 54.796779447757757, 0.0 ], [ 17.664376844561669, 54.796791915461291, 0.0 ], [ 17.665040875992446, 54.796910926478311, 0.0 ], [ 17.666519795959694, 54.797132073786628, 0.0 ], [ 17.666824191121488, 54.797170279986219, 0.0 ], [ 17.66845844951235, 54.797368815831291, 0.0 ], [ 17.668574866664283, 54.797384061400379, 0.0 ], [ 17.668826971616003, 54.797440679755582, 0.0 ], [ 17.66896246326656, 54.797469086432876, 0.0 ], [ 17.669938119449547, 54.797671672269502, 0.0 ], [ 17.670895825184303, 54.797885258108245, 0.0 ], [ 17.67127306048743, 54.797967235888613, 0.0 ], [ 17.671408521638551, 54.797995633185529, 0.0 ], [ 17.6719695824683, 54.798112119239192, 0.0 ], [ 17.672205302213793, 54.798164735736577, 0.0 ], [ 17.673546221162098, 54.798538088824699, 0.0 ], [ 17.674962990167067, 54.798868593292781, 0.0 ], [ 17.675801089386187, 54.799028213284096, 0.0 ], [ 17.681192235412354, 54.785741428751663, 0.0 ] ] ] ] } }
]
}
