{
"type": "FeatureCollection",
"name": "24033",
"crs": { "type": "name", "properties": { "name": "urn:ogc:def:crs:OGC:1.3:CRS84" } },
"features": [
{ "type": "Feature", "properties": { "area_km2": 137.37616312700001, "PROJECT_NO": 24033.0, "NAME": "PIG Kartografia 4D", "TYPE": "OTH", "NO": 37, "status": "COMPLETED", "geotechnic": "x", "ORIG_FID": 39, "Shape_Leng": 141614.64628399999, "Shape_Area": 137376163.127 }, "geometry": { "type": "MultiPolygon", "coordinates": [ [ [ [ 17.698026879665328, 54.78901892818255, 0.0 ], [ 17.696783880792097, 54.788702983683002, 0.0 ], [ 17.695646240070708, 54.788461568617194, 0.0 ], [ 17.69364922240349, 54.787954389455564, 0.0 ], [ 17.691692162921751, 54.787518377204336, 0.0 ], [ 17.691102980477936, 54.787449302198702, 0.0 ], [ 17.68961702032011, 54.787179237355424, 0.0 ], [ 17.688435423122534, 54.786903665839034, 0.0 ], [ 17.687451218637751, 54.786697012117607, 0.0 ], [ 17.685997963892461, 54.786373595571071, 0.0 ], [ 17.684582016190397, 54.786085421984495, 0.0 ], [ 17.682691977794644, 54.785902603871271, 0.0 ], [ 17.681507165133834, 54.785775981234657, 0.0 ], [ 17.680393950321935, 54.785508801939052, 0.0 ], [ 17.679108920717557, 54.785284191390517, 0.0 ], [ 17.677732990428048, 54.784921971582627, 0.0 ], [ 17.676614710527467, 54.784654591521502, 0.0 ], [ 17.67543256851118, 54.784360455514133, 0.0 ], [ 17.673951193814652, 54.784103839865061, 0.0 ], [ 17.672816975680234, 54.783946955299101, 0.0 ], [ 17.671564216147218, 54.783733563806962, 0.0 ], [ 17.670449834829899, 54.783538691702951, 0.0 ], [ 17.669099425152154, 54.78332482025116, 0.0 ], [ 17.66792789569692, 54.783152615026168, 0.0 ], [ 17.666588740062629, 54.783240578100511, 0.0 ], [ 17.665924634850981, 54.783097525241537, 0.0 ], [ 17.665182112970271, 54.782964043656349, 0.0 ], [ 17.664379776213018, 54.782846474344232, 0.0 ], [ 17.663635370722925, 54.782716392279426, 0.0 ], [ 17.662903581544487, 54.782564959739375, 0.0 ], [ 17.662175112232102, 54.782407691415578, 0.0 ], [ 17.661442705742267, 54.782257146707948, 0.0 ], [ 17.660721022327817, 54.782107525943516, 0.0 ], [ 17.659927275074399, 54.781970185698704, 0.0 ], [ 17.659175943334223, 54.781854072038072, 0.0 ], [ 17.658930997450678, 54.781814752651066, 0.0 ], [ 17.658223560864254, 54.78169174895055, 0.0 ], [ 17.657564159646402, 54.781531863231251, 0.0 ], [ 17.656633595423038, 54.78136464904231, 0.0 ], [ 17.655576541731328, 54.781139390869001, 0.0 ], [ 17.654152757926045, 54.780887026088976, 0.0 ], [ 17.652999690813591, 54.78071438802202, 0.0 ], [ 17.651977124655442, 54.780676601212058, 0.0 ], [ 17.650793575985055, 54.780561890952768, 0.0 ], [ 17.649596862046856, 54.780478663852243, 0.0 ], [ 17.647750180565868, 54.780355537142071, 0.0 ], [ 17.646250822443992, 54.780276249994692, 0.0 ], [ 17.645566053589942, 54.780057110288972, 0.0 ], [ 17.644437916923536, 54.779954987244196, 0.0 ], [ 17.643211403481914, 54.77974664349118, 0.0 ], [ 17.64194845746502, 54.779582200656471, 0.0 ], [ 17.640881836745784, 54.779521461753902, 0.0 ], [ 17.640158091217373, 54.779355361215373, 0.0 ], [ 17.639425194750928, 54.779205489955039, 0.0 ], [ 17.638682349066439, 54.779073642308042, 0.0 ], [ 17.637947566406829, 54.778927260588709, 0.0 ], [ 17.637209470105546, 54.778786793233124, 0.0 ], [ 17.636577861578168, 54.778696591758568, 0.0 ], [ 17.63583314064692, 54.778568045367258, 0.0 ], [ 17.635093954383628, 54.778429358946795, 0.0 ], [ 17.634361092288849, 54.77827945725199, 0.0 ], [ 17.633603906364119, 54.778173228922832, 0.0 ], [ 17.632849892875207, 54.778025949497625, 0.0 ], [ 17.632124467431641, 54.777863299621785, 0.0 ], [ 17.631391626820612, 54.777713380093822, 0.0 ], [ 17.630800898217089, 54.777455092512653, 0.0 ], [ 17.63017325825318, 54.777342499310322, 0.0 ], [ 17.629031299613906, 54.777115943381773, 0.0 ], [ 17.628115445943326, 54.776995180389996, 0.0 ], [ 17.627345295713479, 54.776866503412684, 0.0 ], [ 17.626503542539663, 54.776632310520192, 0.0 ], [ 17.625066504871349, 54.776353958315035, 0.0 ], [ 17.623793853015897, 54.776132428882541, 0.0 ], [ 17.622743974512002, 54.775955240217428, 0.0 ], [ 17.621274878779815, 54.775786706451896, 0.0 ], [ 17.620528521445685, 54.775661115250564, 0.0 ], [ 17.61977758756451, 54.775543500211363, 0.0 ], [ 17.618985797698258, 54.775507237235537, 0.0 ], [ 17.618357658727966, 54.775437793317138, 0.0 ], [ 17.617655741304254, 54.775314660270254, 0.0 ], [ 17.616833192659193, 54.775162662493635, 0.0 ], [ 17.615833944783144, 54.775043969605349, 0.0 ], [ 17.614728241342583, 54.774991411076577, 0.0 ], [ 17.613473280690407, 54.774880690723734, 0.0 ], [ 17.612379855762562, 54.774796257177513, 0.0 ], [ 17.61109476636085, 54.774636004730951, 0.0 ], [ 17.610216342300561, 54.774512890398981, 0.0 ], [ 17.609014837139899, 54.774308772732617, 0.0 ], [ 17.607981545755614, 54.774179484296958, 0.0 ], [ 17.607199470574155, 54.774058636727553, 0.0 ], [ 17.605967459216501, 54.773734274646507, 0.0 ], [ 17.605151508803171, 54.773550865223072, 0.0 ], [ 17.604457598601812, 54.773394890389248, 0.0 ], [ 17.603117977646221, 54.77312971214198, 0.0 ], [ 17.60195978112435, 54.772938243401548, 0.0 ], [ 17.600926103843982, 54.772727768297059, 0.0 ], [ 17.600130543243846, 54.772561012334556, 0.0 ], [ 17.599289680919444, 54.772403175071339, 0.0 ], [ 17.598331356965218, 54.772306753457286, 0.0 ], [ 17.597528691821903, 54.772231412863249, 0.0 ], [ 17.597042603950115, 54.772231595978525, 0.0 ], [ 17.596577949035318, 54.772217295316239, 0.0 ], [ 17.595768107393997, 54.772207592129156, 0.0 ], [ 17.595017003967399, 54.772089374151626, 0.0 ], [ 17.594250820632141, 54.772003263824118, 0.0 ], [ 17.59398921635924, 54.771979209660806, 0.0 ], [ 17.593233161249017, 54.771875338330396, 0.0 ], [ 17.59246660901216, 54.771795773572606, 0.0 ], [ 17.591720104766669, 54.77167009406682, 0.0 ], [ 17.590963422191006, 54.771567912995387, 0.0 ], [ 17.590205474273255, 54.771468329568869, 0.0 ], [ 17.589195160975304, 54.771476770989835, 0.0 ], [ 17.588746058538039, 54.771416315336744, 0.0 ], [ 17.588055995364325, 54.771319732425617, 0.0 ], [ 17.587156484211704, 54.771236358428929, 0.0 ], [ 17.586517828837518, 54.771128082839738, 0.0 ], [ 17.585897757058014, 54.771117523822639, 0.0 ], [ 17.58507852547908, 54.771116701041144, 0.0 ], [ 17.58399275810142, 54.77108908540994, 0.0 ], [ 17.583074371170472, 54.771014150802259, 0.0 ], [ 17.582079021431632, 54.770883334315698, 0.0 ], [ 17.581026478681736, 54.770648727197951, 0.0 ], [ 17.580491772529225, 54.770453455323853, 0.0 ], [ 17.579867937387679, 54.770387419925775, 0.0 ], [ 17.578943182770551, 54.770344325768072, 0.0 ], [ 17.578424343385063, 54.770283319473357, 0.0 ], [ 17.577463030955034, 54.770080441736013, 0.0 ], [ 17.576483892071771, 54.769948737086317, 0.0 ], [ 17.575326712229554, 54.76981433561054, 0.0 ], [ 17.574371208339276, 54.769741631039437, 0.0 ], [ 17.573186241334692, 54.769664877693778, 0.0 ], [ 17.572056956890524, 54.769450854715437, 0.0 ], [ 17.571298409136965, 54.769357258992493, 0.0 ], [ 17.570607234905772, 54.769343495144184, 0.0 ], [ 17.569706625526688, 54.769371118481835, 0.0 ], [ 17.568870553552845, 54.769320625636361, 0.0 ], [ 17.567677162617116, 54.769336502562403, 0.0 ], [ 17.566244447168351, 54.769238673946944, 0.0 ], [ 17.564518868705203, 54.769166550157792, 0.0 ], [ 17.563762081034579, 54.769084682942548, 0.0 ], [ 17.563079167202186, 54.769141340072508, 0.0 ], [ 17.562173850450645, 54.769129990668034, 0.0 ], [ 17.561673926429947, 54.769090991462157, 0.0 ], [ 17.56127183702575, 54.768841940786189, 0.0 ], [ 17.560389074065778, 54.768714497026849, 0.0 ], [ 17.559487624055851, 54.768605486276414, 0.0 ], [ 17.558345998107804, 54.768578156659274, 0.0 ], [ 17.557317483327008, 54.768594352809032, 0.0 ], [ 17.556319128985649, 54.768523954700733, 0.0 ], [ 17.55554669474467, 54.768412061856196, 0.0 ], [ 17.554583718117772, 54.768205312946733, 0.0 ], [ 17.553976621569721, 54.768079373649037, 0.0 ], [ 17.553327708373704, 54.768026047147302, 0.0 ], [ 17.55222627679947, 54.768033126582438, 0.0 ], [ 17.551361114785099, 54.768032356330984, 0.0 ], [ 17.550000397126389, 54.769155342368272, 0.0 ], [ 17.549861372108769, 54.769123112896473, 0.0 ], [ 17.548765519157431, 54.768668047044564, 0.0 ], [ 17.547964938035395, 54.76846211934172, 0.0 ], [ 17.547100402406791, 54.768265200932561, 0.0 ], [ 17.546451593977608, 54.768077976742795, 0.0 ], [ 17.545511808506973, 54.76788642581829, 0.0 ], [ 17.544689886050172, 54.767729807993774, 0.0 ], [ 17.543490986672147, 54.767465127157969, 0.0 ], [ 17.542167659304191, 54.767199156470106, 0.0 ], [ 17.5411446818601, 54.767044361010214, 0.0 ], [ 17.540329788763142, 54.766969583990416, 0.0 ], [ 17.539412725045608, 54.766861801658735, 0.0 ], [ 17.538399414936329, 54.766596426975873, 0.0 ], [ 17.53725347316551, 54.766463141193967, 0.0 ], [ 17.536215486271566, 54.766319656739938, 0.0 ], [ 17.53516717960515, 54.76622328892001, 0.0 ], [ 17.53384353323052, 54.766114894732802, 0.0 ], [ 17.532912446862817, 54.766135030806552, 0.0 ], [ 17.532350640406069, 54.76606485766122, 0.0 ], [ 17.531658669995885, 54.765897242791517, 0.0 ], [ 17.529838972152906, 54.765624638396126, 0.0 ], [ 17.528844542326198, 54.765494196145752, 0.0 ], [ 17.527064129574331, 54.765160251115667, 0.0 ], [ 17.525906614260894, 54.765026723346217, 0.0 ], [ 17.525722231895369, 54.764983239436333, 0.0 ], [ 17.524739734930805, 54.764751740486354, 0.0 ], [ 17.524250848670913, 54.764679928867487, 0.0 ], [ 17.523616167490491, 54.764586789979923, 0.0 ], [ 17.522610739439855, 54.764404505004343, 0.0 ], [ 17.521798012993369, 54.764271934747143, 0.0 ], [ 17.520719414786218, 54.764221860484369, 0.0 ], [ 17.520032493930803, 54.764224983762439, 0.0 ], [ 17.519302154518574, 54.764116081346089, 0.0 ], [ 17.517123148714141, 54.763956765813845, 0.0 ], [ 17.515468154385331, 54.763854397465877, 0.0 ], [ 17.514795356396537, 54.763794390710551, 0.0 ], [ 17.51409009494591, 54.763798665400095, 0.0 ], [ 17.513936002753848, 54.763783044510241, 0.0 ], [ 17.513038679826646, 54.763634354730371, 0.0 ], [ 17.512753599323261, 54.763620093199428, 0.0 ], [ 17.51201417961726, 54.76351946572067, 0.0 ], [ 17.511826463278947, 54.763470645817883, 0.0 ], [ 17.511043646018443, 54.763207047902064, 0.0 ], [ 17.509735641146822, 54.76291059764862, 0.0 ], [ 17.508312394732116, 54.762586984154588, 0.0 ], [ 17.507076023799041, 54.762395009463326, 0.0 ], [ 17.505409436176176, 54.762091126321963, 0.0 ], [ 17.50452739154095, 54.761931025667423, 0.0 ], [ 17.503612202658495, 54.761699539533559, 0.0 ], [ 17.502689289379592, 54.761414740789625, 0.0 ], [ 17.501734357479684, 54.761220721040743, 0.0 ], [ 17.500986916109166, 54.761133827858522, 0.0 ], [ 17.499699239026537, 54.760850559453274, 0.0 ], [ 17.498969086505586, 54.760559698656714, 0.0 ], [ 17.498085795311585, 54.760366933939864, 0.0 ], [ 17.497147983108796, 54.760174117372991, 0.0 ], [ 17.495918725920948, 54.759919889297478, 0.0 ], [ 17.494283599012523, 54.759649402747456, 0.0 ], [ 17.492877170698293, 54.75937877297762, 0.0 ], [ 17.491311580054258, 54.759029658272269, 0.0 ], [ 17.488436111669326, 54.758549444748638, 0.0 ], [ 17.486610277159865, 54.758339722563399, 0.0 ], [ 17.484796110690311, 54.758092222563683, 0.0 ], [ 17.482852043886833, 54.757839613437739, 0.0 ], [ 17.481151389088009, 54.757639444478237, 0.0 ], [ 17.479321666223804, 54.757433888663641, 0.0 ], [ 17.477489444869548, 54.757236110800399, 0.0 ], [ 17.475912500202334, 54.757060833315606, 0.0 ], [ 17.475487499335898, 54.757045555108071, 0.0 ], [ 17.473833888396904, 54.756844444024523, 0.0 ], [ 17.471986665948002, 54.756702222473571, 0.0 ], [ 17.470135555835377, 54.756576111137761, 0.0 ], [ 17.468281944436235, 54.756467500221397, 0.0 ], [ 17.466429444617038, 54.756357778110782, 0.0 ], [ 17.464582776075357, 54.75622000236725, 0.0 ], [ 17.464582605500816, 54.756219991217058, 0.0 ], [ 17.464582556905402, 54.756220207274268, 0.0 ], [ 17.464582511877339, 54.756219959463806, 0.0 ], [ 17.462408960044844, 54.756353280867017, 0.0 ], [ 17.461668592298157, 54.756401924801892, 0.0 ], [ 17.460846702427062, 54.756354522716791, 0.0 ], [ 17.460315898239205, 54.756308589478905, 0.0 ], [ 17.459356700577576, 54.756272335381695, 0.0 ], [ 17.457743124102667, 54.756115188886724, 0.0 ], [ 17.456389021305654, 54.75598928091182, 0.0 ], [ 17.455698623132609, 54.75598366935305, 0.0 ], [ 17.454678039231847, 54.755927068017485, 0.0 ], [ 17.45394175340196, 54.755926181429103, 0.0 ], [ 17.453061361692015, 54.755898676911293, 0.0 ], [ 17.452227607522882, 54.755845592359911, 0.0 ], [ 17.451587819389673, 54.755830842223112, 0.0 ], [ 17.450910026070609, 54.75577773492649, 0.0 ], [ 17.449782014224088, 54.755786009337584, 0.0 ], [ 17.448569594322493, 54.755741512884661, 0.0 ], [ 17.447693750726824, 54.755688565293759, 0.0 ], [ 17.445756896552552, 54.755686019948229, 0.0 ], [ 17.44483819246328, 54.755723324391198, 0.0 ], [ 17.44355481720741, 54.755654286382367, 0.0 ], [ 17.442716017323896, 54.755630490558737, 0.0 ], [ 17.441538871404592, 54.755563356268389, 0.0 ], [ 17.440830763819402, 54.755535837892687, 0.0 ], [ 17.439559844606439, 54.755544256555957, 0.0 ], [ 17.438816432604074, 54.755508746093341, 0.0 ], [ 17.437713400584872, 54.755541819948796, 0.0 ], [ 17.435912736441011, 54.755442091981188, 0.0 ], [ 17.434498697420452, 54.755332011573806, 0.0 ], [ 17.433599159592841, 54.755209046355866, 0.0 ], [ 17.432261654519813, 54.755025538228509, 0.0 ], [ 17.431337969142557, 54.754975122728943, 0.0 ], [ 17.430657662946523, 54.75499331330861, 0.0 ], [ 17.430122054476595, 54.754972381546594, 0.0 ], [ 17.429438640405881, 54.754902237262087, 0.0 ], [ 17.42825844491043, 54.754767938901729, 0.0 ], [ 17.426928490734277, 54.75467945897973, 0.0 ], [ 17.425938334711613, 54.754585296100998, 0.0 ], [ 17.42476944053897, 54.754444099442289, 0.0 ], [ 17.423755719989899, 54.754369302023548, 0.0 ], [ 17.422585071159723, 54.754265180081774, 0.0 ], [ 17.421252217873818, 54.754087860736576, 0.0 ], [ 17.420314058086667, 54.753987431942051, 0.0 ], [ 17.418696905408829, 54.753825616055778, 0.0 ], [ 17.417573248090662, 54.753685195800223, 0.0 ], [ 17.416083312539847, 54.753535454717252, 0.0 ], [ 17.414637492360562, 54.753386358305072, 0.0 ], [ 17.412792468428684, 54.753195873335585, 0.0 ], [ 17.412016036547111, 54.753149617268534, 0.0 ], [ 17.411182876083711, 54.753105955694032, 0.0 ], [ 17.409891516762656, 54.752997261992, 0.0 ], [ 17.408483589312485, 54.75295797163762, 0.0 ], [ 17.407517664444761, 54.752954604146986, 0.0 ], [ 17.406485218962096, 54.752964649974537, 0.0 ], [ 17.405246875404703, 54.752938459596379, 0.0 ], [ 17.403911030981281, 54.752919953153203, 0.0 ], [ 17.402770760967865, 54.752942464744031, 0.0 ], [ 17.402232880072635, 54.752983656912988, 0.0 ], [ 17.401625977341855, 54.752965481526907, 0.0 ], [ 17.401254702480074, 54.752979101697527, 0.0 ], [ 17.400427943231421, 54.752944651540538, 0.0 ], [ 17.399898472083702, 54.75296314579321, 0.0 ], [ 17.399198031790238, 54.752936678891558, 0.0 ], [ 17.399099975850742, 54.752939697245793, 0.0 ], [ 17.39861731444428, 54.752954464074556, 0.0 ], [ 17.397352202426951, 54.752879816811841, 0.0 ], [ 17.39663360630302, 54.752779216164001, 0.0 ], [ 17.3961221526354, 54.752787361827551, 0.0 ], [ 17.395636673906118, 54.752720169192919, 0.0 ], [ 17.394941983731972, 54.752662621759093, 0.0 ], [ 17.393946063599838, 54.752463324365038, 0.0 ], [ 17.393558921546873, 54.752447464168171, 0.0 ], [ 17.39260248549699, 54.752329838364965, 0.0 ], [ 17.391879605662247, 54.752278151749024, 0.0 ], [ 17.3906825281144, 54.752257229881366, 0.0 ], [ 17.390272597044653, 54.752207644696099, 0.0 ], [ 17.389486212475315, 54.75217547901191, 0.0 ], [ 17.388751748551488, 54.752099278499514, 0.0 ], [ 17.387985972535787, 54.752060289540921, 0.0 ], [ 17.387245645723265, 54.752064008157227, 0.0 ], [ 17.386080414351209, 54.752012566964446, 0.0 ], [ 17.385203961291815, 54.752010373230164, 0.0 ], [ 17.38426019330246, 54.751950603501463, 0.0 ], [ 17.383875305154664, 54.751889173986271, 0.0 ], [ 17.383648912418675, 54.751884700040904, 0.0 ], [ 17.383361032137419, 54.751879013959609, 0.0 ], [ 17.382989025365085, 54.751818366511202, 0.0 ], [ 17.382726016397722, 54.751852156002236, 0.0 ], [ 17.382166028273634, 54.751784080867893, 0.0 ], [ 17.380983932729606, 54.751698724247262, 0.0 ], [ 17.38034942649109, 54.751679492807291, 0.0 ], [ 17.379898617137645, 54.751592289277674, 0.0 ], [ 17.378674741538799, 54.751507505370718, 0.0 ], [ 17.377398438930076, 54.751398093219123, 0.0 ], [ 17.375046028971326, 54.751211613891002, 0.0 ], [ 17.374504489504186, 54.751227778375195, 0.0 ], [ 17.373333647936217, 54.751159924461071, 0.0 ], [ 17.372227525370079, 54.751085476506894, 0.0 ], [ 17.371559072306077, 54.751072761408082, 0.0 ], [ 17.370666818679087, 54.751069122808509, 0.0 ], [ 17.37007018290829, 54.751022632470523, 0.0 ], [ 17.369370578066498, 54.750995638180257, 0.0 ], [ 17.368889967821428, 54.750999068585507, 0.0 ], [ 17.367908399855082, 54.750916154534131, 0.0 ], [ 17.367381203674309, 54.750909003708493, 0.0 ], [ 17.366806186550857, 54.750841048798783, 0.0 ], [ 17.365996879388877, 54.750797560026001, 0.0 ], [ 17.364899173235781, 54.750732612189161, 0.0 ], [ 17.364500925934653, 54.750634217278119, 0.0 ], [ 17.3631703071758, 54.750575489406998, 0.0 ], [ 17.362429593680925, 54.750467023188271, 0.0 ], [ 17.3604060999035, 54.750310738407649, 0.0 ], [ 17.358424203371747, 54.750186532222614, 0.0 ], [ 17.356949601933227, 54.750100201715995, 0.0 ], [ 17.356107047469404, 54.750010023472086, 0.0 ], [ 17.354943215521462, 54.749857039628679, 0.0 ], [ 17.35381530502195, 54.749701809826369, 0.0 ], [ 17.3532129578637, 54.749548205886846, 0.0 ], [ 17.35223839745068, 54.749409950469641, 0.0 ], [ 17.351269922746798, 54.74924108454443, 0.0 ], [ 17.348670561332106, 54.748876414919224, 0.0 ], [ 17.347928867162942, 54.748726977038935, 0.0 ], [ 17.346556582755305, 54.74842536257119, 0.0 ], [ 17.345634958325654, 54.748253109920924, 0.0 ], [ 17.344844320387939, 54.748058288631434, 0.0 ], [ 17.343646632191426, 54.747719132089742, 0.0 ], [ 17.342306194752442, 54.747315672028229, 0.0 ], [ 17.341575143573401, 54.74717380001124, 0.0 ], [ 17.340662399340253, 54.746935973873974, 0.0 ], [ 17.339946745921363, 54.746774410615501, 0.0 ], [ 17.33850854581981, 54.746360763094657, 0.0 ], [ 17.337876355179084, 54.746139179576389, 0.0 ], [ 17.336891176943933, 54.745689353681975, 0.0 ], [ 17.336237481169647, 54.745454526986542, 0.0 ], [ 17.335361597478119, 54.745198534619576, 0.0 ], [ 17.334137737484618, 54.744760764167395, 0.0 ], [ 17.333462085039212, 54.744484115616963, 0.0 ], [ 17.332930757026411, 54.744308520515403, 0.0 ], [ 17.331846426970394, 54.744010837478747, 0.0 ], [ 17.33106059199201, 54.743797265241675, 0.0 ], [ 17.32965863797298, 54.7434292615619, 0.0 ], [ 17.329137464731946, 54.743336358969849, 0.0 ], [ 17.328184104325157, 54.743141337533281, 0.0 ], [ 17.327315290175481, 54.742998975009819, 0.0 ], [ 17.325093156078449, 54.742566262460528, 0.0 ], [ 17.323871427976087, 54.742338178510757, 0.0 ], [ 17.321947499890026, 54.741944722510397, 0.0 ], [ 17.320121665937503, 54.741447777514423, 0.0 ], [ 17.318210554936769, 54.741086111059353, 0.0 ], [ 17.31625583267434, 54.740796666409899, 0.0 ], [ 17.31432027714979, 54.740469444304786, 0.0 ], [ 17.312316944130131, 54.740332222201701, 0.0 ], [ 17.310301667143186, 54.740276389317515, 0.0 ], [ 17.309004445006124, 54.740229167030705, 0.0 ], [ 17.308289166388285, 54.74025972200063, 0.0 ], [ 17.306291944148271, 54.740422222020669, 0.0 ], [ 17.304315833829158, 54.740243333465386, 0.0 ], [ 17.302363888350431, 54.739949166736238, 0.0 ], [ 17.300413332651232, 54.739656944246789, 0.0 ], [ 17.298433333673366, 54.739438611297366, 0.0 ], [ 17.296452778162283, 54.739213888701514, 0.0 ], [ 17.294367909571267, 54.73899654726474, 0.0 ], [ 17.294246876426751, 54.738295170503143, 0.0 ], [ 17.293029782719756, 54.738103457412699, 0.0 ], [ 17.2915786538065, 54.737799140779927, 0.0 ], [ 17.283307177980934, 54.735993688749836, 0.0 ], [ 17.282000502707678, 54.735773304614099, 0.0 ], [ 17.28106867194732, 54.735673988863105, 0.0 ], [ 17.279038015603646, 54.735586107237118, 0.0 ], [ 17.278100921691042, 54.735547650134052, 0.0 ], [ 17.274955765943385, 54.735323418378108, 0.0 ], [ 17.271181443429111, 54.734991827109731, 0.0 ], [ 17.265171078337886, 54.734330077473729, 0.0 ], [ 17.263528898688147, 54.734143486261857, 0.0 ], [ 17.263150562758405, 54.73405673671742, 0.0 ], [ 17.259211442506061, 54.733144921007835, 0.0 ], [ 17.25617468893137, 54.732824104264296, 0.0 ], [ 17.25227966761679, 54.731968843676739, 0.0 ], [ 17.250725565090931, 54.731661604315185, 0.0 ], [ 17.249286106270983, 54.731309595734842, 0.0 ], [ 17.247707948017716, 54.730920682992661, 0.0 ], [ 17.24637910913399, 54.730499877262282, 0.0 ], [ 17.244895404653551, 54.730168923982085, 0.0 ], [ 17.243352709824183, 54.729930838737168, 0.0 ], [ 17.241933657307523, 54.729565124070334, 0.0 ], [ 17.240339040486599, 54.729009444404149, 0.0 ], [ 17.235487247632843, 54.727469067639703, 0.0 ], [ 17.23477617218073, 54.72724464950192, 0.0 ], [ 17.234489771602167, 54.727154167252273, 0.0 ], [ 17.234152913142648, 54.727023027686492, 0.0 ], [ 17.230586009094459, 54.725895030382908, 0.0 ], [ 17.228581294964567, 54.725379446146789, 0.0 ], [ 17.227313307068268, 54.72491299876377, 0.0 ], [ 17.226063856693429, 54.724371188871288, 0.0 ], [ 17.224407099140421, 54.723726406425762, 0.0 ], [ 17.221888652992821, 54.722668012930846, 0.0 ], [ 17.221170722924938, 54.722396571906266, 0.0 ], [ 17.220570063804921, 54.722169544533173, 0.0 ], [ 17.219229504027091, 54.72162078845782, 0.0 ], [ 17.217237147994481, 54.720739887103342, 0.0 ], [ 17.216137499152545, 54.720306571540256, 0.0 ], [ 17.212681400331686, 54.719114700809918, 0.0 ], [ 17.211360107162619, 54.718567419423174, 0.0 ], [ 17.209148024417576, 54.717733379431728, 0.0 ], [ 17.208314316101216, 54.717431099193583, 0.0 ], [ 17.207532090592746, 54.717147477387989, 0.0 ], [ 17.20616736788627, 54.716764625639783, 0.0 ], [ 17.204740596074291, 54.716342000783705, 0.0 ], [ 17.2034174967974, 54.715920578300306, 0.0 ], [ 17.202131970118014, 54.715420597354097, 0.0 ], [ 17.200859982039152, 54.714817643246889, 0.0 ], [ 17.198294949527455, 54.713874702809889, 0.0 ], [ 17.196868511749273, 54.713436623016484, 0.0 ], [ 17.195247598104032, 54.712837496147216, 0.0 ], [ 17.195061764501474, 54.712763669019758, 0.0 ], [ 17.194238527857632, 54.712436654254553, 0.0 ], [ 17.192952666437733, 54.711980326569936, 0.0 ], [ 17.191552247046729, 54.71143391710595, 0.0 ], [ 17.19020383686318, 54.711012630060942, 0.0 ], [ 17.188853092564884, 54.71065519042736, 0.0 ], [ 17.187277898485338, 54.710318511402868, 0.0 ], [ 17.185826886825566, 54.709887593266103, 0.0 ], [ 17.185575677475406, 54.709632010332477, 0.0 ], [ 17.18367228080993, 54.708860128030118, 0.0 ], [ 17.181670567738337, 54.708073626617292, 0.0 ], [ 17.180434446914273, 54.707588031809408, 0.0 ], [ 17.177719560138691, 54.706743362860394, 0.0 ], [ 17.174834461613806, 54.706149393895814, 0.0 ], [ 17.172054814251382, 54.705348719175724, 0.0 ], [ 17.169191315897443, 54.704678305555646, 0.0 ], [ 17.167975422179754, 54.70425516201901, 0.0 ], [ 17.165885921650574, 54.703538770188096, 0.0 ], [ 17.164413409525821, 54.703255686650884, 0.0 ], [ 17.161842894555399, 54.702255778003234, 0.0 ], [ 17.160426696975875, 54.701803500376705, 0.0 ], [ 17.158984234752747, 54.70130250938103, 0.0 ], [ 17.157769950840418, 54.700841539624875, 0.0 ], [ 17.156512935578323, 54.700258254068338, 0.0 ], [ 17.155647866056594, 54.699970662720411, 0.0 ], [ 17.154872227613048, 54.69967991605489, 0.0 ], [ 17.154564992051213, 54.699564750965365, 0.0 ], [ 17.154495261780131, 54.699538659516072, 0.0 ], [ 17.151786722287035, 54.698493010227118, 0.0 ], [ 17.148464924829877, 54.697576319492732, 0.0 ], [ 17.146980641145479, 54.697264010400808, 0.0 ], [ 17.14415503699977, 54.696519866870283, 0.0 ], [ 17.142833428482547, 54.696080358204718, 0.0 ], [ 17.14143748912112, 54.695651001109255, 0.0 ], [ 17.140763144032761, 54.69531721632827, 0.0 ], [ 17.139491620216042, 54.694903901980972, 0.0 ], [ 17.136731388101847, 54.694038849002673, 0.0 ], [ 17.13527187519405, 54.693702494002906, 0.0 ], [ 17.133855982769337, 54.693321870540501, 0.0 ], [ 17.132440349640294, 54.692973845234953, 0.0 ], [ 17.131272464234804, 54.692595414951761, 0.0 ], [ 17.129836758796664, 54.692238140782798, 0.0 ], [ 17.128452928741122, 54.691813571373274, 0.0 ], [ 17.127083387084337, 54.691353240294504, 0.0 ], [ 17.126903096947576, 54.691305942411503, 0.0 ], [ 17.125731509359323, 54.691017724140941, 0.0 ], [ 17.124337974983451, 54.690586658548739, 0.0 ], [ 17.122965658462569, 54.690194361559477, 0.0 ], [ 17.121545192397363, 54.68979936558226, 0.0 ], [ 17.119459523214314, 54.689256939157161, 0.0 ], [ 17.118103249447429, 54.688865602242721, 0.0 ], [ 17.116670080462399, 54.68847422887449, 0.0 ], [ 17.115320082256055, 54.688060625558492, 0.0 ], [ 17.113906215277122, 54.687647168051285, 0.0 ], [ 17.112981782335446, 54.68736979768579, 0.0 ], [ 17.110899376025628, 54.686738570790524, 0.0 ], [ 17.108103840293129, 54.685952023654721, 0.0 ], [ 17.106702979804226, 54.685553132776533, 0.0 ], [ 17.105327650082643, 54.685158007232552, 0.0 ], [ 17.103922026717765, 54.684766595119441, 0.0 ], [ 17.102867543298398, 54.68447183304604, 0.0 ], [ 17.101464005436558, 54.684107451374693, 0.0 ], [ 17.100069407342456, 54.683704576099586, 0.0 ], [ 17.099371354445164, 54.683513144844113, 0.0 ], [ 17.098527500838888, 54.683281901661829, 0.0 ], [ 17.09565677170616, 54.682530083361129, 0.0 ], [ 17.094322988732415, 54.682116814707541, 0.0 ], [ 17.091486626680691, 54.6813745871751, 0.0 ], [ 17.090041137215021, 54.680967890606567, 0.0 ], [ 17.088655765834545, 54.680605920557596, 0.0 ], [ 17.087176272626053, 54.680183121309511, 0.0 ], [ 17.085237814698665, 54.679638155365183, 0.0 ], [ 17.085181771532731, 54.679744735749985, 0.0 ], [ 17.084712665567359, 54.67960346342732, 0.0 ], [ 17.083664333293999, 54.67923347017328, 0.0 ], [ 17.082990251516193, 54.679154698764748, 0.0 ], [ 17.081316461834916, 54.678614188066121, 0.0 ], [ 17.07987684969056, 54.678251167185465, 0.0 ], [ 17.079412182102338, 54.678182591138871, 0.0 ], [ 17.078076363007366, 54.677722138163674, 0.0 ], [ 17.077285144236274, 54.677627978484168, 0.0 ], [ 17.075954584255854, 54.677333753013329, 0.0 ], [ 17.075608482673587, 54.677233542978094, 0.0 ], [ 17.073817919773543, 54.676736060719904, 0.0 ], [ 17.072393066603325, 54.676221047350417, 0.0 ], [ 17.071374299337233, 54.675950090391829, 0.0 ], [ 17.070981767174501, 54.675806655532924, 0.0 ], [ 17.07037445069934, 54.675584575197227, 0.0 ], [ 17.069005122742798, 54.674916314718253, 0.0 ], [ 17.068479336217671, 54.674736628913841, 0.0 ], [ 17.066521113665068, 54.673960220899559, 0.0 ], [ 17.066211133639506, 54.673787937377938, 0.0 ], [ 17.065865991411496, 54.673729303589852, 0.0 ], [ 17.063848113147909, 54.673104138760088, 0.0 ], [ 17.061905379626559, 54.67216066471287, 0.0 ], [ 17.06043918310381, 54.67179127526326, 0.0 ], [ 17.057901329926612, 54.671236008501346, 0.0 ], [ 17.056887920603291, 54.670937298764365, 0.0 ], [ 17.055811433276414, 54.670765578317138, 0.0 ], [ 17.055066859795332, 54.67053983552595, 0.0 ], [ 17.053733198048199, 54.670135729953003, 0.0 ], [ 17.05303566782079, 54.670000994301731, 0.0 ], [ 17.052234762805455, 54.669965532559921, 0.0 ], [ 17.050791691310057, 54.669721718787237, 0.0 ], [ 17.050244171933183, 54.669589490585352, 0.0 ], [ 17.05032098611343, 54.669286957552657, 0.0 ], [ 17.050230818532899, 54.669178528137309, 0.0 ], [ 17.049941898649848, 54.669005019681229, 0.0 ], [ 17.048974835274684, 54.668518832547058, 0.0 ], [ 17.048608807891448, 54.668361966114681, 0.0 ], [ 17.047898516700542, 54.668138603702602, 0.0 ], [ 17.047028490357164, 54.667892508384782, 0.0 ], [ 17.046502963595611, 54.667782447623445, 0.0 ], [ 17.04603159260262, 54.667742799075896, 0.0 ], [ 17.045960430694272, 54.667736758856272, 0.0 ], [ 17.045011283634576, 54.667593526331061, 0.0 ], [ 17.044299146472866, 54.667318198478327, 0.0 ], [ 17.043495608230234, 54.666876202680534, 0.0 ], [ 17.042940444060683, 54.666214697120843, 0.0 ], [ 17.042770751586012, 54.666015609145099, 0.0 ], [ 17.04247420889218, 54.665667634836034, 0.0 ], [ 17.04187865395247, 54.665195825368158, 0.0 ], [ 17.041575830316791, 54.664838725236308, 0.0 ], [ 17.041275870246444, 54.664603744435986, 0.0 ], [ 17.040729385206223, 54.664247677972675, 0.0 ], [ 17.040170391495018, 54.663903189713622, 0.0 ], [ 17.039862822789072, 54.663794287557451, 0.0 ], [ 17.039730016099394, 54.663714620917759, 0.0 ], [ 17.039074687004486, 54.663321926403164, 0.0 ], [ 17.03846311822441, 54.663065329801533, 0.0 ], [ 17.03792696930628, 54.662641050909045, 0.0 ], [ 17.037250382555946, 54.662231196930676, 0.0 ], [ 17.036411417656023, 54.661178378104928, 0.0 ], [ 17.036101307004014, 54.66071995102353, 0.0 ], [ 17.035661107274763, 54.660323377762268, 0.0 ], [ 17.035236325445755, 54.660080919596766, 0.0 ], [ 17.034696285395853, 54.659666926853617, 0.0 ], [ 17.034335833303135, 54.659365500872227, 0.0 ], [ 17.033759409818572, 54.658996495902521, 0.0 ], [ 17.033049620099955, 54.658331643895337, 0.0 ], [ 17.032294043626056, 54.657775043357759, 0.0 ], [ 17.031570967042413, 54.657312315582288, 0.0 ], [ 17.031452875398401, 54.657221437127355, 0.0 ], [ 17.031147454478031, 54.656986297222254, 0.0 ], [ 17.03068531658889, 54.65668171137694, 0.0 ], [ 17.029836563420126, 54.656097126069966, 0.0 ], [ 17.029569826245659, 54.655995172257548, 0.0 ], [ 17.029387550748197, 54.655886348052547, 0.0 ], [ 17.029202702103991, 54.655664567826022, 0.0 ], [ 17.028879905387292, 54.655424790937936, 0.0 ], [ 17.02856230267891, 54.655305266742424, 0.0 ], [ 17.028146643778644, 54.655087024604661, 0.0 ], [ 17.027332606880726, 54.654544029330118, 0.0 ], [ 17.026831994506693, 54.654250169292382, 0.0 ], [ 17.026127754325618, 54.653840837643656, 0.0 ], [ 17.025394177998596, 54.653343577564932, 0.0 ], [ 17.024655102453238, 54.652908440952686, 0.0 ], [ 17.024182442778162, 54.652581283495422, 0.0 ], [ 17.023594819921449, 54.652053831869416, 0.0 ], [ 17.023062349091223, 54.651701750444467, 0.0 ], [ 17.02245629712111, 54.651155726094245, 0.0 ], [ 17.022166817743408, 54.650938212248612, 0.0 ], [ 17.02183686847799, 54.650805991750978, 0.0 ], [ 17.021467583187523, 54.650466720840328, 0.0 ], [ 17.020760168805879, 54.650007467311006, 0.0 ], [ 17.019476905542454, 54.649173479507191, 0.0 ], [ 17.018855569923538, 54.648834495956173, 0.0 ], [ 17.018459073502886, 54.648578190798524, 0.0 ], [ 17.017930949378254, 54.64831300064241, 0.0 ], [ 17.017644271477387, 54.648122540602351, 0.0 ], [ 17.0172104243068, 54.647899440966583, 0.0 ], [ 17.016730516425245, 54.647614332169887, 0.0 ], [ 17.016278162576548, 54.647272662687463, 0.0 ], [ 17.015711020693001, 54.646905172578101, 0.0 ], [ 17.015403014320558, 54.646764667234173, 0.0 ], [ 17.015085234645124, 54.646490302866106, 0.0 ], [ 17.014511824166139, 54.64602419587532, 0.0 ], [ 17.013729405248348, 54.645450636732292, 0.0 ], [ 17.012935005010977, 54.644988832505071, 0.0 ], [ 17.011983395599401, 54.644437062206386, 0.0 ], [ 17.011081808199183, 54.643957210125201, 0.0 ], [ 17.009759427737812, 54.643225221629692, 0.0 ], [ 17.008614293528094, 54.642589454746449, 0.0 ], [ 17.007898708768522, 54.642216399333506, 0.0 ], [ 17.007252549133618, 54.641785509083235, 0.0 ], [ 17.007136722020331, 54.641605768102878, 0.0 ], [ 17.00645806517921, 54.641187005700772, 0.0 ], [ 17.006348842483796, 54.641035169713717, 0.0 ], [ 17.005903532326943, 54.640722449148711, 0.0 ], [ 17.005524091458749, 54.640522752806206, 0.0 ], [ 17.005213815389997, 54.640326319441257, 0.0 ], [ 17.004162552959421, 54.639893162830447, 0.0 ], [ 17.003525173756735, 54.639556032774408, 0.0 ], [ 17.00343154439334, 54.639482937541089, 0.0 ], [ 17.003201267355962, 54.639303328271872, 0.0 ], [ 17.002803628723871, 54.63908245025106, 0.0 ], [ 17.001931747407451, 54.63846135733364, 0.0 ], [ 17.000836351662315, 54.63779735475233, 0.0 ], [ 16.999690478360804, 54.637216121389578, 0.0 ], [ 16.999095033908983, 54.636896474988525, 0.0 ], [ 16.996980503640284, 54.635882958059391, 0.0 ], [ 16.996512454429567, 54.635618259826998, 0.0 ], [ 16.995609491090892, 54.635240792220166, 0.0 ], [ 16.994748878739827, 54.634729441021406, 0.0 ], [ 16.994213331375381, 54.634439556239379, 0.0 ], [ 16.993964715439837, 54.634334258651727, 0.0 ], [ 16.993792650158014, 54.634296442339455, 0.0 ], [ 16.993542984344071, 54.634064453579072, 0.0 ], [ 16.992393892668545, 54.633540355330041, 0.0 ], [ 16.99230944036837, 54.633454478969597, 0.0 ], [ 16.991802497095094, 54.633099054630115, 0.0 ], [ 16.990940384677671, 54.632545615332987, 0.0 ], [ 16.990322367042477, 54.632204892777075, 0.0 ], [ 16.989757345461399, 54.631825885415871, 0.0 ], [ 16.98829215458921, 54.631019870112404, 0.0 ], [ 16.987697585473814, 54.63065345429964, 0.0 ], [ 16.987228714216368, 54.630414138656086, 0.0 ], [ 16.986745340512812, 54.630110641418369, 0.0 ], [ 16.986158235413722, 54.629793874274995, 0.0 ], [ 16.985518920196011, 54.629378825078376, 0.0 ], [ 16.98473905012132, 54.628993052193465, 0.0 ], [ 16.984105107622881, 54.628692863065432, 0.0 ], [ 16.983122451274809, 54.628106460288713, 0.0 ], [ 16.982453629935325, 54.627833552141908, 0.0 ], [ 16.981429974725973, 54.627135921918736, 0.0 ], [ 16.980406944516076, 54.626598055246646, 0.0 ], [ 16.979178889294648, 54.626055555117972, 0.0 ], [ 16.978020834088149, 54.625462222469388, 0.0 ], [ 16.976859444837253, 54.624871666705488, 0.0 ], [ 16.975767221927939, 54.624235833723823, 0.0 ], [ 16.974723055432083, 54.623578055888558, 0.0 ], [ 16.973631944120079, 54.622942500284957, 0.0 ], [ 16.972518332936179, 54.622320277833012, 0.0 ], [ 16.971396110951098, 54.621713333565104, 0.0 ], [ 16.970157777404644, 54.62108944444573, 0.0 ], [ 16.969109166915306, 54.620533889070117, 0.0 ], [ 16.96797583260955, 54.619925278011557, 0.0 ], [ 16.966847500057067, 54.619314722311202, 0.0 ], [ 16.965742499920648, 54.618685833760374, 0.0 ], [ 16.964671388346424, 54.618037778041895, 0.0 ], [ 16.963590832706679, 54.617394999796666, 0.0 ], [ 16.962437499539909, 54.616807778064931, 0.0 ], [ 16.961219166797516, 54.616277777562473, 0.0 ], [ 16.960140277244026, 54.615645277413471, 0.0 ], [ 16.958834722288174, 54.615020833728394, 0.0 ], [ 16.957807221533486, 54.614469722489822, 0.0 ], [ 16.95655222194452, 54.613948333464279, 0.0 ], [ 16.955299444368084, 54.613422777675162, 0.0 ], [ 16.954016943688888, 54.612920277596018, 0.0 ], [ 16.952688611753914, 54.612460555310236, 0.0 ], [ 16.951274166444822, 54.612100277636557, 0.0 ], [ 16.949826944913223, 54.611783333045025, 0.0 ], [ 16.948491388910593, 54.611333611016533, 0.0 ], [ 16.947256666993134, 54.610793333112312, 0.0 ], [ 16.945384999726013, 54.610228888529569, 0.0 ], [ 16.944508333330379, 54.609972778113487, 0.0 ], [ 16.943127778272991, 54.609567221917715, 0.0 ], [ 16.941729166315341, 54.609184166930312, 0.0 ], [ 16.940389444427726, 54.608734999607591, 0.0 ], [ 16.939058610448392, 54.608276666694806, 0.0 ], [ 16.937741110382724, 54.60780583371622, 0.0 ], [ 16.93649000067434, 54.607277499909074, 0.0 ], [ 16.935237221606997, 54.606750277993982, 0.0 ], [ 16.933975277840783, 54.606230833139485, 0.0 ], [ 16.93233888916383, 54.605488333685138, 0.0 ], [ 16.93145666591991, 54.605195555662895, 0.0 ], [ 16.930169999798778, 54.604699721822975, 0.0 ], [ 16.928930555605529, 54.604169444796639, 0.0 ], [ 16.927597777539066, 54.603717778133941, 0.0 ], [ 16.925888055289175, 54.603107222049687, 0.0 ], [ 16.9242347215107, 54.602443610973502, 0.0 ], [ 16.922591110355619, 54.601770833722377, 0.0 ], [ 16.919293399210019, 54.60047561919103, 0.0 ], [ 16.919110911400072, 54.600313345137877, 0.0 ], [ 16.91904061151217, 54.600250723224072, 0.0 ], [ 16.918496355068509, 54.599947032525584, 0.0 ], [ 16.91811469156719, 54.599832212841889, 0.0 ], [ 16.917665175512322, 54.599644368378129, 0.0 ], [ 16.917215942863681, 54.599393543147251, 0.0 ], [ 16.917116733483493, 54.59936498287064, 0.0 ], [ 16.916090253208463, 54.599069365529921, 0.0 ], [ 16.915435236698816, 54.598777337884854, 0.0 ], [ 16.915261502587221, 54.598699950596611, 0.0 ], [ 16.915104749844293, 54.5986299932134, 0.0 ], [ 16.914026810847858, 54.598274778298865, 0.0 ], [ 16.913226335476505, 54.597908297508603, 0.0 ], [ 16.913104034840547, 54.59785221408238, 0.0 ], [ 16.912193196644775, 54.597481771057346, 0.0 ], [ 16.911278407341758, 54.597213620411509, 0.0 ], [ 16.911142773654667, 54.597170262728312, 0.0 ], [ 16.910231397236725, 54.596879134344633, 0.0 ], [ 16.908977931617649, 54.596511961089377, 0.0 ], [ 16.907658912351938, 54.59614355484139, 0.0 ], [ 16.90685104214884, 54.596004815445319, 0.0 ], [ 16.906031300750914, 54.595812685607164, 0.0 ], [ 16.905857697818938, 54.595771943226346, 0.0 ], [ 16.904754360822292, 54.595267629461695, 0.0 ], [ 16.904015507072607, 54.595054743337435, 0.0 ], [ 16.903371923418927, 54.594935887702256, 0.0 ], [ 16.902776532530712, 54.594883592311902, 0.0 ], [ 16.901930479955489, 54.594704762552169, 0.0 ], [ 16.900708914004635, 54.594272923056266, 0.0 ], [ 16.899641139358515, 54.594152170514008, 0.0 ], [ 16.899054902154877, 54.59395609515358, 0.0 ], [ 16.898507611161374, 54.593865132902948, 0.0 ], [ 16.8980376233974, 54.593616022341145, 0.0 ], [ 16.89665295475708, 54.593353724798796, 0.0 ], [ 16.895911454588092, 54.593252894321267, 0.0 ], [ 16.895477727841396, 54.592951094932673, 0.0 ], [ 16.894944885288201, 54.592835900292002, 0.0 ], [ 16.894614614611307, 54.592810692488868, 0.0 ], [ 16.893009916206928, 54.592356766187841, 0.0 ], [ 16.892744083618318, 54.592346158362126, 0.0 ], [ 16.892459295727196, 54.592258648078442, 0.0 ], [ 16.892077745301417, 54.592076540887568, 0.0 ], [ 16.891895084785936, 54.592040008359049, 0.0 ], [ 16.891446355280401, 54.591950364935677, 0.0 ], [ 16.890930396023489, 54.591920751103061, 0.0 ], [ 16.890144957451238, 54.591679051284402, 0.0 ], [ 16.889560889795909, 54.591576839730308, 0.0 ], [ 16.888457296980235, 54.591320708890024, 0.0 ], [ 16.887653559399251, 54.591240459783123, 0.0 ], [ 16.886759397868929, 54.591140236193816, 0.0 ], [ 16.886156028832485, 54.591025880983935, 0.0 ], [ 16.885083726993404, 54.590809270044325, 0.0 ], [ 16.884205453140552, 54.590705669767765, 0.0 ], [ 16.884110145647504, 54.590694459333676, 0.0 ], [ 16.883225119341571, 54.59059474233257, 0.0 ], [ 16.882320144587709, 54.590421340203683, 0.0 ], [ 16.881820359307294, 54.590299204300692, 0.0 ], [ 16.880987878788531, 54.590060963708844, 0.0 ], [ 16.880462866037835, 54.590012802319094, 0.0 ], [ 16.879341613034867, 54.59001464521392, 0.0 ], [ 16.878443465239329, 54.589937324024575, 0.0 ], [ 16.877701228176768, 54.589822088200727, 0.0 ], [ 16.876082782548099, 54.589979577084762, 0.0 ], [ 16.875666879032764, 54.589997726975504, 0.0 ], [ 16.875388062214327, 54.590009871764757, 0.0 ], [ 16.874567822183078, 54.589957683702842, 0.0 ], [ 16.873045148797161, 54.589929409848168, 0.0 ], [ 16.871302331069803, 54.589861597927538, 0.0 ], [ 16.870076585104936, 54.589871365178873, 0.0 ], [ 16.868520749988253, 54.589901035540365, 0.0 ], [ 16.867343944952946, 54.589925607769523, 0.0 ], [ 16.865944984413503, 54.59003874353958, 0.0 ], [ 16.865364201957618, 54.589988287442871, 0.0 ], [ 16.863822412112356, 54.589902126063514, 0.0 ], [ 16.8633879865504, 54.589674058845205, 0.0 ], [ 16.861909254025655, 54.589329975339624, 0.0 ], [ 16.860835613860448, 54.589261654149801, 0.0 ], [ 16.859749163028511, 54.589159150086793, 0.0 ], [ 16.85892535652188, 54.589097478818829, 0.0 ], [ 16.857882035592549, 54.589040737620998, 0.0 ], [ 16.856645668765601, 54.589071382280785, 0.0 ], [ 16.855780445756348, 54.588958624263256, 0.0 ], [ 16.85438933177759, 54.588902428235016, 0.0 ], [ 16.854148848024231, 54.588897698573227, 0.0 ], [ 16.853859403773651, 54.593860327702956, 0.0 ], [ 16.848853377895082, 54.606475097631083, 0.0 ], [ 16.849695738418355, 54.60658777704834, 0.0 ], [ 16.85025329605779, 54.606659644041173, 0.0 ], [ 16.850813193571334, 54.606725092999021, 0.0 ], [ 16.851375213545673, 54.606784100249826, 0.0 ], [ 16.851939135562255, 54.606836640273848, 0.0 ], [ 16.852504738866767, 54.606882693843616, 0.0 ], [ 16.853071801106118, 54.606922242606593, 0.0 ], [ 16.853640101282103, 54.606955271835048, 0.0 ], [ 16.854209416798735, 54.606981767676295, 0.0 ], [ 16.854749146770462, 54.607083092877374, 0.0 ], [ 16.855292116708171, 54.60717841080811, 0.0 ], [ 16.855838126866917, 54.607267686416883, 0.0 ], [ 16.856386978853816, 54.607350888276173, 0.0 ], [ 16.856938469627259, 54.607427984879536, 0.0 ], [ 16.857492400593756, 54.607498948399552, 0.0 ], [ 16.85804856841737, 54.607563752726726, 0.0 ], [ 16.858606768068114, 54.607622374422753, 0.0 ], [ 16.859166797512284, 54.607674791904394, 0.0 ], [ 16.859728451475483, 54.60772098623228, 0.0 ], [ 16.860291524585289, 54.607760940267411, 0.0 ], [ 16.860855811324669, 54.607794639569576, 0.0 ], [ 16.861719762614612, 54.607842926896083, 0.0 ], [ 16.862305099438128, 54.607887327366619, 0.0 ], [ 16.86289181500792, 54.60792509813551, 0.0 ], [ 16.863479688254085, 54.607956225391582, 0.0 ], [ 16.864068496462078, 54.607980697097283, 0.0 ], [ 16.864658013678646, 54.607998503859726, 0.0 ], [ 16.86524801690274, 54.608009639040013, 0.0 ], [ 16.865838281490301, 54.608014097772987, 0.0 ], [ 16.866428585656546, 54.608011879744112, 0.0 ], [ 16.867018701426019, 54.608002984534039, 0.0 ], [ 16.867608406778864, 54.607987416328712, 0.0 ], [ 16.868197478101365, 54.607965180189396, 0.0 ], [ 16.868785689998592, 54.607936285646254, 0.0 ], [ 16.869372820172579, 54.607900742288244, 0.0 ], [ 16.869958646045916, 54.607858565098724, 0.0 ], [ 16.870539317636283, 54.607847493948114, 0.0 ], [ 16.870975327429576, 54.60786445794384, 0.0 ], [ 16.871617170256055, 54.607885545776583, 0.0 ], [ 16.87205509181641, 54.607895483674149, 0.0 ], [ 16.872638771313923, 54.607906325945997, 0.0 ], [ 16.87396111072637, 54.607966044251789, 0.0 ], [ 16.875396996578591, 54.607978027954211, 0.0 ], [ 16.875973090569815, 54.608069941493937, 0.0 ], [ 16.877003290071258, 54.608199977299691, 0.0 ], [ 16.877151685575956, 54.608228103390182, 0.0 ], [ 16.877613997770627, 54.608313406715162, 0.0 ], [ 16.879440945408771, 54.608604838741059, 0.0 ], [ 16.879928581199426, 54.608722883219954, 0.0 ], [ 16.88025095238784, 54.608787319680964, 0.0 ], [ 16.880662811973146, 54.608887017078111, 0.0 ], [ 16.881125962357181, 54.609039731574619, 0.0 ], [ 16.881594113884553, 54.609187219493968, 0.0 ], [ 16.882067094298989, 54.609329424713927, 0.0 ], [ 16.882544724958066, 54.609466294599322, 0.0 ], [ 16.883026827164045, 54.609597777415665, 0.0 ], [ 16.883513222024259, 54.609723825023984, 0.0 ], [ 16.884003726041509, 54.609844388308161, 0.0 ], [ 16.884498155384335, 54.609959424443119, 0.0 ], [ 16.884996327901273, 54.610068887938176, 0.0 ], [ 16.885498054869956, 54.61017274038398, 0.0 ], [ 16.885694559868725, 54.610229037501554, 0.0 ], [ 16.886541621553292, 54.610434028688459, 0.0 ], [ 16.886924858316544, 54.610542995706702, 0.0 ], [ 16.887312448164916, 54.610646648748236, 0.0 ], [ 16.887704170994862, 54.610744928182449, 0.0 ], [ 16.888099804868123, 54.610837779744202, 0.0 ], [ 16.888499129340222, 54.610925150096129, 0.0 ], [ 16.888901915941791, 54.61100699115854, 0.0 ], [ 16.8891185200808, 54.611069037234003, 0.0 ], [ 16.890862672498393, 54.6114910521976, 0.0 ], [ 16.891270607447904, 54.61162732623054, 0.0 ], [ 16.89168342227909, 54.611758558599476, 0.0 ], [ 16.89210093098589, 54.611884689368416, 0.0 ], [ 16.892522945773951, 54.612005663068118, 0.0 ], [ 16.892949280295728, 54.612121426055083, 0.0 ], [ 16.89337974200474, 54.612231924580094, 0.0 ], [ 16.893814138068411, 54.612337110286326, 0.0 ], [ 16.894252272458452, 54.612436936562148, 0.0 ], [ 16.894432379425727, 54.612479208148557, 0.0 ], [ 16.895258841235673, 54.612672929698284, 0.0 ], [ 16.895777353310216, 54.61279086278082, 0.0 ], [ 16.896128227188914, 54.612943142170316, 0.0 ], [ 16.896484511768282, 54.613091131104994, 0.0 ], [ 16.896846052455039, 54.613234762111269, 0.0 ], [ 16.897212688085901, 54.613373974796012, 0.0 ], [ 16.897584262179663, 54.613508707949606, 0.0 ], [ 16.897960608914111, 54.613638901100757, 0.0 ], [ 16.898177848556998, 54.613732002606611, 0.0 ], [ 16.899061044009034, 54.614071691847556, 0.0 ], [ 16.899451312197101, 54.614271117789698, 0.0 ], [ 16.899848799994572, 54.614465683618313, 0.0 ], [ 16.900253326061542, 54.614655299796979, 0.0 ], [ 16.900664710316327, 54.614839882207278, 0.0 ], [ 16.901082764972163, 54.615019345699466, 0.0 ], [ 16.901507300405065, 54.615193610488447, 0.0 ], [ 16.901938126979456, 54.615362596790632, 0.0 ], [ 16.904988125821536, 54.616560737051486, 0.0 ], [ 16.906386953981183, 54.617133422625351, 0.0 ], [ 16.906619952203208, 54.617227884453413, 0.0 ], [ 16.908273586345423, 54.617891737376432, 0.0 ], [ 16.909637376144445, 54.61840895772896, 0.0 ], [ 16.91136897964887, 54.619027436418854, 0.0 ], [ 16.911884294036486, 54.619206759578894, 0.0 ], [ 16.912260078961548, 54.619364452521729, 0.0 ], [ 16.913038380136339, 54.619674466426154, 0.0 ], [ 16.914325301114321, 54.620170483542879, 0.0 ], [ 16.914802648288052, 54.620347946608703, 0.0 ], [ 16.914899460741147, 54.620391883160849, 0.0 ], [ 16.916057384936284, 54.620892573837736, 0.0 ], [ 16.917186735240723, 54.621357529550878, 0.0 ], [ 16.918287110878421, 54.621820703861886, 0.0 ], [ 16.919517649500975, 54.622340453284934, 0.0 ], [ 16.919832490916964, 54.622471689488719, 0.0 ], [ 16.921485795824861, 54.623106626463851, 0.0 ], [ 16.922817967446857, 54.623582781423352, 0.0 ], [ 16.923251234472417, 54.623734816049478, 0.0 ], [ 16.924582386484342, 54.624193324505192, 0.0 ], [ 16.924894744474638, 54.624299483678996, 0.0 ], [ 16.926234798392993, 54.624748824375665, 0.0 ], [ 16.927165030538482, 54.625048486455391, 0.0 ], [ 16.928508924752766, 54.625440034102084, 0.0 ], [ 16.929520423126124, 54.625717095862122, 0.0 ], [ 16.930549559675466, 54.626019425662427, 0.0 ], [ 16.930897590896627, 54.626121136409715, 0.0 ], [ 16.932224256131519, 54.626630719413377, 0.0 ], [ 16.932944381546712, 54.626880879191084, 0.0 ], [ 16.9342802667014, 54.627330774593439, 0.0 ], [ 16.934757554287227, 54.627488449397504, 0.0 ], [ 16.935239870076938, 54.627640888617726, 0.0 ], [ 16.935727041475459, 54.627788039798538, 0.0 ], [ 16.936218899021192, 54.627929849640843, 0.0 ], [ 16.936715266868099, 54.628066268335658, 0.0 ], [ 16.937215969070703, 54.628197247873061, 0.0 ], [ 16.937720829584389, 54.628322742042201, 0.0 ], [ 16.938229670717185, 54.628442706405124, 0.0 ], [ 16.938308131985327, 54.628475627443535, 0.0 ], [ 16.93913004426555, 54.62889088554514, 0.0 ], [ 16.939233561446507, 54.628940411077686, 0.0 ], [ 16.939622818630632, 54.629164474927592, 0.0 ], [ 16.940018989530042, 54.629384422789116, 0.0 ], [ 16.940421945969067, 54.629600184078114, 0.0 ], [ 16.940831553568337, 54.629811688105548, 0.0 ], [ 16.941247682493405, 54.630018866058791, 0.0 ], [ 16.941670193609092, 54.63022164896789, 0.0 ], [ 16.94209895218912, 54.630419972434616, 0.0 ], [ 16.942533815800438, 54.630613771031648, 0.0 ], [ 16.943381555321334, 54.63112685219059, 0.0 ], [ 16.944047046219794, 54.631517490682938, 0.0 ], [ 16.945152049407117, 54.63214657613036, 0.0 ], [ 16.945715940634518, 54.632459602507197, 0.0 ], [ 16.946844310533859, 54.633070354328815, 0.0 ], [ 16.946929939216488, 54.633116526956648, 0.0 ], [ 16.94806331606436, 54.633725334249782, 0.0 ], [ 16.948148958551933, 54.633771163642805, 0.0 ], [ 16.948216351962778, 54.633806985392766, 0.0 ], [ 16.949265009985854, 54.63436272108337, 0.0 ], [ 16.949842343755023, 54.634661088661773, 0.0 ], [ 16.950668082792323, 54.635077218253173, 0.0 ], [ 16.951206057340325, 54.635368260026063, 0.0 ], [ 16.951905662648908, 54.635759277391486, 0.0 ], [ 16.952341113178303, 54.636013003540604, 0.0 ], [ 16.952974345035539, 54.636412050706532, 0.0 ], [ 16.953402152780416, 54.636676242917872, 0.0 ], [ 16.953818609235764, 54.636923476070415, 0.0 ], [ 16.954910819714708, 54.637559505794741, 0.0 ], [ 16.955899453344415, 54.6381102766615, 0.0 ], [ 16.956434154645557, 54.638388674369942, 0.0 ], [ 16.957551677211782, 54.638957073989459, 0.0 ], [ 16.958665921967032, 54.639528111473197, 0.0 ], [ 16.959729972570077, 54.640048906558555, 0.0 ], [ 16.960066015316428, 54.640261241049302, 0.0 ], [ 16.960409310790386, 54.64046963617065, 0.0 ], [ 16.960759722056757, 54.640674009530159, 0.0 ], [ 16.961117109072667, 54.640874278683498, 0.0 ], [ 16.961481330101538, 54.641070363855697, 0.0 ], [ 16.961852238660203, 54.641262186990943, 0.0 ], [ 16.962229686706685, 54.641449670007788, 0.0 ], [ 16.962613522821634, 54.641632740163857, 0.0 ], [ 16.963145441809033, 54.641932722876788, 0.0 ], [ 16.964112394508188, 54.642418586929502, 0.0 ], [ 16.964668116371705, 54.642736128684518, 0.0 ], [ 16.964863652368575, 54.6428566541206, 0.0 ], [ 16.96590111443582, 54.64344672689306, 0.0 ], [ 16.966965345798865, 54.644061605159308, 0.0 ], [ 16.967489562859484, 54.644350072647732, 0.0 ], [ 16.967957238819107, 54.644647975914665, 0.0 ], [ 16.968383051927127, 54.644893904400384, 0.0 ], [ 16.968747944327784, 54.645153279409605, 0.0 ], [ 16.969122117874747, 54.645408169318586, 0.0 ], [ 16.969505407593633, 54.645658463376719, 0.0 ], [ 16.969897646901721, 54.64590405170572, 0.0 ], [ 16.97029866287096, 54.646144827018631, 0.0 ], [ 16.970708280964832, 54.646380682901238, 0.0 ], [ 16.97112632021177, 54.646611517327791, 0.0 ], [ 16.971552601174881, 54.646837228299219, 0.0 ], [ 16.97198693337949, 54.647057717228996, 0.0 ], [ 16.972833162058805, 54.64753796989163, 0.0 ], [ 16.974063529649747, 54.648152629105269, 0.0 ], [ 16.974432834536916, 54.648363060068995, 0.0 ], [ 16.974810019061106, 54.648568738371587, 0.0 ], [ 16.975194900443981, 54.648769566472872, 0.0 ], [ 16.975587292795833, 54.648965446781602, 0.0 ], [ 16.975987006936958, 54.649156285249241, 0.0 ], [ 16.976393850487039, 54.64934198957328, 0.0 ], [ 16.976807627820669, 54.64952247009591, 0.0 ], [ 16.977234507674368, 54.649738197990054, 0.0 ], [ 16.978705733152388, 54.650444967319025, 0.0 ], [ 16.979022138424448, 54.650609809533528, 0.0 ], [ 16.979122463603392, 54.650680000799177, 0.0 ], [ 16.979742593223307, 54.651079532212677, 0.0 ], [ 16.980129593312267, 54.651344600269333, 0.0 ], [ 16.980525638492747, 54.651605138714174, 0.0 ], [ 16.980930574258863, 54.651861043278657, 0.0 ], [ 16.981344235111369, 54.652112212208685, 0.0 ], [ 16.981766460095795, 54.652358545624693, 0.0 ], [ 16.982197078858082, 54.652599945289253, 0.0 ], [ 16.982635920940819, 54.652836314762354, 0.0 ], [ 16.983289881521976, 54.6531817946736, 0.0 ], [ 16.983571038167838, 54.653383922253845, 0.0 ], [ 16.983860389112611, 54.653579774658297, 0.0 ], [ 16.984506482139704, 54.654010788432018, 0.0 ], [ 16.984866695481625, 54.654246871272093, 0.0 ], [ 16.985233996938064, 54.65447925404689, 0.0 ], [ 16.985608273744422, 54.654707865582061, 0.0 ], [ 16.985989409983691, 54.654932635550146, 0.0 ], [ 16.986377289640885, 54.655153495420819, 0.0 ], [ 16.986771795142467, 54.655370376638153, 0.0 ], [ 16.987172801069402, 54.655583212314667, 0.0 ], [ 16.987526604911192, 54.655767712370135, 0.0 ], [ 16.988336719983213, 54.656217597233976, 0.0 ], [ 16.98967550540727, 54.656958901137877, 0.0 ], [ 16.990118155313599, 54.657199234166967, 0.0 ], [ 16.990265384358647, 54.657277617615648, 0.0 ], [ 16.990582799733467, 54.657536875456799, 0.0 ], [ 16.990909962679687, 54.65779202948643, 0.0 ], [ 16.991246713460896, 54.658042955591135, 0.0 ], [ 16.991592892149438, 54.65828953325051, 0.0 ], [ 16.991948330966832, 54.658531643611894, 0.0 ], [ 16.992312858976835, 54.658769168669487, 0.0 ], [ 16.992686298764344, 54.659001995705005, 0.0 ], [ 16.993068471394622, 54.65923001107619, 0.0 ], [ 16.994364756317957, 54.66006225982003, 0.0 ], [ 16.994541939419982, 54.660168429273504, 0.0 ], [ 16.995021835536853, 54.660453625381159, 0.0 ], [ 16.995551155855164, 54.660752274118003, 0.0 ], [ 16.996840375518151, 54.661484129260351, 0.0 ], [ 16.997086689904215, 54.661625558992384, 0.0 ], [ 16.998161045189683, 54.662411683345084, 0.0 ], [ 16.998703129209069, 54.662808015717985, 0.0 ], [ 16.999277917264966, 54.663288658096917, 0.0 ], [ 17.00041114373661, 54.664122193702212, 0.0 ], [ 17.000883741770917, 54.664449442868815, 0.0 ], [ 17.001286072294551, 54.664722501790038, 0.0 ], [ 17.001697608270739, 54.664990912478146, 0.0 ], [ 17.002118190350629, 54.665254572406099, 0.0 ], [ 17.00254765460916, 54.66551337717339, 0.0 ], [ 17.003761356800762, 54.666290484141705, 0.0 ], [ 17.004172102473511, 54.666533875122482, 0.0 ], [ 17.004591477657709, 54.666777711641053, 0.0 ], [ 17.004740856123604, 54.666877390464947, 0.0 ], [ 17.005701955756578, 54.667487597977413, 0.0 ], [ 17.007020995983822, 54.668336591528629, 0.0 ], [ 17.007138888477062, 54.668407387573602, 0.0 ], [ 17.007321158910642, 54.668516245021912, 0.0 ], [ 17.007394683685572, 54.668557681307618, 0.0 ], [ 17.007887125353374, 54.668915438733492, 0.0 ], [ 17.007986816981397, 54.668981501799841, 0.0 ], [ 17.008853387977059, 54.669705817456432, 0.0 ], [ 17.00933758479675, 54.670060201655247, 0.0 ], [ 17.009593680924791, 54.670361503450621, 0.0 ], [ 17.009859702588635, 54.670659902573739, 0.0 ], [ 17.010135556017062, 54.670955289520855, 0.0 ], [ 17.010421136577854, 54.671247554608456, 0.0 ], [ 17.010716342596925, 54.671536590897659, 0.0 ], [ 17.011021061538564, 54.671822291270125, 0.0 ], [ 17.011335185374911, 54.672104551377821, 0.0 ], [ 17.011658595171976, 54.672383267591869, 0.0 ], [ 17.011991175084852, 54.672658336333335, 0.0 ], [ 17.012332801418456, 54.672929655692016, 0.0 ], [ 17.01268334869637, 54.673197128223613, 0.0 ], [ 17.013042686955366, 54.673460652813247, 0.0 ], [ 17.01341068746337, 54.673720134659938, 0.0 ], [ 17.013787210756277, 54.673975476089083, 0.0 ], [ 17.014172120195134, 54.674226584867277, 0.0 ], [ 17.014486663263352, 54.674461621358319, 0.0 ], [ 17.014810304384653, 54.674692472252232, 0.0 ], [ 17.015142877102402, 54.674919020557809, 0.0 ], [ 17.015484213352739, 54.675141150156655, 0.0 ], [ 17.015834138813478, 54.675358745726975, 0.0 ], [ 17.016192472684907, 54.675571697236094, 0.0 ], [ 17.016559031009425, 54.675779895499204, 0.0 ], [ 17.016863135479525, 54.676083650212078, 0.0 ], [ 17.017177539613527, 54.676383862861762, 0.0 ], [ 17.017502118848071, 54.676680418037229, 0.0 ], [ 17.017836748650929, 54.676973199427721, 0.0 ], [ 17.01818129663749, 54.677262092391267, 0.0 ], [ 17.018535630322408, 54.677546984081687, 0.0 ], [ 17.018899610917892, 54.677827763347281, 0.0 ], [ 17.019273094883818, 54.678104320756368, 0.0 ], [ 17.019655940172967, 54.678376547800454, 0.0 ], [ 17.02004799369637, 54.678644339386857, 0.0 ], [ 17.020449103945147, 54.678907589549546, 0.0 ], [ 17.020859114570047, 54.679166195840047, 0.0 ], [ 17.021277866019346, 54.679420057556065, 0.0 ], [ 17.021705195538701, 54.679669075741757, 0.0 ], [ 17.022140934113864, 54.679913152238726, 0.0 ], [ 17.022944490926811, 54.680355289006208, 0.0 ], [ 17.023375677423878, 54.680588060002691, 0.0 ], [ 17.023814422663857, 54.680816041640071, 0.0 ], [ 17.024260567701301, 54.681039151221476, 0.0 ], [ 17.024713951896853, 54.681257308720824, 0.0 ], [ 17.025174411454099, 54.6814704349609, 0.0 ], [ 17.025641777825367, 54.681678452486693, 0.0 ], [ 17.026115887015262, 54.681881285717118, 0.0 ], [ 17.026596562393774, 54.682078863362442, 0.0 ], [ 17.027083635159006, 54.682271112464001, 0.0 ], [ 17.027795912656099, 54.682546542077468, 0.0 ], [ 17.028259233080764, 54.68272244269761, 0.0 ], [ 17.028728174285291, 54.682893269236459, 0.0 ], [ 17.029202572908321, 54.683058964125053, 0.0 ], [ 17.029682261101168, 54.683219466126836, 0.0 ], [ 17.030167070700813, 54.683374720296079, 0.0 ], [ 17.030656827332471, 54.683524671588202, 0.0 ], [ 17.031122590655674, 54.683740952123884, 0.0 ], [ 17.031595509187877, 54.683951956769107, 0.0 ], [ 17.03207540499848, 54.684157608821735, 0.0 ], [ 17.032562097216669, 54.684357827937028, 0.0 ], [ 17.033055403060338, 54.684552540934092, 0.0 ], [ 17.033555136676966, 54.684741673685117, 0.0 ], [ 17.034061110477097, 54.684925155632683, 0.0 ], [ 17.034573133757707, 54.685102916171175, 0.0 ], [ 17.035091013992446, 54.685274890062473, 0.0 ], [ 17.035614557092575, 54.685441012045779, 0.0 ], [ 17.036143564175486, 54.685601219482514, 0.0 ], [ 17.03667783781119, 54.685755451558741, 0.0 ], [ 17.037217175733108, 54.685903650981565, 0.0 ], [ 17.037761377171375, 54.686045761384484, 0.0 ], [ 17.038310234969423, 54.686181729897143, 0.0 ], [ 17.038857936312642, 54.686314013201851, 0.0 ], [ 17.039390431934226, 54.686439279244247, 0.0 ], [ 17.039926843592408, 54.686558807765998, 0.0 ], [ 17.040466986867433, 54.686672557071326, 0.0 ], [ 17.041010677202067, 54.68678048816259, 0.0 ], [ 17.041557728351233, 54.686882564715297, 0.0 ], [ 17.0421079525122, 54.686978750382913, 0.0 ], [ 17.04294237493971, 54.687119740294484, 0.0 ], [ 17.043310839303381, 54.687221540302822, 0.0 ], [ 17.043683158192856, 54.687318520027631, 0.0 ], [ 17.044059142875035, 54.687410632329907, 0.0 ], [ 17.044438603103089, 54.687497829149095, 0.0 ], [ 17.044821349915647, 54.687580067842291, 0.0 ], [ 17.045207188142509, 54.687657305668615, 0.0 ], [ 17.045595923942837, 54.687729504406484, 0.0 ], [ 17.046146001920633, 54.687861555330556, 0.0 ], [ 17.047598717322913, 54.688416744772262, 0.0 ], [ 17.049219031349761, 54.688955799962883, 0.0 ], [ 17.050075860954429, 54.68922129608741, 0.0 ], [ 17.050535880019098, 54.689403717543748, 0.0 ], [ 17.050983827641588, 54.689616873112087, 0.0 ], [ 17.051438894775082, 54.689824909444518, 0.0 ], [ 17.051900905201549, 54.690027745403903, 0.0 ], [ 17.052369684069109, 54.690225303473248, 0.0 ], [ 17.052845050223873, 54.690417507834134, 0.0 ], [ 17.053326820819684, 54.690604285340157, 0.0 ], [ 17.053814814463301, 54.690785564668538, 0.0 ], [ 17.054426446315247, 54.691009257751084, 0.0 ], [ 17.054823247062341, 54.691154275766188, 0.0 ], [ 17.055248342619151, 54.691306798506638, 0.0 ], [ 17.05567801631604, 54.691454955092773, 0.0 ], [ 17.056112133644092, 54.691598700160561, 0.0 ], [ 17.056550561638524, 54.691737988372189, 0.0 ], [ 17.05699316258907, 54.691872776113563, 0.0 ], [ 17.057439800244001, 54.69200302159377, 0.0 ], [ 17.057920625371864, 54.692172982162951, 0.0 ], [ 17.058406779811786, 54.692337778874261, 0.0 ], [ 17.058898098555023, 54.692497354174378, 0.0 ], [ 17.059394416326022, 54.692651655902559, 0.0 ], [ 17.059895561679056, 54.692800630902298, 0.0 ], [ 17.060401366175615, 54.692944227865745, 0.0 ], [ 17.061964277448677, 54.693378507477199, 0.0 ], [ 17.062084120112587, 54.693413210183394, 0.0 ], [ 17.063185355707606, 54.693716571760454, 0.0 ], [ 17.064890198458805, 54.694127685082833, 0.0 ], [ 17.065845651157375, 54.694338981471368, 0.0 ], [ 17.066644063348161, 54.694565781193234, 0.0 ], [ 17.067975962253584, 54.694885125851705, 0.0 ], [ 17.068445568085441, 54.695033137645233, 0.0 ], [ 17.068920071998441, 54.695175815607342, 0.0 ], [ 17.069399290115452, 54.69531310640096, 0.0 ], [ 17.069883040058954, 54.695444957614363, 0.0 ], [ 17.070371140865955, 54.695571319558233, 0.0 ], [ 17.07086340536064, 54.695692142446859, 0.0 ], [ 17.071388495779757, 54.695847200346783, 0.0 ], [ 17.071918907377366, 54.695996061114265, 0.0 ], [ 17.072454422393061, 54.696138664572175, 0.0 ], [ 17.072994818401821, 54.696274950472358, 0.0 ], [ 17.073539875814593, 54.696404864009978, 0.0 ], [ 17.07408936882727, 54.696528350284879, 0.0 ], [ 17.074643072878953, 54.696645360714221, 0.0 ], [ 17.074928467077662, 54.696726925237535, 0.0 ], [ 17.07589420040199, 54.696991052792853, 0.0 ], [ 17.076881329055059, 54.697248996160944, 0.0 ], [ 17.077930286107101, 54.697544154991341, 0.0 ], [ 17.078711569147401, 54.697756262167303, 0.0 ], [ 17.080602533542496, 54.698251152315223, 0.0 ], [ 17.081021098621441, 54.698380856772566, 0.0 ], [ 17.081125287815929, 54.69841299429693, 0.0 ], [ 17.082872593151755, 54.698909478268988, 0.0 ], [ 17.085499683191326, 54.699597558492322, 0.0 ], [ 17.086098462534814, 54.699761658806821, 0.0 ], [ 17.086503955466011, 54.699872871869388, 0.0 ], [ 17.087614741780083, 54.700193791733518, 0.0 ], [ 17.088737219874133, 54.700501971578021, 0.0 ], [ 17.089775170783454, 54.700771497499595, 0.0 ], [ 17.090455421075653, 54.700961656282303, 0.0 ], [ 17.091709584621714, 54.701310942091588, 0.0 ], [ 17.092913861439285, 54.701656960614237, 0.0 ], [ 17.09301161920909, 54.701684923408003, 0.0 ], [ 17.094412893870651, 54.702083974912732, 0.0 ], [ 17.094543583401652, 54.702120971705412, 0.0 ], [ 17.096921281192135, 54.702790032548315, 0.0 ], [ 17.09859188841066, 54.703296489026201, 0.0 ], [ 17.098706331015034, 54.703331006398301, 0.0 ], [ 17.099631024461253, 54.703608487081723, 0.0 ], [ 17.099918361627683, 54.703693614317622, 0.0 ], [ 17.101069166935208, 54.704030183938677, 0.0 ], [ 17.102158623001117, 54.704364002297453, 0.0 ], [ 17.10343403445076, 54.704733321485371, 0.0 ], [ 17.104564049314906, 54.705041941635997, 0.0 ], [ 17.105620264285815, 54.705346731538725, 0.0 ], [ 17.106724641175877, 54.705649834246664, 0.0 ], [ 17.108469395650932, 54.706103654144393, 0.0 ], [ 17.109379802966306, 54.70635684062659, 0.0 ], [ 17.110154453914035, 54.706578311348579, 0.0 ], [ 17.111109227566292, 54.706873687005199, 0.0 ], [ 17.111611815109793, 54.707025712245859, 0.0 ], [ 17.112119202431781, 54.707172296754294, 0.0 ], [ 17.112631214710902, 54.707313390095742, 0.0 ], [ 17.113147672462137, 54.707448941765364, 0.0 ], [ 17.113922594659499, 54.707697960089355, 0.0 ], [ 17.11531089231643, 54.70812395050821, 0.0 ], [ 17.117084296847146, 54.70862673145934, 0.0 ], [ 17.11756086895808, 54.708748219610627, 0.0 ], [ 17.118008922787411, 54.708888869115142, 0.0 ], [ 17.118461302322817, 54.709024798100764, 0.0 ], [ 17.118917862079876, 54.709155960205337, 0.0 ], [ 17.119378448642372, 54.709282312541745, 0.0 ], [ 17.119842914669366, 54.709403815016593, 0.0 ], [ 17.120311106606586, 54.709520427441952, 0.0 ], [ 17.121253505097755, 54.709752133319647, 0.0 ], [ 17.122203026918584, 54.710007408164898, 0.0 ], [ 17.122521118832548, 54.710091666395599, 0.0 ], [ 17.123508646256383, 54.710334175887589, 0.0 ], [ 17.123620345448462, 54.710369186139012, 0.0 ], [ 17.125207877311734, 54.710974113622484, 0.0 ], [ 17.126876276172901, 54.711526365182237, 0.0 ], [ 17.127819273914341, 54.711816445780954, 0.0 ], [ 17.128696165438299, 54.712108098441846, 0.0 ], [ 17.129637246688254, 54.712408666389152, 0.0 ], [ 17.131303301715246, 54.712882823475944, 0.0 ], [ 17.134129794662641, 54.713627271747164, 0.0 ], [ 17.134691941229054, 54.713771451062051, 0.0 ], [ 17.135258912810471, 54.713909154635481, 0.0 ], [ 17.13583048647244, 54.714040328622481, 0.0 ], [ 17.136406439228757, 54.714164920080059, 0.0 ], [ 17.137274493539429, 54.714495202861137, 0.0 ], [ 17.137675559301982, 54.714647490124619, 0.0 ], [ 17.138001514180448, 54.714769671578509, 0.0 ], [ 17.138777102799214, 54.715060447144332, 0.0 ], [ 17.138896618153812, 54.715104057928016, 0.0 ], [ 17.139898206294387, 54.715540000046836, 0.0 ], [ 17.140747512133721, 54.715874241366464, 0.0 ], [ 17.141962044401026, 54.716335382572666, 0.0 ], [ 17.142758880761075, 54.71662799175467, 0.0 ], [ 17.143013900087407, 54.716717547790729, 0.0 ], [ 17.144456704008586, 54.717218730360671, 0.0 ], [ 17.145431762732976, 54.717543655965578, 0.0 ], [ 17.145657414450728, 54.717615730505976, 0.0 ], [ 17.147099576619873, 54.718176805007822, 0.0 ], [ 17.147566606731456, 54.71835589604666, 0.0 ], [ 17.148039441889949, 54.71852981056044, 0.0 ], [ 17.148517907717142, 54.718698487376443, 0.0 ], [ 17.14900183149954, 54.718861862652112, 0.0 ], [ 17.149491040185971, 54.719019879734745, 0.0 ], [ 17.14998535614108, 54.719172480105492, 0.0 ], [ 17.150484598411026, 54.719319609692818, 0.0 ], [ 17.150988587625605, 54.719461213552599, 0.0 ], [ 17.151497141096655, 54.71959724118814, 0.0 ], [ 17.152010076086306, 54.719727643003715, 0.0 ], [ 17.152527205028143, 54.719852372929068, 0.0 ], [ 17.153195834799664, 54.720085093997199, 0.0 ], [ 17.153720790891519, 54.720263770359232, 0.0 ], [ 17.15425170258132, 54.720436451731665, 0.0 ], [ 17.154788367726688, 54.720603071123769, 0.0 ], [ 17.155330577882843, 54.720763563250024, 0.0 ], [ 17.155878124348266, 54.720917868218621, 0.0 ], [ 17.156430796857837, 54.721065926117092, 0.0 ], [ 17.156988383460654, 54.721207679707938, 0.0 ], [ 17.157550667456924, 54.721343073483041, 0.0 ], [ 17.15930012345363, 54.721752706309758, 0.0 ], [ 17.161003823095815, 54.722243497469627, 0.0 ], [ 17.161562404019673, 54.722400389389747, 0.0 ], [ 17.162126297295895, 54.722550784079424, 0.0 ], [ 17.162695273992398, 54.722694621352609, 0.0 ], [ 17.163269111333719, 54.722831842019424, 0.0 ], [ 17.163847575423585, 54.722962392119747, 0.0 ], [ 17.164430436889795, 54.723086220463379, 0.0 ], [ 17.164758621945701, 54.723153794753458, 0.0 ], [ 17.165306822528212, 54.723369229957619, 0.0 ], [ 17.165753426122315, 54.723595017712853, 0.0 ], [ 17.166207619745883, 54.723815677716296, 0.0 ], [ 17.166669225507636, 54.72403112357604, 0.0 ], [ 17.167138065381206, 54.724241271596789, 0.0 ], [ 17.167613959571849, 54.724446042553645, 0.0 ], [ 17.168096722184178, 54.724645354433854, 0.0 ], [ 17.168586168537733, 54.724839132437737, 0.0 ], [ 17.169082106258756, 54.725027299853082, 0.0 ], [ 17.169584345822326, 54.7252097854076, 0.0 ], [ 17.170092693074672, 54.725386516862173, 0.0 ], [ 17.170606948990216, 54.725557426402098, 0.0 ], [ 17.171126917555185, 54.725722448058903, 0.0 ], [ 17.171652394860889, 54.725881518444972, 0.0 ], [ 17.173103819931541, 54.726312608380454, 0.0 ], [ 17.174542637494458, 54.726713230550914, 0.0 ], [ 17.176180423557181, 54.72710390731563, 0.0 ], [ 17.176721310647622, 54.727305300387847, 0.0 ], [ 17.177325972054376, 54.727519918227138, 0.0 ], [ 17.177489515303584, 54.727584893710691, 0.0 ], [ 17.177674588417954, 54.727658431128667, 0.0 ], [ 17.178533804147218, 54.727987826899231, 0.0 ], [ 17.180155065915059, 54.728587178556872, 0.0 ], [ 17.180652390146157, 54.728767218561437, 0.0 ], [ 17.182312807027536, 54.729315806787838, 0.0 ], [ 17.182672019954314, 54.72942973860274, 0.0 ], [ 17.184269602031481, 54.730125637484633, 0.0 ], [ 17.184810173696874, 54.730340757885003, 0.0 ], [ 17.186095951238414, 54.730840923314084, 0.0 ], [ 17.187202815290942, 54.731252055120216, 0.0 ], [ 17.188443834194004, 54.731669310168073, 0.0 ], [ 17.189767283962269, 54.732090897736306, 0.0 ], [ 17.190239090107653, 54.732238130983525, 0.0 ], [ 17.190591029700489, 54.732344041620145, 0.0 ], [ 17.192018209133568, 54.732766835071729, 0.0 ], [ 17.192449978842212, 54.732891341888902, 0.0 ], [ 17.193836994226086, 54.733414390182759, 0.0 ], [ 17.194605338770128, 54.733732696433229, 0.0 ], [ 17.195030915389829, 54.733905897626926, 0.0 ], [ 17.195461448529116, 54.734074948002714, 0.0 ], [ 17.19589681900494, 54.734239800779925, 0.0 ], [ 17.196336901376426, 54.73440040998512, 0.0 ], [ 17.196781574853894, 54.73455672971528, 0.0 ], [ 17.199245332281269, 54.735406521487121, 0.0 ], [ 17.200372584685933, 54.73590502197073, 0.0 ], [ 17.201291815469784, 54.736296251427888, 0.0 ], [ 17.202632608600737, 54.736845206406372, 0.0 ], [ 17.202711290539092, 54.736877313577104, 0.0 ], [ 17.203584497166151, 54.737219797827322, 0.0 ], [ 17.204181904246646, 54.737445633397925, 0.0 ], [ 17.20425656603917, 54.737473866919942, 0.0 ], [ 17.206154395379357, 54.738271589069001, 0.0 ], [ 17.206549006210736, 54.738434742376334, 0.0 ], [ 17.207071396451777, 54.738642603664736, 0.0 ], [ 17.208070230573405, 54.739031406387745, 0.0 ], [ 17.208685100144628, 54.739298088736177, 0.0 ], [ 17.209455726228473, 54.739621764023468, 0.0 ], [ 17.210647601014433, 54.740082991423719, 0.0 ], [ 17.211915863605956, 54.740549614099791, 0.0 ], [ 17.212403694052366, 54.740725445984886, 0.0 ], [ 17.212897066821998, 54.740896025926325, 0.0 ], [ 17.213395811945556, 54.74106129381093, 0.0 ], [ 17.213899760838544, 54.741221193144376, 0.0 ], [ 17.214408738576125, 54.741375670038444, 0.0 ], [ 17.21492257329049, 54.741524671551417, 0.0 ], [ 17.215441086852959, 54.74166814555084, 0.0 ], [ 17.215964102481276, 54.741806044422113, 0.0 ], [ 17.21680528852394, 54.742022410701082, 0.0 ], [ 17.218279302844316, 54.742488767511681, 0.0 ], [ 17.219602411329227, 54.742931677868448, 0.0 ], [ 17.219894674975755, 54.743024023043517, 0.0 ], [ 17.220577322101416, 54.743239497793148, 0.0 ], [ 17.224846507990986, 54.744595089584422, 0.0 ], [ 17.225905397253808, 54.744964133358827, 0.0 ], [ 17.227441783582915, 54.745465741958562, 0.0 ], [ 17.229253275090677, 54.745975775968446, 0.0 ], [ 17.230711915350199, 54.746351765406452, 0.0 ], [ 17.232457314725124, 54.746765342395207, 0.0 ], [ 17.234291920954789, 54.747124890844439, 0.0 ], [ 17.234990314078299, 54.747321826702567, 0.0 ], [ 17.235532701748419, 54.747459053468923, 0.0 ], [ 17.237150662452837, 54.747857771388524, 0.0 ], [ 17.238629878767682, 54.74821957001317, 0.0 ], [ 17.239832734076334, 54.748496784817185, 0.0 ], [ 17.240679065504473, 54.748672070202367, 0.0 ], [ 17.241741049475198, 54.748882035930805, 0.0 ], [ 17.245150713320591, 54.749630768185199, 0.0 ], [ 17.245678176068239, 54.749743459408002, 0.0 ], [ 17.246209090013171, 54.749850594204666, 0.0 ], [ 17.246743277689106, 54.749952138497363, 0.0 ], [ 17.247280566322342, 54.750048057379807, 0.0 ], [ 17.247820776686588, 54.750138321249928, 0.0 ], [ 17.248363729627407, 54.750222898711456, 0.0 ], [ 17.248909250489689, 54.750301762032542, 0.0 ], [ 17.249457155176614, 54.750374886045257, 0.0 ], [ 17.250007265761226, 54.75044224657303, 0.0 ], [ 17.25055939961311, 54.750503820273657, 0.0 ], [ 17.251609091764223, 54.750746802091982, 0.0 ], [ 17.251702169140856, 54.750768245968032, 0.0 ], [ 17.252080634880862, 54.750855031957848, 0.0 ], [ 17.252612261687297, 54.750973685842737, 0.0 ], [ 17.253147562668161, 54.751086679294104, 0.0 ], [ 17.25368635739126, 54.751193974601982, 0.0 ], [ 17.254228466893416, 54.751295535878675, 0.0 ], [ 17.254773705991138, 54.751391327149825, 0.0 ], [ 17.255321893884183, 54.751481318800963, 0.0 ], [ 17.255872843668588, 54.751565478435616, 0.0 ], [ 17.256426369794863, 54.751643778175421, 0.0 ], [ 17.256982288145817, 54.751716192863128, 0.0 ], [ 17.257540409977565, 54.751782696379145, 0.0 ], [ 17.259183272552068, 54.751969373117753, 0.0 ], [ 17.259360613543194, 54.751989213798787, 0.0 ], [ 17.265373487592957, 54.752651267668398, 0.0 ], [ 17.266001792986525, 54.752716569194327, 0.0 ], [ 17.266515379149293, 54.752764248056401, 0.0 ], [ 17.27029131069601, 54.753095995175507, 0.0 ], [ 17.271154483258027, 54.753164669363727, 0.0 ], [ 17.274300996903719, 54.75338900879315, 0.0 ], [ 17.274878276073, 54.753426994265922, 0.0 ], [ 17.275234885003364, 54.753445065130798, 0.0 ], [ 17.276603421185627, 54.753743810887883, 0.0 ], [ 17.277105154006687, 54.753942174913128, 0.0 ], [ 17.277613514430183, 54.754134812087209, 0.0 ], [ 17.278128311195861, 54.754321647685593, 0.0 ], [ 17.27864934196495, 54.754502611324185, 0.0 ], [ 17.279176409046624, 54.754677632687446, 0.0 ], [ 17.279709309962513, 54.754846644091714, 0.0 ], [ 17.280247837447021, 54.755009580485506, 0.0 ], [ 17.280791788730923, 54.755166380480389, 0.0 ], [ 17.28134095015842, 54.755316982536534, 0.0 ], [ 17.281895114086318, 54.755461329698001, 0.0 ], [ 17.282454066646171, 54.755599364923917, 0.0 ], [ 17.283017590585359, 54.755731037422485, 0.0 ], [ 17.283585473378064, 54.755856294674189, 0.0 ], [ 17.284157492976771, 54.755975088523748, 0.0 ], [ 17.284733431833381, 54.756087374479684, 0.0 ], [ 17.285313067692062, 54.756193108886805, 0.0 ], [ 17.285896178174426, 54.7562922507894, 0.0 ], [ 17.286482537634857, 54.756384762785835, 0.0 ], [ 17.28707192197378, 54.75647060750056, 0.0 ], [ 17.287664103673571, 54.756549754706477, 0.0 ], [ 17.288258856877473, 54.756622171507018, 0.0 ], [ 17.288855950796101, 54.756687831233826, 0.0 ], [ 17.290705877535721, 54.756880690554951, 0.0 ], [ 17.292452191734171, 54.757078841673838, 0.0 ], [ 17.292613753571167, 54.757096916060931, 0.0 ], [ 17.293600825045111, 54.757205768746246, 0.0 ], [ 17.294551466540629, 54.757348191476709, 0.0 ], [ 17.296481331487616, 54.7576390441792, 0.0 ], [ 17.297081883135249, 54.757725863521529, 0.0 ], [ 17.297685307542036, 54.757805746030094, 0.0 ], [ 17.298291364799105, 54.757878659527186, 0.0 ], [ 17.298899816393934, 54.757944575455653, 0.0 ], [ 17.299510417480164, 54.758003467871468, 0.0 ], [ 17.301487368529994, 54.75818244015516, 0.0 ], [ 17.302071049329012, 54.758232111807466, 0.0 ], [ 17.302656267465938, 54.758275319793285, 0.0 ], [ 17.303242807149964, 54.758312050284182, 0.0 ], [ 17.30383045417847, 54.758342288579001, 0.0 ], [ 17.304418994158254, 54.758366024473411, 0.0 ], [ 17.305008212656375, 54.758383248665758, 0.0 ], [ 17.305597891980547, 54.758393955409282, 0.0 ], [ 17.306187817507119, 54.758398139903385, 0.0 ], [ 17.306777772907893, 54.758395800924191, 0.0 ], [ 17.307367544849335, 54.75838693999097, 0.0 ], [ 17.307956915299492, 54.758371559460684, 0.0 ], [ 17.308545669184564, 54.758349665332098, 0.0 ], [ 17.309133591319597, 54.758321266303774, 0.0 ], [ 17.309616285403472, 54.758446893306605, 0.0 ], [ 17.310103226914656, 54.758566916056196, 0.0 ], [ 17.310594221865312, 54.75868128504834, 0.0 ], [ 17.311089071373758, 54.758789956107869, 0.0 ], [ 17.31158758124926, 54.758892884228814, 0.0 ], [ 17.313512205883029, 54.759286508449179, 0.0 ], [ 17.314325227484307, 54.759445508196109, 0.0 ], [ 17.315361643303788, 54.759639008894659, 0.0 ], [ 17.317399597411651, 54.760035878527667, 0.0 ], [ 17.318128810013508, 54.76017061489101, 0.0 ], [ 17.319014040995981, 54.760487305096021, 0.0 ], [ 17.319184489422714, 54.760547843245526, 0.0 ], [ 17.319726215517356, 54.760725478886911, 0.0 ], [ 17.320049029060826, 54.760864387331175, 0.0 ], [ 17.321733682777708, 54.761500734004606, 0.0 ], [ 17.322399895028276, 54.761734310615616, 0.0 ], [ 17.324048158334797, 54.762273096498966, 0.0 ], [ 17.32466848474721, 54.76245658255764, 0.0 ], [ 17.326107107695055, 54.762870396139014, 0.0 ], [ 17.327261109733605, 54.763185405670967, 0.0 ], [ 17.328598200077334, 54.763509003411841, 0.0 ], [ 17.328807965361261, 54.763563664650327, 0.0 ], [ 17.328890034552526, 54.763584968062951, 0.0 ], [ 17.329590761318773, 54.763750932778528, 0.0 ], [ 17.32997780990388, 54.763863974044895, 0.0 ], [ 17.331175855031827, 54.764203267218434, 0.0 ], [ 17.332160243247159, 54.764469803561447, 0.0 ], [ 17.332660548587505, 54.764596110342161, 0.0 ], [ 17.333451447149542, 54.764791012373784, 0.0 ], [ 17.334776752526572, 54.76509700645282, 0.0 ], [ 17.336076334933146, 54.765358432741522, 0.0 ], [ 17.336249509837582, 54.765390801590208, 0.0 ], [ 17.336886692707019, 54.765530855919124, 0.0 ], [ 17.337071479022651, 54.765571083370638, 0.0 ], [ 17.337702467278845, 54.765702660081175, 0.0 ], [ 17.338444431680195, 54.765852161977293, 0.0 ], [ 17.339682887295794, 54.766084990694438, 0.0 ], [ 17.34134212913311, 54.766346108081393, 0.0 ], [ 17.343113592716641, 54.76659464818993, 0.0 ], [ 17.343265751387925, 54.766621179743524, 0.0 ], [ 17.343676820450316, 54.766686133022262, 0.0 ], [ 17.344829616370198, 54.766910778296293, 0.0 ], [ 17.34661863438572, 54.767189848292077, 0.0 ], [ 17.347747001036495, 54.767345147727404, 0.0 ], [ 17.347863747557202, 54.767361077391506, 0.0 ], [ 17.348053282527765, 54.767386354341959, 0.0 ], [ 17.349217588897698, 54.767539407132517, 0.0 ], [ 17.35044998127875, 54.767686299020106, 0.0 ], [ 17.351292888844164, 54.767776518727423, 0.0 ], [ 17.351805299113629, 54.767828800812332, 0.0 ], [ 17.353789383812693, 54.767983536424815, 0.0 ], [ 17.355184181817002, 54.768065215971056, 0.0 ], [ 17.356673465384276, 54.768158556515559, 0.0 ], [ 17.356966503663337, 54.768181191276206, 0.0 ], [ 17.358028654265752, 54.768304369032265, 0.0 ], [ 17.359177520020697, 54.76839423217541, 0.0 ], [ 17.359758253425042, 54.76846156965059, 0.0 ], [ 17.361724211138696, 54.768615105402915, 0.0 ], [ 17.362642776497609, 54.768669459930166, 0.0 ], [ 17.364196514633193, 54.768790927576333, 0.0 ], [ 17.364796212111536, 54.768815557973056, 0.0 ], [ 17.365705935472715, 54.768881036253596, 0.0 ], [ 17.367717113328837, 54.768962164929135, 0.0 ], [ 17.369451591036675, 54.769031907573158, 0.0 ], [ 17.370143896551895, 54.769041535444416, 0.0 ], [ 17.370233655662791, 54.769046843131775, 0.0 ], [ 17.37140500732993, 54.769114730215144, 0.0 ], [ 17.372611506759952, 54.769163278294542, 0.0 ], [ 17.373008357923521, 54.769194735592599, 0.0 ], [ 17.374116620076691, 54.76928974525957, 0.0 ], [ 17.374320788908943, 54.7693055661111, 0.0 ], [ 17.374782139080168, 54.769361706450617, 0.0 ], [ 17.375245411814369, 54.769412276785268, 0.0 ], [ 17.375710407119517, 54.769457257333848, 0.0 ], [ 17.376176921927762, 54.769496627377855, 0.0 ], [ 17.376644756132631, 54.769530369837817, 0.0 ], [ 17.37711370330015, 54.769558470249827, 0.0 ], [ 17.377583563103016, 54.769580916931986, 0.0 ], [ 17.379548004155598, 54.769734524671115, 0.0 ], [ 17.380071440456966, 54.769755956657733, 0.0 ], [ 17.38087574334633, 54.769820304775195, 0.0 ], [ 17.381819921226064, 54.769880103413776, 0.0 ], [ 17.382404777660849, 54.769913847372187, 0.0 ], [ 17.382990661458415, 54.769940999460758, 0.0 ], [ 17.383577348848121, 54.769961548592768, 0.0 ], [ 17.384164615913967, 54.769975487280185, 0.0 ], [ 17.384752243293732, 54.769982810797124, 0.0 ], [ 17.384879559351624, 54.769988431547318, 0.0 ], [ 17.385820295452437, 54.770019764252005, 0.0 ], [ 17.386311149961006, 54.770058043544601, 0.0 ], [ 17.386725587661445, 54.770078820093069, 0.0 ], [ 17.387507985473938, 54.770139828966485, 0.0 ], [ 17.387755097623803, 54.770149930650987, 0.0 ], [ 17.388168763700946, 54.77021166868186, 0.0 ], [ 17.388584863967093, 54.770267673727254, 0.0 ], [ 17.389003161598602, 54.770317913847805, 0.0 ], [ 17.389423416551718, 54.770362359761656, 0.0 ], [ 17.38984539015431, 54.770400986703834, 0.0 ], [ 17.390268838996594, 54.770433771647781, 0.0 ], [ 17.390726758968025, 54.770488519893192, 0.0 ], [ 17.391186660800777, 54.770537402916972, 0.0 ], [ 17.391648318164791, 54.770580397917342, 0.0 ], [ 17.392111509317793, 54.770617483954901, 0.0 ], [ 17.392576003081736, 54.77064864266567, 0.0 ], [ 17.39304157594017, 54.770673858487889, 0.0 ], [ 17.394188398776596, 54.770763072348174, 0.0 ], [ 17.395461915152108, 54.770838220470893, 0.0 ], [ 17.397414390845036, 54.770917604243373, 0.0 ], [ 17.398560594496967, 54.770922225940055, 0.0 ], [ 17.398696115493443, 54.770926302388041, 0.0 ], [ 17.39967722289223, 54.770930248727623, 0.0 ], [ 17.400052945865614, 54.770942275650363, 0.0 ], [ 17.401017059259047, 54.770946464381822, 0.0 ], [ 17.403004593980526, 54.770954733939988, 0.0 ], [ 17.404397254380523, 54.770909134574325, 0.0 ], [ 17.405349208507623, 54.770929269774136, 0.0 ], [ 17.407007915447878, 54.770938737787084, 0.0 ], [ 17.407277153614714, 54.770936119444158, 0.0 ], [ 17.408017290714533, 54.770989147530791, 0.0 ], [ 17.408376886855869, 54.771009212838486, 0.0 ], [ 17.408540323937832, 54.771017778479226, 0.0 ], [ 17.409176657141536, 54.771083474482268, 0.0 ], [ 17.410625797758104, 54.77123291966226, 0.0 ], [ 17.410759719063083, 54.771246554637415, 0.0 ], [ 17.411625785867081, 54.771333601937819, 0.0 ], [ 17.412130334058226, 54.771396654775884, 0.0 ], [ 17.413395806067122, 54.771538982519267, 0.0 ], [ 17.414834016992213, 54.771682900093872, 0.0 ], [ 17.414934597895765, 54.771693668149361, 0.0 ], [ 17.415615025211636, 54.771784191862672, 0.0 ], [ 17.417468850139262, 54.77199673177072, 0.0 ], [ 17.417858510594119, 54.772032858708755, 0.0 ], [ 17.419029658518358, 54.772137029243936, 0.0 ], [ 17.419578718798455, 54.772181805690977, 0.0 ], [ 17.420858267904237, 54.772320325019805, 0.0 ], [ 17.421883577423181, 54.772417858053267, 0.0 ], [ 17.423374768021581, 54.772538299867414, 0.0 ], [ 17.423477592887938, 54.77254514130523, 0.0 ], [ 17.424005123316682, 54.772602225316199, 0.0 ], [ 17.424688825153169, 54.772672401897978, 0.0 ], [ 17.425242821442414, 54.772726281926985, 0.0 ], [ 17.425798411210803, 54.772774365880309, 0.0 ], [ 17.426355414511768, 54.772816636119138, 0.0 ], [ 17.426913648112485, 54.772853079460589, 0.0 ], [ 17.42747293181661, 54.772883684562615, 0.0 ], [ 17.428033080727545, 54.772908440924567, 0.0 ], [ 17.429387533426461, 54.77306409558738, 0.0 ], [ 17.43035021793391, 54.773147941460763, 0.0 ], [ 17.431764865197685, 54.77325807386719, 0.0 ], [ 17.432757844363532, 54.773325991414438, 0.0 ], [ 17.432948085557708, 54.773336870790331, 0.0 ], [ 17.434749535490322, 54.773436647568246, 0.0 ], [ 17.435302476875457, 54.773464460826588, 0.0 ], [ 17.43585619852534, 54.773486499781086, 0.0 ], [ 17.43641051702712, 54.773502755764952, 0.0 ], [ 17.436965253456496, 54.773513224667823, 0.0 ], [ 17.437520225779398, 54.773517902342569, 0.0 ], [ 17.438075254966044, 54.773516787381247, 0.0 ], [ 17.438630158808358, 54.773509880136309, 0.0 ], [ 17.439638772961228, 54.773518938266598, 0.0 ], [ 17.441192307552125, 54.773585608950818, 0.0 ], [ 17.441351950522819, 54.773590139130675, 0.0 ], [ 17.441958534732585, 54.773622769418928, 0.0 ], [ 17.442512909275685, 54.77364992982934, 0.0 ], [ 17.443068062521423, 54.773671127061426, 0.0 ], [ 17.443623801684872, 54.773686353238112, 0.0 ], [ 17.444179935465186, 54.773695602303043, 0.0 ], [ 17.444736269279211, 54.77369887265656, 0.0 ], [ 17.445292613275541, 54.773696160965081, 0.0 ], [ 17.445848772663503, 54.7736874710276, 0.0 ], [ 17.44640455745391, 54.773672803112021, 0.0 ], [ 17.446599962186696, 54.773682137640485, 0.0 ], [ 17.447812915687408, 54.773726657073041, 0.0 ], [ 17.448601642238323, 54.773749790910706, 0.0 ], [ 17.449434212146663, 54.77375588465658, 0.0 ], [ 17.449554926853594, 54.77376082433387, 0.0 ], [ 17.449658748990291, 54.773767434202803, 0.0 ], [ 17.449913986296586, 54.773783068981167, 0.0 ], [ 17.451383798678261, 54.773849238470476, 0.0 ], [ 17.452264578589638, 54.773876757565453, 0.0 ], [ 17.452763218511159, 54.773890014794546, 0.0 ], [ 17.453111094191993, 54.773894040789436, 0.0 ], [ 17.45422476631261, 54.774002484155943, 0.0 ], [ 17.456212067016352, 54.774156907208095, 0.0 ], [ 17.457280973157133, 54.774208514105261, 0.0 ], [ 17.457731716282709, 54.774240825589111, 0.0 ], [ 17.458582962308149, 54.77428993923629, 0.0 ], [ 17.459163265197464, 54.77432025682554, 0.0 ], [ 17.459744451067152, 54.774344261595253, 0.0 ], [ 17.460326316218005, 54.774361945554659, 0.0 ], [ 17.460908653806122, 54.774373301575949, 0.0 ], [ 17.46149125684995, 54.774378326129806, 0.0 ], [ 17.462073921407878, 54.774377017527478, 0.0 ], [ 17.462656440360909, 54.774369375841957, 0.0 ], [ 17.463238608008325, 54.774355404764343, 0.0 ], [ 17.463820217095599, 54.774335107970096, 0.0 ], [ 17.464401063341896, 54.774308492772334, 0.0 ], [ 17.465134141792898, 54.774351908945214, 0.0 ], [ 17.466749070459773, 54.774446545002611, 0.0 ], [ 17.468115613749038, 54.774539647522282, 0.0 ], [ 17.468574954357649, 54.774575016550436, 0.0 ], [ 17.469088365421072, 54.774637457052599, 0.0 ], [ 17.470394000770522, 54.774779471912446, 0.0 ], [ 17.471163557167891, 54.774838932557792, 0.0 ], [ 17.471620593966119, 54.774889731865713, 0.0 ], [ 17.471783320454996, 54.774907558663998, 0.0 ], [ 17.473503675064862, 54.775093269568075, 0.0 ], [ 17.475085317227546, 54.775270962043216, 0.0 ], [ 17.476341849593009, 54.775418863768117, 0.0 ], [ 17.477817349896299, 54.775610595108539, 0.0 ], [ 17.479470568512589, 54.775836145972477, 0.0 ], [ 17.479585968341304, 54.775851755206901, 0.0 ], [ 17.48055156095592, 54.77597192816409, 0.0 ], [ 17.481079570767786, 54.77603258284887, 0.0 ], [ 17.481384825137937, 54.776083563580414, 0.0 ], [ 17.481689084423312, 54.776151414356853, 0.0 ], [ 17.482076836604712, 54.776236170227918, 0.0 ], [ 17.483058442852286, 54.776435683097475, 0.0 ], [ 17.484465393133899, 54.776706429274306, 0.0 ], [ 17.485355066879666, 54.776869094186793, 0.0 ], [ 17.485730415370423, 54.776932670801216, 0.0 ], [ 17.485986048721056, 54.776974962240601, 0.0 ], [ 17.487073461234484, 54.77727858541683, 0.0 ], [ 17.488641457800572, 54.777652169983298, 0.0 ], [ 17.489929586960443, 54.777935557865284, 0.0 ], [ 17.490189459875594, 54.777991960571235, 0.0 ], [ 17.491292179802905, 54.778205307868163, 0.0 ], [ 17.492064342968227, 54.778400633551705, 0.0 ], [ 17.49373118339231, 54.778789479229339, 0.0 ], [ 17.49521314276971, 54.779082396911122, 0.0 ], [ 17.496076334160009, 54.779239084409667, 0.0 ], [ 17.49772351553948, 54.779539445166741, 0.0 ], [ 17.498187425881696, 54.779621435754741, 0.0 ], [ 17.499069193394764, 54.779864920861201, 0.0 ], [ 17.499256969561831, 54.779913760754191, 0.0 ], [ 17.499802425387198, 54.780052014765133, 0.0 ], [ 17.500352366498884, 54.780184203725767, 0.0 ], [ 17.50090658761366, 54.780310279188527, 0.0 ], [ 17.501464889591531, 54.780430194583154, 0.0 ], [ 17.502027063855689, 54.780543905923238, 0.0 ], [ 17.502592906418606, 54.780651371080623, 0.0 ], [ 17.503162206966195, 54.780752550549828, 0.0 ], [ 17.503734758153389, 54.780847408461746, 0.0 ], [ 17.504310351073222, 54.780935908931731, 0.0 ], [ 17.504888772014962, 54.78101801961585, 0.0 ], [ 17.505628491655219, 54.781118692107064, 0.0 ], [ 17.505739600520787, 54.781133688495835, 0.0 ], [ 17.506139993183023, 54.781179598232406, 0.0 ], [ 17.506922484111396, 54.781296710693759, 0.0 ], [ 17.508565136652198, 54.781489758580996, 0.0 ], [ 17.508719293840858, 54.781505386650686, 0.0 ], [ 17.509311217280548, 54.78156187455297, 0.0 ], [ 17.509905037848341, 54.781611271403904, 0.0 ], [ 17.510500499329726, 54.781653556949948, 0.0 ], [ 17.511097347027718, 54.781688711860177, 0.0 ], [ 17.511695326010578, 54.781716723099059, 0.0 ], [ 17.51229418137666, 54.781737576737427, 0.0 ], [ 17.513517792057748, 54.781813267144905, 0.0 ], [ 17.513936834409847, 54.781843907886184, 0.0 ], [ 17.514957490793023, 54.78196086293503, 0.0 ], [ 17.51585854414677, 54.782030135275342, 0.0 ], [ 17.516314181821301, 54.782122382013036, 0.0 ], [ 17.516772837412507, 54.782209492616047, 0.0 ], [ 17.517234337746281, 54.782291434367124, 0.0 ], [ 17.51769850653368, 54.782368174513451, 0.0 ], [ 17.518165170393239, 54.78243968573446, 0.0 ], [ 17.518634151274515, 54.782505940655128, 0.0 ], [ 17.519105272579001, 54.782566914617959, 0.0 ], [ 17.51924770218918, 54.78259363044473, 0.0 ], [ 17.519785165692063, 54.782691338222989, 0.0 ], [ 17.520325606658631, 54.782783401553345, 0.0 ], [ 17.520868845573954, 54.782869789439353, 0.0 ], [ 17.521414705928706, 54.782950473621312, 0.0 ], [ 17.521963006478238, 54.783025427583034, 0.0 ], [ 17.522328804924847, 54.783073413641603, 0.0 ], [ 17.522813285250365, 54.783171026241867, 0.0 ], [ 17.523301079554265, 54.783262962906392, 0.0 ], [ 17.523791988356379, 54.783349186106477, 0.0 ], [ 17.524285812137531, 54.783429659215074, 0.0 ], [ 17.524782348066505, 54.783504350962062, 0.0 ], [ 17.525281394861505, 54.783573230099407, 0.0 ], [ 17.525782747994985, 54.783636268938892, 0.0 ], [ 17.526344785551114, 54.783706473716514, 0.0 ], [ 17.526900303751351, 54.783773179450968, 0.0 ], [ 17.527457976897473, 54.783833584914873, 0.0 ], [ 17.528017590885387, 54.783887667703432, 0.0 ], [ 17.528578929986494, 54.783935407194122, 0.0 ], [ 17.529141779957865, 54.783976784584404, 0.0 ], [ 17.52970592490033, 54.784011783752767, 0.0 ], [ 17.530271147259036, 54.784040391258657, 0.0 ], [ 17.53068428156163, 54.784118878861676, 0.0 ], [ 17.531100294385226, 54.784192111729766, 0.0 ], [ 17.531518987795941, 54.784260053274842, 0.0 ], [ 17.531940158994793, 54.784322672246795, 0.0 ], [ 17.532363605178169, 54.784379937398128, 0.0 ], [ 17.532789123375359, 54.784431821977265, 0.0 ], [ 17.533216509024324, 54.784478300115161, 0.0 ], [ 17.533590052090506, 54.784522674884421, 0.0 ], [ 17.533908731659523, 54.784591911113324, 0.0 ], [ 17.534237956395444, 54.784658429334506, 0.0 ], [ 17.534725332409408, 54.784822790107, 0.0 ], [ 17.535218404487896, 54.784981378387556, 0.0 ], [ 17.535716964847317, 54.785134128667167, 0.0 ], [ 17.536220808770288, 54.78528097637561, 0.0 ], [ 17.53672972666898, 54.785421862280849, 0.0 ], [ 17.537243505867572, 54.785556726217592, 0.0 ], [ 17.537761935040322, 54.785685513434004, 0.0 ], [ 17.538284798154365, 54.78580817002377, 0.0 ], [ 17.538423870726991, 54.785840412966614, 0.0 ], [ 17.53898357907492, 54.785966804483934, 0.0 ], [ 17.539547430595853, 54.78608688974451, 0.0 ], [ 17.540115212000902, 54.786200623870762, 0.0 ], [ 17.540686709895372, 54.786307964684667, 0.0 ], [ 17.541261709321198, 54.786408869993004, 0.0 ], [ 17.541839993563308, 54.786503302979582, 0.0 ], [ 17.542421342756835, 54.786591227693172, 0.0 ], [ 17.543005538520173, 54.786672610002498, 0.0 ], [ 17.543592359161238, 54.786747421134805, 0.0 ], [ 17.544181586124214, 54.786815631460051, 0.0 ], [ 17.544772994466118, 54.786877215770886, 0.0 ], [ 17.545366360729293, 54.786932150680087, 0.0 ], [ 17.545961462941889, 54.7869804146207, 0.0 ], [ 17.546558075856577, 54.787021990485883, 0.0 ], [ 17.54715597260299, 54.787056862951893, 0.0 ], [ 17.547754930940368, 54.787085017653858, 0.0 ], [ 17.548354722244213, 54.787106444650007, 0.0 ], [ 17.548955120933591, 54.787121135837651, 0.0 ], [ 17.549555899806524, 54.787129084897146, 0.0 ], [ 17.550156833054199, 54.787130290025232, 0.0 ], [ 17.550757693312235, 54.787124749404498, 0.0 ], [ 17.55135825302338, 54.787112466613927, 0.0 ], [ 17.55195828774097, 54.787093445274188, 0.0 ], [ 17.55255756974875, 54.78706769346644, 0.0 ], [ 17.553155871332056, 54.787035219276419, 0.0 ], [ 17.553752970805771, 54.786996036260298, 0.0 ], [ 17.554348638648293, 54.786950159683379, 0.0 ], [ 17.554942651529117, 54.786897605788049, 0.0 ], [ 17.555534785993121, 54.786838394415675, 0.0 ], [ 17.55612481849327, 54.78677254810794, 0.0 ], [ 17.55661646957163, 54.786828702272523, 0.0 ], [ 17.557514288955428, 54.786906474788545, 0.0 ], [ 17.558014428145245, 54.786945492307098, 0.0 ], [ 17.558592763164896, 54.786987423687208, 0.0 ], [ 17.559172356917475, 54.787023082071556, 0.0 ], [ 17.559753007336671, 54.787052455155596, 0.0 ], [ 17.560334507592881, 54.787075533279207, 0.0 ], [ 17.560916653932615, 54.787092307721714, 0.0 ], [ 17.561499244060041, 54.78710277248075, 0.0 ], [ 17.562404961964539, 54.787114129261113, 0.0 ], [ 17.562681242151793, 54.787113696849389, 0.0 ], [ 17.563297206312328, 54.787139444511048, 0.0 ], [ 17.564028977866361, 54.787189411534229, 0.0 ], [ 17.564567144166283, 54.78722342006747, 0.0 ], [ 17.565106331558315, 54.787251506431907, 0.0 ], [ 17.565646347239245, 54.787273661143693, 0.0 ], [ 17.566186995293975, 54.787289874685555, 0.0 ], [ 17.566728078060116, 54.78730014291731, 0.0 ], [ 17.567269402571181, 54.787304460858692, 0.0 ], [ 17.568133739094254, 54.787403096028278, 0.0 ], [ 17.569601049807495, 54.787520366597093, 0.0 ], [ 17.571437455835355, 54.78780085005539, 0.0 ], [ 17.571852666633479, 54.787852919810291, 0.0 ], [ 17.572320296732794, 54.78794816000142, 0.0 ], [ 17.572790904932649, 54.788038369134291, 0.0 ], [ 17.573264332014247, 54.788123513836808, 0.0 ], [ 17.57374041231202, 54.788203566956454, 0.0 ], [ 17.574218981773956, 54.788278499564257, 0.0 ], [ 17.574699876217046, 54.788348286328159, 0.0 ], [ 17.575182931390863, 54.78841290371588, 0.0 ], [ 17.576178687467984, 54.788543778812247, 0.0 ], [ 17.578026011631049, 54.788752801422099, 0.0 ], [ 17.578726802677743, 54.788814702398128, 0.0 ], [ 17.5796455838552, 54.788889672017824, 0.0 ], [ 17.580901808263754, 54.788977147160217, 0.0 ], [ 17.582663585186268, 54.789049737676606, 0.0 ], [ 17.584149415303123, 54.789215690270872, 0.0 ], [ 17.585567887947192, 54.789323896279555, 0.0 ], [ 17.586820018613885, 54.789472144881145, 0.0 ], [ 17.587008736916193, 54.789497669218918, 0.0 ], [ 17.587965388088101, 54.789606671126116, 0.0 ], [ 17.588482939352645, 54.789683551697067, 0.0 ], [ 17.589002872198609, 54.789754867548332, 0.0 ], [ 17.589525006810682, 54.789820594084361, 0.0 ], [ 17.590049163306617, 54.789880708509905, 0.0 ], [ 17.590575161737615, 54.789935189830047, 0.0 ], [ 17.591102820533429, 54.789984018832051, 0.0 ], [ 17.591631958026731, 54.790027179002365, 0.0 ], [ 17.592162389343148, 54.790064656490379, 0.0 ], [ 17.592693935826322, 54.790096437520774, 0.0 ], [ 17.59307384424163, 54.790166063052681, 0.0 ], [ 17.593406234738264, 54.790222176037034, 0.0 ], [ 17.593787677050731, 54.790285238870972, 0.0 ], [ 17.593873830509388, 54.790304605526117, 0.0 ], [ 17.594305810949603, 54.79041834477372, 0.0 ], [ 17.594830608645225, 54.790553153767299, 0.0 ], [ 17.595359626520477, 54.79068233912065, 0.0 ], [ 17.595892685428332, 54.790805857351231, 0.0 ], [ 17.596429601548177, 54.790923664925138, 0.0 ], [ 17.59697019397526, 54.79103572373937, 0.0 ], [ 17.597514275638911, 54.791141993824446, 0.0 ], [ 17.598061663971372, 54.791242439761128, 0.0 ], [ 17.598612168591057, 54.791337026942081, 0.0 ], [ 17.599165605237474, 54.791425723530928, 0.0 ], [ 17.599947989893945, 54.791546624350076, 0.0 ], [ 17.601006706791598, 54.791698775322295, 0.0 ], [ 17.601321244355184, 54.791739368971605, 0.0 ], [ 17.601444857901988, 54.79176036943295, 0.0 ], [ 17.602885805924171, 54.791983615610256, 0.0 ], [ 17.603764584659835, 54.792106784725924, 0.0 ], [ 17.604121188487387, 54.792155480742437, 0.0 ], [ 17.604534210371625, 54.792208691332007, 0.0 ], [ 17.605819828806133, 54.792369015872218, 0.0 ], [ 17.607343805863227, 54.792536186699628, 0.0 ], [ 17.608260333498965, 54.792615015160834, 0.0 ], [ 17.609066282097473, 54.792677253172585, 0.0 ], [ 17.610034601042802, 54.79276268631083, 0.0 ], [ 17.610173471494555, 54.792772796322389, 0.0 ], [ 17.611387070356379, 54.792957701694291, 0.0 ], [ 17.612513335732469, 54.793094753994112, 0.0 ], [ 17.61314173740185, 54.793164229481384, 0.0 ], [ 17.613822041632531, 54.793234060024915, 0.0 ], [ 17.614305486437125, 54.793306788313956, 0.0 ], [ 17.615243156210234, 54.793422622381726, 0.0 ], [ 17.615727706266576, 54.793540230895545, 0.0 ], [ 17.616215907989755, 54.793652684504238, 0.0 ], [ 17.616707599144803, 54.793759945354111, 0.0 ], [ 17.617202614318426, 54.793861977355654, 0.0 ], [ 17.617700786474547, 54.793958746201326, 0.0 ], [ 17.618201946954581, 54.79405021936573, 0.0 ], [ 17.618705927033105, 54.794136366123311, 0.0 ], [ 17.618809286122897, 54.7941541190444, 0.0 ], [ 17.620643701062953, 54.794583345845069, 0.0 ], [ 17.621011168752059, 54.794660030322781, 0.0 ], [ 17.621306065953434, 54.794720362871466, 0.0 ], [ 17.621598422838844, 54.79478591707101, 0.0 ], [ 17.622102487034013, 54.794896046566073, 0.0 ], [ 17.622889308585901, 54.795056574378648, 0.0 ], [ 17.623643600739967, 54.795203916897641, 0.0 ], [ 17.624730200773843, 54.79540342084038, 0.0 ], [ 17.625332110926166, 54.795497349364176, 0.0 ], [ 17.625488021230865, 54.795527916007224, 0.0 ], [ 17.626227484615317, 54.795666662152456, 0.0 ], [ 17.626930194983554, 54.795793218679776, 0.0 ], [ 17.627690251392917, 54.795924414077618, 0.0 ], [ 17.628297838442286, 54.796020218826435, 0.0 ], [ 17.628544106279126, 54.796069282761479, 0.0 ], [ 17.629435759776825, 54.796237184713249, 0.0 ], [ 17.629987093430923, 54.796360121911633, 0.0 ], [ 17.630542457250112, 54.796476849327256, 0.0 ], [ 17.631101640873997, 54.796587323177882, 0.0 ], [ 17.631664435428423, 54.796691501499659, 0.0 ], [ 17.632230625718474, 54.796789344958064, 0.0 ], [ 17.632800001116923, 54.796880816970955, 0.0 ], [ 17.633372343151489, 54.796965882669539, 0.0 ], [ 17.633947439474046, 54.797044509954993, 0.0 ], [ 17.63452507144773, 54.797116668459651, 0.0 ], [ 17.635105020278363, 54.797182332313156, 0.0 ], [ 17.635687068691659, 54.79724147656534, 0.0 ], [ 17.636270996236973, 54.797294078032515, 0.0 ], [ 17.636805092205833, 54.797397782161163, 0.0 ], [ 17.637342477507854, 54.797495651111994, 0.0 ], [ 17.637882963286344, 54.797587649458727, 0.0 ], [ 17.638426354335415, 54.797673745303108, 0.0 ], [ 17.638972460109553, 54.797753906802413, 0.0 ], [ 17.639521085240119, 54.797828106558235, 0.0 ], [ 17.640072034323005, 54.797896318074265, 0.0 ], [ 17.640625113444287, 54.797958516672225, 0.0 ], [ 17.641180123928518, 54.798014680321117, 0.0 ], [ 17.641736868561157, 54.798064789706878, 0.0 ], [ 17.64229515009378, 54.798108826417682, 0.0 ], [ 17.64285476962872, 54.798146774723826, 0.0 ], [ 17.643415529760595, 54.798178620714033, 0.0 ], [ 17.644549359954333, 54.798238582891983, 0.0 ], [ 17.645955398416223, 54.798332332465897, 0.0 ], [ 17.646359703132852, 54.79836045268685, 0.0 ], [ 17.646687908943314, 54.798392262945981, 0.0 ], [ 17.646991065985905, 54.798451675403712, 0.0 ], [ 17.64748568685318, 54.798564136771027, 0.0 ], [ 17.649259551625406, 54.798906510960656, 0.0 ], [ 17.649967259904233, 54.799029568107635, 0.0 ], [ 17.650067210762934, 54.799046841866748, 0.0 ], [ 17.650604072852783, 54.799136033264823, 0.0 ], [ 17.65084911483806, 54.79917536989025, 0.0 ], [ 17.651149576354747, 54.799222669801821, 0.0 ], [ 17.651517012064847, 54.799297607597012, 0.0 ], [ 17.65201548746462, 54.799405229462785, 0.0 ], [ 17.652167412549773, 54.799437768907154, 0.0 ], [ 17.65241442860594, 54.79948957127916, 0.0 ], [ 17.653146482237041, 54.799641068149889, 0.0 ], [ 17.654629624544114, 54.799923929937073, 0.0 ], [ 17.655374315523286, 54.800054068486105, 0.0 ], [ 17.655518067959829, 54.800078970325607, 0.0 ], [ 17.656423226390299, 54.80022294514238, 0.0 ], [ 17.656967307787536, 54.800330509352996, 0.0 ], [ 17.65751488027977, 54.800431990969471, 0.0 ], [ 17.658065740995898, 54.800527353539664, 0.0 ], [ 17.658619683976333, 54.800616559681679, 0.0 ], [ 17.659176503105943, 54.80069957651056, 0.0 ], [ 17.659735990588707, 54.800776374722481, 0.0 ], [ 17.660297940208121, 54.800846924135662, 0.0 ], [ 17.660862140926689, 54.800911199013953, 0.0 ], [ 17.6614283831981, 54.800969175439477, 0.0 ], [ 17.661996457412073, 54.801020831295475, 0.0 ], [ 17.662566150694449, 54.801066148928271, 0.0 ], [ 17.663137251752726, 54.801105109806372, 0.0 ], [ 17.663709547587157, 54.801137699878687, 0.0 ], [ 17.664020001904976, 54.80119058249894, 0.0 ], [ 17.665102042053029, 54.801357461347187, 0.0 ], [ 17.665331289369316, 54.801412279163088, 0.0 ], [ 17.666209592351201, 54.801643514776941, 0.0 ], [ 17.666727702526092, 54.80177661257364, 0.0 ], [ 17.667250015352312, 54.801904112025632, 0.0 ], [ 17.667776350001894, 54.802025969739695, 0.0 ], [ 17.668306524083263, 54.802142142308249, 0.0 ], [ 17.668840353493806, 54.802252590802809, 0.0 ], [ 17.669377652597422, 54.802357275382079, 0.0 ], [ 17.669918235603323, 54.802456160701126, 0.0 ], [ 17.670441462958905, 54.802575282826183, 0.0 ], [ 17.670968401696918, 54.802688815443268, 0.0 ], [ 17.671498872379889, 54.802796719681034, 0.0 ], [ 17.672032697030691, 54.802898959384002, 0.0 ], [ 17.672569694495159, 54.802995500162879, 0.0 ], [ 17.673109680442497, 54.803086309394665, 0.0 ], [ 17.67365247206213, 54.803171355374992, 0.0 ], [ 17.674197884893708, 54.803250609081736, 0.0 ], [ 17.674745734383272, 54.803324044191847, 0.0 ], [ 17.675295834357357, 54.803391636165912, 0.0 ], [ 17.675847997052664, 54.803453361349433, 0.0 ], [ 17.676497566448731, 54.803522785674431, 0.0 ], [ 17.676724117543841, 54.803572031496202, 0.0 ], [ 17.67682388902843, 54.803593093869409, 0.0 ], [ 17.677295228137979, 54.803692068526111, 0.0 ], [ 17.677970940593497, 54.803849668087373, 0.0 ], [ 17.678890687548414, 54.804054451108165, 0.0 ], [ 17.680280350530701, 54.804328019624947, 0.0 ], [ 17.681766873931824, 54.804598201139235, 0.0 ], [ 17.682079287443944, 54.804653369910532, 0.0 ], [ 17.683125445381076, 54.804919077750768, 0.0 ], [ 17.684918181468557, 54.805336500300115, 0.0 ], [ 17.685143476288591, 54.805384313291611, 0.0 ], [ 17.685496872859055, 54.805474145629553, 0.0 ], [ 17.687196205968466, 54.805872000848126, 0.0 ], [ 17.688099373305782, 54.806065752194385, 0.0 ], [ 17.688593347692358, 54.806177949609378, 0.0 ], [ 17.689353802088885, 54.806366482159682, 0.0 ], [ 17.689886139686603, 54.806491510334908, 0.0 ], [ 17.690368849283118, 54.806632347469915, 0.0 ], [ 17.690856116060385, 54.806767846698321, 0.0 ], [ 17.691347767126537, 54.806897959353016, 0.0 ], [ 17.691843620217281, 54.807022637567222, 0.0 ], [ 17.692343497582733, 54.807141838020421, 0.0 ], [ 17.692847218440683, 54.807255514664952, 0.0 ], [ 17.693354597101685, 54.807363628595127, 0.0 ], [ 17.693865451038992, 54.807466139144054, 0.0 ], [ 17.695162145062859, 54.807825193469768, 0.0 ], [ 17.696993723420967, 54.808252082086774, 0.0 ], [ 17.698235884412046, 54.808515422270844, 0.0 ], [ 17.700110454638143, 54.808874255388972, 0.0 ], [ 17.700206969636138, 54.808888878675027, 0.0 ], [ 17.700643346906773, 54.808987915178562, 0.0 ], [ 17.701083566870736, 54.809081107156508, 0.0 ], [ 17.701527394386869, 54.80916840440441, 0.0 ], [ 17.701974592577724, 54.809249762096478, 0.0 ], [ 17.702424924529971, 54.809325136308772, 0.0 ], [ 17.7028781501254, 54.809394485783464, 0.0 ], [ 17.704108129594484, 54.8095905999865, 0.0 ], [ 17.705453618560352, 54.809786581702973, 0.0 ], [ 17.705576313101719, 54.809802630685382, 0.0 ], [ 17.706732420780593, 54.809952429168966, 0.0 ], [ 17.707070604012703, 54.810000761251509, 0.0 ], [ 17.707693797150935, 54.810089818876961, 0.0 ], [ 17.709082000477984, 54.810290459247881, 0.0 ], [ 17.709702948188571, 54.810376301898323, 0.0 ], [ 17.709856082980554, 54.810394393575855, 0.0 ], [ 17.71093816837719, 54.810615619735763, 0.0 ], [ 17.713025388561697, 54.811039839946133, 0.0 ], [ 17.71427750246875, 54.811305482039387, 0.0 ], [ 17.714979379524131, 54.811448794654332, 0.0 ], [ 17.716639858642225, 54.811773649883868, 0.0 ], [ 17.718055538056916, 54.812040902184783, 0.0 ], [ 17.719400437710149, 54.81224586874184, 0.0 ], [ 17.720017676670192, 54.812389575079777, 0.0 ], [ 17.721302928087013, 54.812635327832716, 0.0 ], [ 17.721524454017359, 54.812696257572043, 0.0 ], [ 17.721845356508879, 54.8127777708983, 0.0 ], [ 17.722380835521193, 54.812935494430782, 0.0 ], [ 17.723399934125794, 54.813235036388988, 0.0 ], [ 17.724481392867151, 54.813558454715931, 0.0 ], [ 17.726248203335224, 54.814046724308056, 0.0 ], [ 17.727161719066203, 54.814269098393169, 0.0 ], [ 17.72750459460989, 54.814348871688132, 0.0 ], [ 17.727894402678075, 54.814468122560534, 0.0 ], [ 17.728412645712776, 54.814623086236949, 0.0 ], [ 17.728935830181534, 54.814772409567645, 0.0 ], [ 17.729463775426861, 54.814916040254076, 0.0 ], [ 17.729996292944406, 54.815053927716157, 0.0 ], [ 17.730533197276657, 54.8151860232066, 0.0 ], [ 17.731074298204057, 54.815312280628127, 0.0 ], [ 17.731619405442085, 54.815432655683829, 0.0 ], [ 17.732007779043279, 54.815516015677169, 0.0 ], [ 17.732481582441906, 54.815666015941133, 0.0 ], [ 17.732960130650476, 54.815810909823881, 0.0 ], [ 17.733443255428949, 54.815950646968012, 0.0 ], [ 17.733930791557128, 54.816085179746779, 0.0 ], [ 17.734422570666244, 54.816214461401906, 0.0 ], [ 17.734918424323521, 54.816338446974697, 0.0 ], [ 17.735418180891877, 54.816457094172513, 0.0 ], [ 17.735921667114546, 54.816570362486303, 0.0 ], [ 17.736428709699659, 54.816678212308268, 0.0 ], [ 17.738493977228288, 54.817108156226467, 0.0 ], [ 17.739104682134592, 54.817229331087781, 0.0 ], [ 17.73977258083389, 54.817382270850189, 0.0 ], [ 17.740538446223344, 54.817550934041144, 0.0 ], [ 17.740676181545613, 54.817579861266616, 0.0 ], [ 17.741947052412971, 54.81784480064676, 0.0 ], [ 17.743274644413006, 54.818102208435448, 0.0 ], [ 17.744003513918084, 54.818233064060927, 0.0 ], [ 17.744771740765891, 54.818387096061713, 0.0 ], [ 17.746151221560943, 54.818643059718887, 0.0 ], [ 17.746429833174904, 54.818685251271482, 0.0 ], [ 17.748143089105984, 54.819083618782813, 0.0 ], [ 17.749615008202262, 54.819371041835758, 0.0 ], [ 17.750605632457336, 54.819548690676868, 0.0 ], [ 17.751120908879439, 54.819672724029964, 0.0 ], [ 17.751640588951243, 54.819790474131594, 0.0 ], [ 17.752164443674978, 54.819901888227768, 0.0 ], [ 17.752692239208052, 54.82000691891237, 0.0 ], [ 17.75322374481199, 54.820105518814877, 0.0 ], [ 17.753758723403458, 54.820197644099302, 0.0 ], [ 17.754296939364615, 54.820283253645691, 0.0 ], [ 17.754838155375428, 54.820362310815604, 0.0 ], [ 17.75605323949171, 54.820538678801377, 0.0 ], [ 17.757318234220403, 54.820721817942619, 0.0 ], [ 17.757902104827927, 54.820802894709558, 0.0 ], [ 17.758488575451491, 54.820877450459591, 0.0 ], [ 17.759077430248524, 54.820945457777732, 0.0 ], [ 17.759668450175372, 54.82100689191742, 0.0 ], [ 17.760261413042919, 54.82106172900302, 0.0 ], [ 17.760983521411227, 54.821124387653057, 0.0 ], [ 17.761737453697375, 54.82120350296055, 0.0 ], [ 17.762104242688995, 54.821240683715537, 0.0 ], [ 17.763425344380583, 54.821369894335071, 0.0 ], [ 17.763650823460377, 54.821391455153083, 0.0 ], [ 17.76415294015656, 54.821429699660577, 0.0 ], [ 17.765324235383645, 54.821649104420871, 0.0 ], [ 17.765878048314505, 54.821749521597518, 0.0 ], [ 17.766435009211087, 54.821843956554069, 0.0 ], [ 17.766994924219485, 54.821932376713164, 0.0 ], [ 17.767557600953918, 54.822014752212745, 0.0 ], [ 17.768122840796803, 54.822091053130904, 0.0 ], [ 17.768690448101125, 54.822161254074416, 0.0 ], [ 17.76926022410187, 54.822225329621951, 0.0 ], [ 17.769831973032936, 54.822283257982228, 0.0 ], [ 17.770405494427035, 54.822335018219029, 0.0 ], [ 17.77098058923297, 54.822380593909052, 0.0 ], [ 17.77174786630162, 54.822437192545763, 0.0 ], [ 17.772393577357864, 54.822497527542382, 0.0 ], [ 17.772514621300758, 54.822509736627431, 0.0 ], [ 17.772802532009681, 54.822551807638263, 0.0 ], [ 17.773307603107664, 54.822623024104431, 0.0 ], [ 17.773814664209603, 54.822689359869962, 0.0 ], [ 17.774323574070358, 54.822750794605604, 0.0 ], [ 17.774834191305416, 54.822807312477984, 0.0 ], [ 17.775346374527352, 54.822858897655991, 0.0 ], [ 17.775859977649194, 54.822905535162477, 0.0 ], [ 17.776069285950818, 54.822924692793954, 0.0 ], [ 17.777876455187901, 54.823125147890366, 0.0 ], [ 17.778593646750142, 54.823187133184433, 0.0 ], [ 17.779156866414066, 54.823231942796731, 0.0 ], [ 17.779408400083661, 54.823258723971129, 0.0 ], [ 17.780468414570677, 54.823385003195085, 0.0 ], [ 17.78067239459482, 54.823420490017966, 0.0 ], [ 17.781217043130859, 54.82351212512382, 0.0 ], [ 17.781764493789201, 54.823598014273109, 0.0 ], [ 17.78231456821592, 54.823678126871854, 0.0 ], [ 17.78286708010663, 54.823752437643506, 0.0 ], [ 17.783421846265096, 54.823820921345884, 0.0 ], [ 17.783978684992913, 54.823883554553049, 0.0 ], [ 17.7845374082261, 54.823940318273607, 0.0 ], [ 17.786137258213159, 54.824094176391668, 0.0 ], [ 17.786288417130301, 54.824108491525784, 0.0 ], [ 17.787584935999597, 54.824213281583745, 0.0 ], [ 17.788905219889454, 54.824303682430553, 0.0 ], [ 17.789568236865204, 54.824344922632449, 0.0 ], [ 17.790475858964395, 54.824387974634497, 0.0 ], [ 17.791901606775454, 54.824443483777749, 0.0 ], [ 17.79293360141644, 54.824487192345231, 0.0 ], [ 17.794004842662481, 54.824539827992083, 0.0 ], [ 17.79515767264747, 54.824732915410415, 0.0 ], [ 17.79671342300523, 54.824968495387189, 0.0 ], [ 17.797799518417243, 54.825115745338266, 0.0 ], [ 17.799160574039337, 54.825308876970752, 0.0 ], [ 17.799693449673327, 54.825381623836648, 0.0 ], [ 17.800705673145202, 54.825504218964028, 0.0 ], [ 17.802057719829833, 54.825654466939483, 0.0 ], [ 17.80278541253708, 54.825753458623105, 0.0 ], [ 17.803320417808553, 54.825823367852543, 0.0 ], [ 17.80385747335616, 54.825887822681707, 0.0 ], [ 17.804396416027938, 54.825946804396587, 0.0 ], [ 17.804937074938117, 54.82600029241182, 0.0 ], [ 17.805479282151502, 54.826048271568069, 0.0 ], [ 17.806022871313115, 54.826090725825516, 0.0 ], [ 17.806567672819298, 54.826127643610278, 0.0 ], [ 17.806890897492313, 54.826147880409721, 0.0 ], [ 17.807037668647233, 54.826163528941507, 0.0 ], [ 17.807737073638794, 54.826233348529655, 0.0 ], [ 17.80890340645626, 54.826328849716866, 0.0 ], [ 17.809684997052646, 54.826384155313477, 0.0 ], [ 17.81025021944383, 54.826435749593912, 0.0 ], [ 17.811516659237569, 54.826645300350286, 0.0 ], [ 17.812223960358828, 54.826757140341599, 0.0 ], [ 17.813061697977403, 54.826883495743097, 0.0 ], [ 17.820928871288999, 54.80948947700481, 0.0 ], [ 17.820091467476537, 54.809363177163291, 0.0 ], [ 17.818647213733808, 54.809124214635929, 0.0 ], [ 17.817265258555668, 54.808904912547561, 0.0 ], [ 17.815866766711149, 54.808747720838433, 0.0 ], [ 17.814009708419885, 54.808578213069353, 0.0 ], [ 17.812689865062232, 54.808484826468174, 0.0 ], [ 17.811400950405801, 54.808347399340228, 0.0 ], [ 17.809923153401002, 54.808254888001478, 0.0 ], [ 17.808570643933251, 54.808070902972638, 0.0 ], [ 17.806588513671077, 54.807850648530028, 0.0 ], [ 17.805071317417291, 54.807635368152674, 0.0 ], [ 17.80382856684847, 54.807466886476952, 0.0 ], [ 17.802421911247432, 54.807231295601298, 0.0 ], [ 17.801221882998107, 54.807013723756164, 0.0 ], [ 17.800674810520707, 54.806926788634129, 0.0 ], [ 17.7987855785737, 54.806707771926121, 0.0 ], [ 17.797223137706375, 54.806655536548043, 0.0 ], [ 17.795391670784216, 54.806565553312971, 0.0 ], [ 17.794086950920374, 54.806510297460761, 0.0 ], [ 17.7925700352679, 54.806451242619922, 0.0 ], [ 17.791250324163865, 54.806360884220553, 0.0 ], [ 17.789651153451697, 54.806207096435145, 0.0 ], [ 17.788161321979775, 54.805947908936069, 0.0 ], [ 17.78685051952014, 54.805789358567765, 0.0 ], [ 17.785375473739844, 54.805613641454919, 0.0 ], [ 17.78410534727146, 54.805478410220459, 0.0 ], [ 17.782841917313458, 54.805377899489002, 0.0 ], [ 17.781709638397771, 54.805232765471402, 0.0 ], [ 17.780437886000776, 54.805123573136306, 0.0 ], [ 17.779019068473783, 54.80491624708602, 0.0 ], [ 17.777557199563905, 54.804768811331535, 0.0 ], [ 17.776604679926066, 54.804679811297213, 0.0 ], [ 17.776164058775922, 54.804639479227646, 0.0 ], [ 17.774924512043587, 54.804548049336574, 0.0 ], [ 17.773759457801599, 54.804329894247445, 0.0 ], [ 17.772547606199847, 54.804053352926061, 0.0 ], [ 17.771218840133862, 54.803828622194487, 0.0 ], [ 17.769948080099738, 54.803691391021538, 0.0 ], [ 17.768622287678102, 54.803644814308015, 0.0 ], [ 17.76730174598864, 54.803515662723733, 0.0 ], [ 17.766079231955406, 54.803387377527024, 0.0 ], [ 17.764886175427545, 54.80328385986067, 0.0 ], [ 17.763630675308239, 54.803102104189989, 0.0 ], [ 17.762425067052149, 54.802927116681381, 0.0 ], [ 17.761217780694032, 54.802598121779461, 0.0 ], [ 17.759936595589753, 54.802397995335134, 0.0 ], [ 17.758844734342183, 54.802202202039894, 0.0 ], [ 17.757711390850581, 54.801863985123404, 0.0 ], [ 17.757402323186867, 54.801799663668866, 0.0 ], [ 17.756411122206416, 54.801593394113453, 0.0 ], [ 17.754978650380203, 54.801403827279124, 0.0 ], [ 17.753728864167776, 54.801153253614906, 0.0 ], [ 17.752513249148553, 54.800935024932699, 0.0 ], [ 17.751242836423327, 54.800670197830463, 0.0 ], [ 17.749749717465502, 54.800328311851139, 0.0 ], [ 17.749046504340384, 54.80019557946995, 0.0 ], [ 17.746981981739506, 54.7997658178002, 0.0 ], [ 17.746609944873626, 54.799623375592198, 0.0 ], [ 17.746088054744206, 54.799423553293423, 0.0 ], [ 17.745073257208482, 54.7991205660106, 0.0 ], [ 17.743861702535266, 54.79888191046016, 0.0 ], [ 17.74245994782877, 54.798581066592938, 0.0 ], [ 17.741097161133787, 54.798164199982459, 0.0 ], [ 17.740075247517758, 54.797892724890076, 0.0 ], [ 17.738789046102678, 54.797593505465549, 0.0 ], [ 17.737610482446918, 54.79724108622792, 0.0 ], [ 17.736505665061088, 54.79691638838996, 0.0 ], [ 17.735187931388161, 54.796528283239127, 0.0 ], [ 17.734058942336265, 54.796241538871413, 0.0 ], [ 17.733006987918582, 54.795928198865859, 0.0 ], [ 17.731868975932898, 54.795642366386069, 0.0 ], [ 17.730729193577822, 54.795510672411794, 0.0 ], [ 17.729456668358242, 54.795178027656668, 0.0 ], [ 17.728009033168846, 54.794953222916433, 0.0 ], [ 17.726893410227593, 54.794803750362973, 0.0 ], [ 17.726657297372963, 54.794754480796428, 0.0 ], [ 17.724998128278791, 54.794428581090884, 0.0 ], [ 17.723553450161084, 54.794122102517058, 0.0 ], [ 17.721293150912611, 54.793662753187178, 0.0 ], [ 17.718037411758775, 54.792997092636305, 0.0 ], [ 17.716634224315936, 54.792850594590433, 0.0 ], [ 17.715206080059787, 54.792644189502084, 0.0 ], [ 17.714543298569993, 54.792549478530759, 0.0 ], [ 17.713874743318748, 54.792453932261644, 0.0 ], [ 17.712386624338883, 54.79226112461928, 0.0 ], [ 17.711157128309289, 54.792065096343684, 0.0 ], [ 17.709854919537758, 54.791740098458192, 0.0 ], [ 17.708955229683792, 54.791638438630592, 0.0 ], [ 17.707713596462593, 54.791375227795093, 0.0 ], [ 17.706630383529522, 54.791040012900311, 0.0 ], [ 17.706337310898956, 54.7909493212873, 0.0 ], [ 17.705159847385275, 54.790688216568881, 0.0 ], [ 17.703983177649199, 54.790469639650176, 0.0 ], [ 17.702799291989404, 54.790106852159568, 0.0 ], [ 17.702156335662885, 54.789964130828487, 0.0 ], [ 17.701623491633736, 54.789845842089129, 0.0 ], [ 17.700423088207888, 54.789548259052239, 0.0 ], [ 17.699207571017283, 54.789272196264839, 0.0 ], [ 17.698026879665328, 54.78901892818255, 0.0 ] ] ] ] } }
]
}
